run_id,run_kind,run_status,run_started_at,run_finished_at,run_counts,requested_at,method,url,http_status,outcome,duration_ms
1,measure,succeeded,2026-09-29T12:39:36.562Z,2026-09-29T12:39:36.883Z,"{""rows"": 24}",2026-09-29T12:39:36.572Z,http_post,https://api.divar.ir/v8/postlist/w/search,200,ok,287
2,measure,succeeded,2026-09-29T12:39:37.558Z,2026-09-29T12:39:39.939Z,"{""rows"": 24}",2026-09-29T12:39:39.878Z,http_post,https://api.divar.ir/v8/postlist/w/search,200,ok,50
3,measure,succeeded,2026-09-29T12:39:39.977Z,2026-09-29T12:39:43.032Z,"{""rows"": 24}",2026-09-29T12:39:42.944Z,http_post,https://api.divar.ir/v8/postlist/w/search,200,ok,69
4,measure,succeeded,2026-09-29T12:39:43.053Z,2026-09-29T12:39:46.111Z,"{""rows"": 24}",2026-09-29T12:39:46.033Z,http_post,https://api.divar.ir/v8/postlist/w/search,200,ok,63
5,measure,succeeded,2026-09-29T12:39:46.138Z,2026-09-29T12:39:49.174Z,"{""rows"": 24}",2026-09-29T12:39:49.113Z,http_post,https://api.divar.ir/v8/postlist/w/search,200,ok,50
6,measure,succeeded,2026-09-29T12:39:49.192Z,2026-09-29T12:39:52.271Z,"{""rows"": 24}",2026-09-29T12:39:52.179Z,http_post,https://api.divar.ir/v8/postlist/w/search,200,ok,66
7,measure,succeeded,2026-09-29T12:39:52.290Z,2026-09-29T12:39:55.340Z,"{""rows"": 24}",2026-09-29T12:39:55.267Z,http_post,https://api.divar.ir/v8/postlist/w/search,200,ok,61
8,measure,succeeded,2026-09-29T12:39:55.352Z,2026-09-29T12:39:58.414Z,"{""rows"": 24}",2026-09-29T12:39:58.343Z,http_post,https://api.divar.ir/v8/postlist/w/search,200,ok,51
9,measure,succeeded,2026-09-29T12:39:58.442Z,2026-09-29T12:40:01.512Z,"{""rows"": 23}",2026-09-29T12:40:01.416Z,http_post,https://api.divar.ir/v8/postlist/w/search,200,ok,75
10,measure,succeeded,2026-09-29T12:40:01.529Z,2026-09-29T12:40:04.613Z,"{""rows"": 23}",2026-09-29T12:40:04.515Z,http_post,https://api.divar.ir/v8/postlist/w/search,200,ok,71
11,measure,succeeded,2026-09-29T12:40:04.661Z,2026-09-29T12:40:07.797Z,"{""rows"": 24}",2026-09-29T12:40:07.610Z,http_post,https://api.divar.ir/v8/postlist/w/search,200,ok,155
12,measure,succeeded,2026-09-29T12:40:07.841Z,2026-09-29T12:40:10.896Z,"{""rows"": 17}",2026-09-29T12:40:10.788Z,http_post,https://api.divar.ir/v8/postlist/w/search,200,ok,87
13,measure,succeeded,2026-09-29T12:40:10.929Z,2026-09-29T12:40:13.996Z,"{""rows"": 3}",2026-09-29T12:40:13.897Z,http_post,https://api.divar.ir/v8/postlist/w/search,200,ok,81
14,measure,succeeded,2026-09-29T12:40:14.029Z,2026-09-29T12:40:17.102Z,"{""rows"": 1}",2026-09-29T12:40:16.997Z,http_post,https://api.divar.ir/v8/postlist/w/search,200,ok,89
15,measure,succeeded,2026-09-29T12:40:17.145Z,2026-09-29T12:40:20.209Z,"{""rows"": 24}",2026-09-29T12:40:20.108Z,http_post,https://api.divar.ir/v8/postlist/w/search,200,ok,83
16,measure,succeeded,2026-09-29T12:40:20.230Z,2026-09-29T12:40:23.276Z,"{""rows"": 2}",2026-09-29T12:40:23.212Z,http_post,https://api.divar.ir/v8/postlist/w/search,200,ok,45
17,measure,succeeded,2026-09-29T12:40:23.307Z,2026-09-29T12:40:26.360Z,"{""rows"": 23}",2026-09-29T12:40:26.278Z,http_post,https://api.divar.ir/v8/postlist/w/search,200,ok,61
18,measure,succeeded,2026-09-29T12:40:26.493Z,2026-09-29T12:40:29.448Z,"{""rows"": 24}",2026-09-29T12:40:29.363Z,http_post,https://api.divar.ir/v8/postlist/w/search,200,ok,64
19,measure,succeeded,2026-09-29T12:40:29.505Z,2026-09-29T12:40:32.516Z,"{""rows"": 17}",2026-09-29T12:40:32.447Z,http_post,https://api.divar.ir/v8/postlist/w/search,200,ok,49
20,measure,succeeded,2026-09-29T12:40:32.541Z,2026-09-29T12:40:35.610Z,"{""rows"": 11}",2026-09-29T12:40:35.517Z,http_post,https://api.divar.ir/v8/postlist/w/search,200,ok,71
21,measure,succeeded,2026-09-29T12:40:35.632Z,2026-09-29T12:40:38.678Z,"{""rows"": 24}",2026-09-29T12:40:38.608Z,http_post,https://api.divar.ir/v8/postlist/w/search,200,ok,54
22,measure,succeeded,2026-09-29T12:40:38.701Z,2026-09-29T12:40:41.798Z,"{""rows"": 6}",2026-09-29T12:40:41.680Z,http_post,https://api.divar.ir/v8/postlist/w/search,200,ok,99
23,measure,succeeded,2026-09-29T12:40:41.822Z,2026-09-29T12:40:44.886Z,"{""rows"": 23}",2026-09-29T12:40:44.799Z,http_post,https://api.divar.ir/v8/postlist/w/search,200,ok,66
24,measure,succeeded,2026-09-29T12:40:44.916Z,2026-09-29T12:40:47.955Z,"{""rows"": 24}",2026-09-29T12:40:47.885Z,http_post,https://api.divar.ir/v8/postlist/w/search,200,ok,61
25,measure,succeeded,2026-09-29T12:40:47.970Z,2026-09-29T12:40:51.050Z,"{""rows"": 24}",2026-09-29T12:40:50.960Z,http_post,https://api.divar.ir/v8/postlist/w/search,200,ok,69
26,measure,succeeded,2026-09-29T12:40:51.071Z,2026-09-29T12:40:54.101Z,"{""rows"": 2}",2026-09-29T12:40:54.050Z,http_post,https://api.divar.ir/v8/postlist/w/search,200,ok,42
27,measure,succeeded,2026-09-29T12:40:54.123Z,2026-09-29T12:40:57.161Z,"{""rows"": 24}",2026-09-29T12:40:57.106Z,http_post,https://api.divar.ir/v8/postlist/w/search,200,ok,43
28,measure,succeeded,2026-09-29T12:40:57.178Z,2026-09-29T12:41:00.221Z,"{""rows"": 0}",2026-09-29T12:41:00.166Z,http_post,https://api.divar.ir/v8/postlist/w/search,200,ok,43
29,measure,succeeded,2026-09-29T12:41:00.250Z,2026-09-29T12:41:03.301Z,"{""rows"": 24}",2026-09-29T12:41:03.227Z,http_post,https://api.divar.ir/v8/postlist/w/search,200,ok,54
30,measure,succeeded,2026-09-29T12:41:03.328Z,2026-09-29T12:41:06.391Z,"{""rows"": 24}",2026-09-29T12:41:06.302Z,http_post,https://api.divar.ir/v8/postlist/w/search,200,ok,79
31,measure,succeeded,2026-09-29T12:41:06.406Z,2026-09-29T12:41:09.505Z,"{""rows"": 24}",2026-09-29T12:41:09.399Z,http_post,https://api.divar.ir/v8/postlist/w/search,200,ok,82
32,measure,succeeded,2026-09-29T12:41:09.542Z,2026-09-29T12:41:12.563Z,"{""rows"": 23}",2026-09-29T12:41:12.503Z,http_post,https://api.divar.ir/v8/postlist/w/search,200,ok,50
33,measure,succeeded,2026-09-29T12:41:12.572Z,2026-09-29T12:41:15.640Z,"{""rows"": 23}",2026-09-29T12:41:15.570Z,http_post,https://api.divar.ir/v8/postlist/w/search,200,ok,55
34,measure,succeeded,2026-09-29T12:41:15.692Z,2026-09-29T12:41:18.708Z,"{""rows"": 6}",2026-09-29T12:41:18.647Z,http_post,https://api.divar.ir/v8/postlist/w/search,200,ok,44
35,measure,succeeded,2026-09-29T12:46:59.026Z,2026-09-29T12:46:59.335Z,"{""rows"": 24}",2026-09-29T12:46:59.057Z,http_post,https://api.divar.ir/v8/postlist/w/search,200,ok,252
36,measure,succeeded,2026-09-29T12:47:00.007Z,2026-09-29T12:47:02.424Z,"{""rows"": 24}",2026-09-29T12:47:02.331Z,http_post,https://api.divar.ir/v8/postlist/w/search,200,ok,71
37,measure,succeeded,2026-09-29T12:47:02.443Z,2026-09-29T12:47:05.544Z,"{""rows"": 24}",2026-09-29T12:47:05.424Z,http_post,https://api.divar.ir/v8/postlist/w/search,200,ok,95
38,measure,succeeded,2026-09-29T12:47:05.633Z,2026-09-29T12:47:08.608Z,"{""rows"": 5}",2026-09-29T12:47:08.541Z,http_post,https://api.divar.ir/v8/postlist/w/search,200,ok,54
39,measure,succeeded,2026-09-29T12:47:08.624Z,2026-09-29T12:47:11.708Z,"{""rows"": 24}",2026-09-29T12:47:11.613Z,http_post,https://api.divar.ir/v8/postlist/w/search,200,ok,67
40,measure,succeeded,2026-09-29T12:47:11.743Z,2026-09-29T12:47:14.789Z,"{""rows"": 1}",2026-09-29T12:47:14.704Z,http_post,https://api.divar.ir/v8/postlist/w/search,200,ok,73
41,measure,succeeded,2026-09-29T12:47:14.811Z,2026-09-29T12:47:17.878Z,"{""rows"": 24}",2026-09-29T12:47:17.795Z,http_post,https://api.divar.ir/v8/postlist/w/search,200,ok,62
42,measure,succeeded,2026-09-29T12:47:17.919Z,2026-09-29T12:47:20.954Z,"{""rows"": 24}",2026-09-29T12:47:20.881Z,http_post,https://api.divar.ir/v8/postlist/w/search,200,ok,51
43,measure,succeeded,2026-09-29T12:47:20.990Z,2026-09-29T12:47:24.043Z,"{""rows"": 24}",2026-09-29T12:47:23.955Z,http_post,https://api.divar.ir/v8/postlist/w/search,200,ok,63
44,measure,succeeded,2026-09-29T12:47:24.083Z,2026-09-29T12:47:27.122Z,"{""rows"": 23}",2026-09-29T12:47:27.042Z,http_post,https://api.divar.ir/v8/postlist/w/search,200,ok,62
45,measure,succeeded,2026-09-29T12:47:27.142Z,2026-09-29T12:47:30.223Z,"{""rows"": 24}",2026-09-29T12:47:30.124Z,http_post,https://api.divar.ir/v8/postlist/w/search,200,ok,73
46,measure,succeeded,2026-09-29T12:47:30.304Z,2026-09-29T12:47:33.320Z,"{""rows"": 24}",2026-09-29T12:47:33.222Z,http_post,https://api.divar.ir/v8/postlist/w/search,200,ok,77
47,measure,succeeded,2026-09-29T12:47:33.363Z,2026-09-29T12:47:36.396Z,"{""rows"": 0}",2026-09-29T12:47:36.319Z,http_post,https://api.divar.ir/v8/postlist/w/search,200,ok,64
48,measure,succeeded,2026-09-29T12:47:36.421Z,2026-09-29T12:47:39.479Z,"{""rows"": 24}",2026-09-29T12:47:39.398Z,http_post,https://api.divar.ir/v8/postlist/w/search,200,ok,73
49,measure,succeeded,2026-09-29T12:47:39.494Z,2026-09-29T12:47:42.551Z,"{""rows"": 24}",2026-09-29T12:47:42.483Z,http_post,https://api.divar.ir/v8/postlist/w/search,200,ok,61
50,measure,succeeded,2026-09-29T12:47:42.566Z,2026-09-29T12:47:45.646Z,"{""rows"": 24}",2026-09-29T12:47:45.558Z,http_post,https://api.divar.ir/v8/postlist/w/search,200,ok,62
51,measure,succeeded,2026-09-29T12:47:45.740Z,2026-09-29T12:47:48.728Z,"{""rows"": 24}",2026-09-29T12:47:48.641Z,http_post,https://api.divar.ir/v8/postlist/w/search,200,ok,79
52,measure,succeeded,2026-09-29T12:47:48.737Z,2026-09-29T12:47:51.817Z,"{""rows"": 23}",2026-09-29T12:47:51.735Z,http_post,https://api.divar.ir/v8/postlist/w/search,200,ok,59
53,measure,succeeded,2026-09-29T12:47:51.843Z,2026-09-29T12:47:54.921Z,"{""rows"": 18}",2026-09-29T12:47:54.816Z,http_post,https://api.divar.ir/v8/postlist/w/search,200,ok,86
54,measure,succeeded,2026-09-29T12:47:54.940Z,2026-09-29T12:47:57.989Z,"{""rows"": 24}",2026-09-29T12:47:57.919Z,http_post,https://api.divar.ir/v8/postlist/w/search,200,ok,61
55,measure,succeeded,2026-09-29T12:47:58.010Z,2026-09-29T12:48:01.060Z,"{""rows"": 0}",2026-09-29T12:48:00.996Z,http_post,https://api.divar.ir/v8/postlist/w/search,200,ok,47
56,measure,succeeded,2026-09-29T12:48:01.092Z,2026-09-29T12:48:04.124Z,"{""rows"": 1}",2026-09-29T12:48:04.064Z,http_post,https://api.divar.ir/v8/postlist/w/search,200,ok,49
57,measure,succeeded,2026-09-29T12:48:04.148Z,2026-09-29T12:48:07.221Z,"{""rows"": 24}",2026-09-29T12:48:07.131Z,http_post,https://api.divar.ir/v8/postlist/w/search,200,ok,69
58,measure,succeeded,2026-09-29T12:48:07.256Z,2026-09-29T12:48:10.309Z,"{""rows"": 3}",2026-09-29T12:48:10.221Z,http_post,https://api.divar.ir/v8/postlist/w/search,200,ok,73
59,measure,succeeded,2026-09-29T12:48:10.345Z,2026-09-29T12:48:13.379Z,"{""rows"": 4}",2026-09-29T12:48:13.314Z,http_post,https://api.divar.ir/v8/postlist/w/search,200,ok,49
60,measure,succeeded,2026-09-29T12:48:13.409Z,2026-09-29T12:48:16.518Z,"{""rows"": 24}",2026-09-29T12:48:16.383Z,http_post,https://api.divar.ir/v8/postlist/w/search,200,ok,110
61,measure,succeeded,2026-09-29T12:48:16.548Z,2026-09-29T12:48:19.646Z,"{""rows"": 24}",2026-09-29T12:48:19.517Z,http_post,https://api.divar.ir/v8/postlist/w/search,200,ok,103
62,measure,succeeded,2026-09-29T12:48:19.684Z,2026-09-29T12:48:22.725Z,"{""rows"": 24}",2026-09-29T12:48:22.645Z,http_post,https://api.divar.ir/v8/postlist/w/search,200,ok,59
63,measure,succeeded,2026-09-29T12:48:22.777Z,2026-09-29T12:48:25.873Z,"{""rows"": 1}",2026-09-29T12:48:25.725Z,http_post,https://api.divar.ir/v8/postlist/w/search,200,ok,133
64,measure,succeeded,2026-09-29T12:48:25.904Z,2026-09-29T12:48:28.960Z,"{""rows"": 24}",2026-09-29T12:48:28.875Z,http_post,https://api.divar.ir/v8/postlist/w/search,200,ok,64
65,measure,succeeded,2026-09-29T12:48:29.003Z,2026-09-29T12:48:32.054Z,"{""rows"": 1}",2026-09-29T12:48:31.962Z,http_post,https://api.divar.ir/v8/postlist/w/search,200,ok,75
66,measure,succeeded,2026-09-29T12:48:32.080Z,2026-09-29T12:48:35.187Z,"{""rows"": 11}",2026-09-29T12:48:35.056Z,http_post,https://api.divar.ir/v8/postlist/w/search,200,ok,109
67,measure,succeeded,2026-09-29T12:48:35.215Z,2026-09-29T12:48:38.281Z,"{""rows"": 4}",2026-09-29T12:48:38.187Z,http_post,https://api.divar.ir/v8/postlist/w/search,200,ok,79
68,measure,succeeded,2026-09-29T12:48:38.311Z,2026-09-29T12:48:41.352Z,"{""rows"": 24}",2026-09-29T12:48:41.284Z,http_post,https://api.divar.ir/v8/postlist/w/search,200,ok,56
69,measure,failed,2026-09-29T12:48:41.376Z,2026-09-29T12:48:44.367Z,"{""notSent"": 1}",,,,,,
70,measure,succeeded,2026-09-29T12:54:16.141Z,2026-09-29T12:54:16.478Z,"{""rows"": 24}",2026-09-29T12:54:16.152Z,http_post,https://api.divar.ir/v8/postlist/w/search,200,ok,290
71,measure,succeeded,2026-09-29T12:54:17.127Z,2026-09-29T12:54:19.547Z,"{""rows"": 24}",2026-09-29T12:54:19.467Z,http_post,https://api.divar.ir/v8/postlist/w/search,200,ok,58
72,measure,succeeded,2026-09-29T12:54:19.578Z,2026-09-29T12:54:22.601Z,"{""rows"": 24}",2026-09-29T12:54:22.546Z,http_post,https://api.divar.ir/v8/postlist/w/search,200,ok,47
73,measure,succeeded,2026-09-29T12:54:22.621Z,2026-09-29T12:54:25.696Z,"{""rows"": 24}",2026-09-29T12:54:25.610Z,http_post,https://api.divar.ir/v8/postlist/w/search,200,ok,64
74,measure,succeeded,2026-09-29T12:54:25.716Z,2026-09-29T12:54:28.802Z,"{""rows"": 24}",2026-09-29T12:54:28.695Z,http_post,https://api.divar.ir/v8/postlist/w/search,200,ok,87
75,measure,succeeded,2026-09-29T12:54:28.822Z,2026-09-29T12:54:31.977Z,"{""rows"": 24}",2026-09-29T12:54:31.802Z,http_post,https://api.divar.ir/v8/postlist/w/search,200,ok,150
76,measure,succeeded,2026-09-29T12:54:32.015Z,2026-09-29T12:54:35.079Z,"{""rows"": 24}",2026-09-29T12:54:34.975Z,http_post,https://api.divar.ir/v8/postlist/w/search,200,ok,82
77,measure,succeeded,2026-09-29T12:54:35.111Z,2026-09-29T12:54:38.191Z,"{""rows"": 24}",2026-09-29T12:54:38.083Z,http_post,https://api.divar.ir/v8/postlist/w/search,200,ok,86
78,measure,succeeded,2026-09-29T12:54:38.227Z,2026-09-29T12:54:41.288Z,"{""rows"": 23}",2026-09-29T12:54:41.191Z,http_post,https://api.divar.ir/v8/postlist/w/search,200,ok,84
79,measure,succeeded,2026-09-29T12:54:41.308Z,2026-09-29T12:54:44.429Z,"{""rows"": 23}",2026-09-29T12:54:44.291Z,http_post,https://api.divar.ir/v8/postlist/w/search,200,ok,109
80,measure,succeeded,2026-09-29T12:54:44.492Z,2026-09-29T12:54:47.518Z,"{""rows"": 24}",2026-09-29T12:54:47.425Z,http_post,https://api.divar.ir/v8/postlist/w/search,200,ok,68
81,measure,succeeded,2026-09-29T12:54:47.535Z,2026-09-29T12:54:50.593Z,"{""rows"": 17}",2026-09-29T12:54:50.517Z,http_post,https://api.divar.ir/v8/postlist/w/search,200,ok,50
82,measure,succeeded,2026-09-29T12:54:50.620Z,2026-09-29T12:54:53.647Z,"{""rows"": 3}",2026-09-29T12:54:53.588Z,http_post,https://api.divar.ir/v8/postlist/w/search,200,ok,43
83,measure,succeeded,2026-09-29T12:54:53.665Z,2026-09-29T12:54:56.715Z,"{""rows"": 1}",2026-09-29T12:54:56.650Z,http_post,https://api.divar.ir/v8/postlist/w/search,200,ok,49
84,measure,succeeded,2026-09-29T12:54:56.743Z,2026-09-29T12:54:59.782Z,"{""rows"": 24}",2026-09-29T12:54:59.717Z,http_post,https://api.divar.ir/v8/postlist/w/search,200,ok,47
85,measure,succeeded,2026-09-29T12:54:59.807Z,2026-09-29T12:55:02.850Z,"{""rows"": 2}",2026-09-29T12:55:02.784Z,http_post,https://api.divar.ir/v8/postlist/w/search,200,ok,49
86,measure,succeeded,2026-09-29T12:55:02.875Z,2026-09-29T12:55:05.930Z,"{""rows"": 23}",2026-09-29T12:55:05.852Z,http_post,https://api.divar.ir/v8/postlist/w/search,200,ok,56
87,measure,succeeded,2026-09-29T12:55:05.993Z,2026-09-29T12:55:09.022Z,"{""rows"": 24}",2026-09-29T12:55:08.932Z,http_post,https://api.divar.ir/v8/postlist/w/search,200,ok,72
88,measure,succeeded,2026-09-29T12:55:09.070Z,2026-09-29T12:55:12.106Z,"{""rows"": 17}",2026-09-29T12:55:12.023Z,http_post,https://api.divar.ir/v8/postlist/w/search,200,ok,58
89,measure,succeeded,2026-09-29T12:55:12.132Z,2026-09-29T12:55:15.163Z,"{""rows"": 11}",2026-09-29T12:55:15.106Z,http_post,https://api.divar.ir/v8/postlist/w/search,200,ok,47
90,measure,succeeded,2026-09-29T12:55:15.174Z,2026-09-29T12:55:18.247Z,"{""rows"": 23}",2026-09-29T12:55:18.169Z,http_post,https://api.divar.ir/v8/postlist/w/search,200,ok,68
91,measure,succeeded,2026-09-29T12:55:18.259Z,2026-09-29T12:55:21.309Z,"{""rows"": 6}",2026-09-29T12:55:21.253Z,http_post,https://api.divar.ir/v8/postlist/w/search,200,ok,42
92,measure,succeeded,2026-09-29T12:55:21.335Z,2026-09-29T12:55:24.399Z,"{""rows"": 23}",2026-09-29T12:55:24.313Z,http_post,https://api.divar.ir/v8/postlist/w/search,200,ok,68
93,measure,succeeded,2026-09-29T12:55:24.436Z,2026-09-29T12:55:27.487Z,"{""rows"": 24}",2026-09-29T12:55:27.401Z,http_post,https://api.divar.ir/v8/postlist/w/search,200,ok,65
94,measure,succeeded,2026-09-29T12:55:27.517Z,2026-09-29T12:55:30.560Z,"{""rows"": 24}",2026-09-29T12:55:30.487Z,http_post,https://api.divar.ir/v8/postlist/w/search,200,ok,48
95,measure,succeeded,2026-09-29T12:55:30.580Z,2026-09-29T12:55:33.620Z,"{""rows"": 2}",2026-09-29T12:55:33.559Z,http_post,https://api.divar.ir/v8/postlist/w/search,200,ok,43
96,measure,succeeded,2026-09-29T12:55:33.648Z,2026-09-29T12:55:36.684Z,"{""rows"": 24}",2026-09-29T12:55:36.619Z,http_post,https://api.divar.ir/v8/postlist/w/search,200,ok,56
97,measure,succeeded,2026-09-29T12:55:36.696Z,2026-09-29T12:55:39.734Z,"{""rows"": 0}",2026-09-29T12:55:39.690Z,http_post,https://api.divar.ir/v8/postlist/w/search,200,ok,33
98,measure,succeeded,2026-09-29T12:55:39.759Z,2026-09-29T12:55:42.813Z,"{""rows"": 24}",2026-09-29T12:55:42.739Z,http_post,https://api.divar.ir/v8/postlist/w/search,200,ok,58
99,measure,succeeded,2026-09-29T12:55:42.832Z,2026-09-29T12:55:45.960Z,"{""rows"": 24}",2026-09-29T12:55:45.821Z,http_post,https://api.divar.ir/v8/postlist/w/search,200,ok,116
100,measure,succeeded,2026-09-29T12:55:46.001Z,2026-09-29T12:55:49.031Z,"{""rows"": 24}",2026-09-29T12:55:48.960Z,http_post,https://api.divar.ir/v8/postlist/w/search,200,ok,48
101,measure,succeeded,2026-09-29T12:55:49.060Z,2026-09-29T12:55:52.174Z,"{""rows"": 23}",2026-09-29T12:55:52.029Z,http_post,https://api.divar.ir/v8/postlist/w/search,200,ok,122
102,measure,succeeded,2026-09-29T12:55:52.208Z,2026-09-29T12:55:55.255Z,"{""rows"": 24}",2026-09-29T12:55:55.173Z,http_post,https://api.divar.ir/v8/postlist/w/search,200,ok,61
103,measure,succeeded,2026-09-29T12:55:55.319Z,2026-09-29T12:55:58.310Z,"{""rows"": 6}",2026-09-29T12:55:58.253Z,http_post,https://api.divar.ir/v8/postlist/w/search,200,ok,41
104,measure,succeeded,2026-09-29T12:55:58.334Z,2026-09-29T12:56:01.404Z,"{""rows"": 24}",2026-09-29T12:56:01.312Z,http_post,https://api.divar.ir/v8/postlist/w/search,200,ok,72
105,measure,succeeded,2026-09-29T12:56:01.419Z,2026-09-29T12:56:04.477Z,"{""rows"": 24}",2026-09-29T12:56:04.404Z,http_post,https://api.divar.ir/v8/postlist/w/search,200,ok,54
106,measure,succeeded,2026-09-29T12:56:04.504Z,2026-09-29T12:56:07.558Z,"{""rows"": 24}",2026-09-29T12:56:07.480Z,http_post,https://api.divar.ir/v8/postlist/w/search,200,ok,55
107,measure,succeeded,2026-09-29T12:58:06.710Z,2026-09-29T12:58:07.425Z,"{""rows"": 5}",2026-09-29T12:58:06.716Z,http_post,https://api.divar.ir/v8/postlist/w/search,200,ok,698
108,measure,succeeded,2026-09-29T12:58:07.713Z,2026-09-29T12:58:10.999Z,"{""rows"": 24}",2026-09-29T12:58:10.929Z,http_post,https://api.divar.ir/v8/postlist/w/search,200,ok,60
109,measure,succeeded,2026-09-29T12:58:11.031Z,2026-09-29T12:58:14.118Z,"{""rows"": 1}",2026-09-29T12:58:14.004Z,http_post,https://api.divar.ir/v8/postlist/w/search,200,ok,98
110,measure,succeeded,2026-09-29T12:58:14.136Z,2026-09-29T12:58:17.176Z,"{""rows"": 24}",2026-09-29T12:58:17.117Z,http_post,https://api.divar.ir/v8/postlist/w/search,200,ok,45
111,measure,succeeded,2026-09-29T12:58:17.196Z,2026-09-29T12:58:20.240Z,"{""rows"": 24}",2026-09-29T12:58:20.177Z,http_post,https://api.divar.ir/v8/postlist/w/search,200,ok,54
112,measure,succeeded,2026-09-29T12:58:20.254Z,2026-09-29T12:58:23.311Z,"{""rows"": 24}",2026-09-29T12:58:23.246Z,http_post,https://api.divar.ir/v8/postlist/w/search,200,ok,57
113,measure,succeeded,2026-09-29T12:58:23.327Z,2026-09-29T12:58:26.382Z,"{""rows"": 23}",2026-09-29T12:58:26.319Z,http_post,https://api.divar.ir/v8/postlist/w/search,200,ok,50
114,measure,succeeded,2026-09-29T12:58:26.395Z,2026-09-29T12:58:29.482Z,"{""rows"": 24}",2026-09-29T12:58:29.389Z,http_post,https://api.divar.ir/v8/postlist/w/search,200,ok,70
115,measure,succeeded,2026-09-29T12:58:29.541Z,2026-09-29T12:58:32.598Z,"{""rows"": 24}",2026-09-29T12:58:32.481Z,http_post,https://api.divar.ir/v8/postlist/w/search,200,ok,92
116,measure,succeeded,2026-09-29T12:58:32.636Z,2026-09-29T12:58:35.670Z,"{""rows"": 0}",2026-09-29T12:58:35.595Z,http_post,https://api.divar.ir/v8/postlist/w/search,200,ok,60
117,measure,succeeded,2026-09-29T12:58:35.696Z,2026-09-29T12:58:38.732Z,"{""rows"": 24}",2026-09-29T12:58:38.674Z,http_post,https://api.divar.ir/v8/postlist/w/search,200,ok,50
118,measure,succeeded,2026-09-29T12:58:38.743Z,2026-09-29T12:58:41.840Z,"{""rows"": 24}",2026-09-29T12:58:41.739Z,http_post,https://api.divar.ir/v8/postlist/w/search,200,ok,79
119,measure,succeeded,2026-09-29T12:58:41.879Z,2026-09-29T12:58:44.895Z,"{""rows"": 24}",2026-09-29T12:58:44.836Z,http_post,https://api.divar.ir/v8/postlist/w/search,200,ok,51
120,measure,succeeded,2026-09-29T12:58:44.968Z,2026-09-29T12:58:48.012Z,"{""rows"": 24}",2026-09-29T12:58:47.901Z,http_post,https://api.divar.ir/v8/postlist/w/search,200,ok,103
121,measure,succeeded,2026-09-29T12:58:48.025Z,2026-09-29T12:58:51.095Z,"{""rows"": 23}",2026-09-29T12:58:51.018Z,http_post,https://api.divar.ir/v8/postlist/w/search,200,ok,65
122,measure,succeeded,2026-09-29T12:58:51.110Z,2026-09-29T12:58:54.207Z,"{""rows"": 18}",2026-09-29T12:58:54.102Z,http_post,https://api.divar.ir/v8/postlist/w/search,200,ok,84
123,measure,succeeded,2026-09-29T12:58:54.235Z,2026-09-29T12:58:57.280Z,"{""rows"": 24}",2026-09-29T12:58:57.206Z,http_post,https://api.divar.ir/v8/postlist/w/search,200,ok,55
124,measure,succeeded,2026-09-29T12:58:57.324Z,2026-09-29T12:59:00.348Z,"{""rows"": 0}",2026-09-29T12:59:00.281Z,http_post,https://api.divar.ir/v8/postlist/w/search,200,ok,60
125,measure,succeeded,2026-09-29T12:59:00.360Z,2026-09-29T12:59:03.399Z,"{""rows"": 1}",2026-09-29T12:59:03.353Z,http_post,https://api.divar.ir/v8/postlist/w/search,200,ok,40
126,measure,succeeded,2026-09-29T12:59:03.408Z,2026-09-29T12:59:06.475Z,"{""rows"": 24}",2026-09-29T12:59:06.405Z,http_post,https://api.divar.ir/v8/postlist/w/search,200,ok,63
127,measure,succeeded,2026-09-29T12:59:06.500Z,2026-09-29T12:59:09.525Z,"{""rows"": 3}",2026-09-29T12:59:09.480Z,http_post,https://api.divar.ir/v8/postlist/w/search,200,ok,37
128,measure,succeeded,2026-09-29T12:59:09.541Z,2026-09-29T12:59:12.602Z,"{""rows"": 4}",2026-09-29T12:59:12.532Z,http_post,https://api.divar.ir/v8/postlist/w/search,200,ok,58
129,measure,succeeded,2026-09-29T12:59:12.645Z,2026-09-29T12:59:15.699Z,"{""rows"": 24}",2026-09-29T12:59:15.609Z,http_post,https://api.divar.ir/v8/postlist/w/search,200,ok,68
130,measure,succeeded,2026-09-29T12:59:15.731Z,2026-09-29T12:59:18.762Z,"{""rows"": 24}",2026-09-29T12:59:18.700Z,http_post,https://api.divar.ir/v8/postlist/w/search,200,ok,53
131,measure,succeeded,2026-09-29T12:59:18.788Z,2026-09-29T12:59:21.866Z,"{""rows"": 24}",2026-09-29T12:59:21.766Z,http_post,https://api.divar.ir/v8/postlist/w/search,200,ok,92
132,measure,succeeded,2026-09-29T12:59:21.890Z,2026-09-29T12:59:24.912Z,"{""rows"": 1}",2026-09-29T12:59:24.870Z,http_post,https://api.divar.ir/v8/postlist/w/search,200,ok,36
133,measure,succeeded,2026-09-29T12:59:24.922Z,2026-09-29T12:59:27.972Z,"{""rows"": 24}",2026-09-29T12:59:27.918Z,http_post,https://api.divar.ir/v8/postlist/w/search,200,ok,47
134,measure,succeeded,2026-09-29T12:59:27.987Z,2026-09-29T12:59:31.024Z,"{""rows"": 1}",2026-09-29T12:59:30.977Z,http_post,https://api.divar.ir/v8/postlist/w/search,200,ok,40
135,measure,succeeded,2026-09-29T12:59:31.032Z,2026-09-29T12:59:34.102Z,"{""rows"": 11}",2026-09-29T12:59:34.031Z,http_post,https://api.divar.ir/v8/postlist/w/search,200,ok,59
136,measure,succeeded,2026-09-29T12:59:34.116Z,2026-09-29T12:59:37.150Z,"{""rows"": 4}",2026-09-29T12:59:37.104Z,http_post,https://api.divar.ir/v8/postlist/w/search,200,ok,41
137,measure,succeeded,2026-09-29T12:59:37.160Z,2026-09-29T12:59:40.221Z,"{""rows"": 24}",2026-09-29T12:59:40.156Z,http_post,https://api.divar.ir/v8/postlist/w/search,200,ok,56
138,measure,succeeded,2026-09-29T12:59:40.235Z,2026-09-29T12:59:43.287Z,"{""rows"": 24}",2026-09-29T12:59:43.225Z,http_post,https://api.divar.ir/v8/postlist/w/search,200,ok,52
139,measure,succeeded,2026-09-29T12:59:43.304Z,2026-09-29T12:59:46.350Z,"{""rows"": 0}",2026-09-29T12:59:46.291Z,http_post,https://api.divar.ir/v8/postlist/w/search,200,ok,52
140,measure,succeeded,2026-09-29T12:59:46.359Z,2026-09-29T12:59:49.421Z,"{""rows"": 24}",2026-09-29T12:59:49.354Z,http_post,https://api.divar.ir/v8/postlist/w/search,200,ok,58
141,measure,succeeded,2026-09-29T12:59:49.432Z,2026-09-29T12:59:52.525Z,"{""rows"": 24}",2026-09-29T12:59:52.425Z,http_post,https://api.divar.ir/v8/postlist/w/search,200,ok,81
142,measure,succeeded,2026-09-29T12:59:52.563Z,2026-09-29T12:59:55.583Z,"{""rows"": 4}",2026-09-29T12:59:55.525Z,http_post,https://api.divar.ir/v8/postlist/w/search,200,ok,44
143,measure,succeeded,2026-09-29T12:59:55.601Z,2026-09-29T12:59:58.664Z,"{""rows"": 24}",2026-09-29T12:59:58.595Z,http_post,https://api.divar.ir/v8/postlist/w/search,200,ok,49
144,measure,succeeded,2026-09-29T12:59:58.699Z,2026-09-29T13:00:01.736Z,"{""rows"": 24}",2026-09-29T13:00:01.666Z,http_post,https://api.divar.ir/v8/postlist/w/search,200,ok,48
145,measure,succeeded,2026-09-29T13:00:01.770Z,2026-09-29T13:00:04.794Z,"{""rows"": 24}",2026-09-29T13:00:04.732Z,http_post,https://api.divar.ir/v8/postlist/w/search,200,ok,54
146,measure,succeeded,2026-09-29T13:00:04.803Z,2026-09-29T13:00:07.856Z,"{""rows"": 1}",2026-09-29T13:00:07.798Z,http_post,https://api.divar.ir/v8/postlist/w/search,200,ok,52
147,measure,succeeded,2026-09-29T13:02:07.978Z,2026-09-29T13:02:08.222Z,"{""rows"": 24}",2026-09-29T13:02:07.990Z,http_post,https://api.divar.ir/v8/postlist/w/search,200,ok,219
148,measure,succeeded,2026-09-29T13:02:08.980Z,2026-09-29T13:02:11.310Z,"{""rows"": 24}",2026-09-29T13:02:11.229Z,http_post,https://api.divar.ir/v8/postlist/w/search,200,ok,59
149,measure,succeeded,2026-09-29T13:02:11.335Z,2026-09-29T13:02:14.401Z,"{""rows"": 24}",2026-09-29T13:02:14.310Z,http_post,https://api.divar.ir/v8/postlist/w/search,200,ok,68
150,measure,succeeded,2026-09-29T13:02:14.452Z,2026-09-29T13:02:17.465Z,"{""rows"": 0}",2026-09-29T13:02:17.402Z,http_post,https://api.divar.ir/v8/postlist/w/search,200,ok,53
151,measure,succeeded,2026-09-29T13:02:17.481Z,2026-09-29T13:02:20.530Z,"{""rows"": 1}",2026-09-29T13:02:20.470Z,http_post,https://api.divar.ir/v8/postlist/w/search,200,ok,48
152,measure,succeeded,2026-09-29T13:02:20.556Z,2026-09-29T13:02:23.607Z,"{""rows"": 24}",2026-09-29T13:02:23.535Z,http_post,https://api.divar.ir/v8/postlist/w/search,200,ok,52
153,measure,succeeded,2026-09-29T13:02:23.631Z,2026-09-29T13:02:26.682Z,"{""rows"": 24}",2026-09-29T13:02:26.609Z,http_post,https://api.divar.ir/v8/postlist/w/search,200,ok,56
154,measure,succeeded,2026-09-29T13:02:26.711Z,2026-09-29T13:02:29.760Z,"{""rows"": 19}",2026-09-29T13:02:29.685Z,http_post,https://api.divar.ir/v8/postlist/w/search,200,ok,55
155,measure,succeeded,2026-09-29T13:02:29.775Z,2026-09-29T13:02:32.837Z,"{""rows"": 24}",2026-09-29T13:02:32.764Z,http_post,https://api.divar.ir/v8/postlist/w/search,200,ok,67
156,measure,succeeded,2026-09-29T13:02:32.847Z,2026-09-29T13:02:35.930Z,"{""rows"": 21}",2026-09-29T13:02:35.845Z,http_post,https://api.divar.ir/v8/postlist/w/search,200,ok,65
157,measure,succeeded,2026-09-29T13:02:35.947Z,2026-09-29T13:02:39.066Z,"{""rows"": 24}",2026-09-29T13:02:38.932Z,http_post,https://api.divar.ir/v8/postlist/w/search,200,ok,110
158,measure,succeeded,2026-09-29T13:02:39.126Z,2026-09-29T13:02:42.128Z,"{""rows"": 24}",2026-09-29T13:02:42.065Z,http_post,https://api.divar.ir/v8/postlist/w/search,200,ok,45
159,measure,succeeded,2026-09-29T13:02:42.154Z,2026-09-29T13:02:45.201Z,"{""rows"": 23}",2026-09-29T13:02:45.130Z,http_post,https://api.divar.ir/v8/postlist/w/search,200,ok,54
160,measure,succeeded,2026-09-29T13:02:45.230Z,2026-09-29T13:02:48.268Z,"{""rows"": 24}",2026-09-29T13:02:48.201Z,http_post,https://api.divar.ir/v8/postlist/w/search,200,ok,56
161,measure,succeeded,2026-09-29T13:02:48.316Z,2026-09-29T13:02:51.322Z,"{""rows"": 24}",2026-09-29T13:02:51.269Z,http_post,https://api.divar.ir/v8/postlist/w/search,200,ok,47
162,measure,succeeded,2026-09-29T13:02:51.344Z,2026-09-29T13:02:54.402Z,"{""rows"": 24}",2026-09-29T13:02:54.330Z,http_post,https://api.divar.ir/v8/postlist/w/search,200,ok,54
163,measure,succeeded,2026-09-29T13:02:54.419Z,2026-09-29T13:02:57.490Z,"{""rows"": 0}",2026-09-29T13:02:57.403Z,http_post,https://api.divar.ir/v8/postlist/w/search,200,ok,70
164,measure,succeeded,2026-09-29T13:02:57.515Z,2026-09-29T13:03:00.581Z,"{""rows"": 23}",2026-09-29T13:03:00.492Z,http_post,https://api.divar.ir/v8/postlist/w/search,200,ok,69
165,measure,succeeded,2026-09-29T13:03:00.611Z,2026-09-29T13:03:03.635Z,"{""rows"": 1}",2026-09-29T13:03:03.581Z,http_post,https://api.divar.ir/v8/postlist/w/search,200,ok,39
166,measure,succeeded,2026-09-29T13:03:03.662Z,2026-09-29T13:03:06.732Z,"{""rows"": 5}",2026-09-29T13:03:06.640Z,http_post,https://api.divar.ir/v8/postlist/w/search,200,ok,78
167,measure,succeeded,2026-09-29T13:03:06.756Z,2026-09-29T13:03:09.800Z,"{""rows"": 24}",2026-09-29T13:03:09.736Z,http_post,https://api.divar.ir/v8/postlist/w/search,200,ok,49
168,measure,succeeded,2026-09-29T13:03:09.827Z,2026-09-29T13:03:12.894Z,"{""rows"": 24}",2026-09-29T13:03:12.802Z,http_post,https://api.divar.ir/v8/postlist/w/search,200,ok,74
169,measure,succeeded,2026-09-29T13:05:19.030Z,2026-09-29T13:05:19.401Z,"{""rows"": 6}",2026-09-29T13:05:19.047Z,http_post,https://api.divar.ir/v8/postlist/w/search,200,ok,330
170,measure,succeeded,2026-09-29T13:05:20.019Z,2026-09-29T13:05:22.476Z,"{""rows"": 1}",2026-09-29T13:05:22.395Z,http_post,https://api.divar.ir/v8/postlist/w/search,200,ok,64
171,measure,succeeded,2026-09-29T13:05:22.503Z,2026-09-29T13:05:25.603Z,"{""rows"": 24}",2026-09-29T13:05:25.479Z,http_post,https://api.divar.ir/v8/postlist/w/search,200,ok,98
172,measure,succeeded,2026-09-29T13:05:25.632Z,2026-09-29T13:05:28.714Z,"{""rows"": 23}",2026-09-29T13:05:28.601Z,http_post,https://api.divar.ir/v8/postlist/w/search,200,ok,96
173,measure,succeeded,2026-09-29T13:05:28.727Z,2026-09-29T13:05:31.807Z,"{""rows"": 19}",2026-09-29T13:05:31.716Z,http_post,https://api.divar.ir/v8/postlist/w/search,200,ok,67
174,measure,succeeded,2026-09-29T13:05:31.826Z,2026-09-29T13:05:34.874Z,"{""rows"": 24}",2026-09-29T13:05:34.802Z,http_post,https://api.divar.ir/v8/postlist/w/search,200,ok,59
175,measure,succeeded,2026-09-29T13:05:34.903Z,2026-09-29T13:05:37.980Z,"{""rows"": 24}",2026-09-29T13:05:37.878Z,http_post,https://api.divar.ir/v8/postlist/w/search,200,ok,79
176,measure,succeeded,2026-09-29T13:05:38.018Z,2026-09-29T13:05:41.084Z,"{""rows"": 7}",2026-09-29T13:05:40.979Z,http_post,https://api.divar.ir/v8/postlist/w/search,200,ok,97
177,measure,succeeded,2026-09-29T13:05:41.096Z,2026-09-29T13:05:44.196Z,"{""rows"": 24}",2026-09-29T13:05:44.088Z,http_post,https://api.divar.ir/v8/postlist/w/search,200,ok,86
178,measure,succeeded,2026-09-29T13:05:44.237Z,2026-09-29T13:05:47.288Z,"{""rows"": 24}",2026-09-29T13:05:47.196Z,http_post,https://api.divar.ir/v8/postlist/w/search,200,ok,71
179,measure,succeeded,2026-09-29T13:05:47.324Z,2026-09-29T13:05:50.387Z,"{""rows"": 24}",2026-09-29T13:05:50.294Z,http_post,https://api.divar.ir/v8/postlist/w/search,200,ok,69
180,measure,succeeded,2026-09-29T13:05:50.435Z,2026-09-29T13:05:53.475Z,"{""rows"": 24}",2026-09-29T13:05:53.386Z,http_post,https://api.divar.ir/v8/postlist/w/search,200,ok,67
181,measure,succeeded,2026-09-29T13:05:53.513Z,2026-09-29T13:05:56.547Z,"{""rows"": 24}",2026-09-29T13:05:56.476Z,http_post,https://api.divar.ir/v8/postlist/w/search,200,ok,48
182,measure,succeeded,2026-09-29T13:05:56.581Z,2026-09-29T13:05:59.595Z,"{""rows"": 0}",2026-09-29T13:05:59.542Z,http_post,https://api.divar.ir/v8/postlist/w/search,200,ok,41
183,measure,succeeded,2026-09-29T13:05:59.620Z,2026-09-29T13:06:02.722Z,"{""rows"": 24}",2026-09-29T13:06:02.600Z,http_post,https://api.divar.ir/v8/postlist/w/search,200,ok,97
184,measure,succeeded,2026-09-29T13:06:02.763Z,2026-09-29T13:06:05.784Z,"{""rows"": 7}",2026-09-29T13:06:05.719Z,http_post,https://api.divar.ir/v8/postlist/w/search,200,ok,59
185,measure,succeeded,2026-09-29T13:06:05.794Z,2026-09-29T13:06:08.878Z,"{""rows"": 24}",2026-09-29T13:06:08.790Z,http_post,https://api.divar.ir/v8/postlist/w/search,200,ok,76
186,measure,succeeded,2026-09-29T13:06:08.916Z,2026-09-29T13:06:11.956Z,"{""rows"": 24}",2026-09-29T13:06:11.881Z,http_post,https://api.divar.ir/v8/postlist/w/search,200,ok,65
187,measure,succeeded,2026-09-29T13:06:11.981Z,2026-09-29T13:06:15.035Z,"{""rows"": 2}",2026-09-29T13:06:14.961Z,http_post,https://api.divar.ir/v8/postlist/w/search,200,ok,62
188,measure,succeeded,2026-09-29T13:06:15.061Z,2026-09-29T13:06:18.137Z,"{""rows"": 24}",2026-09-29T13:06:18.037Z,http_post,https://api.divar.ir/v8/postlist/w/search,200,ok,84
189,measure,succeeded,2026-09-29T13:06:18.158Z,2026-09-29T13:06:21.206Z,"{""rows"": 1}",2026-09-29T13:06:21.137Z,http_post,https://api.divar.ir/v8/postlist/w/search,200,ok,54
190,measure,succeeded,2026-09-29T13:06:21.236Z,2026-09-29T13:06:24.278Z,"{""rows"": 0}",2026-09-29T13:06:24.210Z,http_post,https://api.divar.ir/v8/postlist/w/search,200,ok,53
191,measure,succeeded,2026-09-29T13:06:24.305Z,2026-09-29T13:06:27.423Z,"{""rows"": 24}",2026-09-29T13:06:27.282Z,http_post,https://api.divar.ir/v8/postlist/w/search,200,ok,119
192,measure,succeeded,2026-09-29T13:06:27.469Z,2026-09-29T13:06:30.495Z,"{""rows"": 14}",2026-09-29T13:06:30.423Z,http_post,https://api.divar.ir/v8/postlist/w/search,200,ok,54
193,measure,succeeded,2026-09-29T13:06:30.525Z,2026-09-29T13:06:33.546Z,"{""rows"": 0}",2026-09-29T13:06:33.495Z,http_post,https://api.divar.ir/v8/postlist/w/search,200,ok,44
194,measure,succeeded,2026-09-29T13:06:33.554Z,2026-09-29T13:06:36.633Z,"{""rows"": 24}",2026-09-29T13:06:36.554Z,http_post,https://api.divar.ir/v8/postlist/w/search,200,ok,52
195,measure,succeeded,2026-09-29T13:06:36.683Z,2026-09-29T13:06:39.693Z,"{""rows"": 23}",2026-09-29T13:06:39.630Z,http_post,https://api.divar.ir/v8/postlist/w/search,200,ok,52
196,measure,succeeded,2026-09-29T13:06:39.713Z,2026-09-29T13:06:42.798Z,"{""rows"": 18}",2026-09-29T13:06:42.697Z,http_post,https://api.divar.ir/v8/postlist/w/search,200,ok,85
197,measure,succeeded,2026-09-29T13:06:42.819Z,2026-09-29T13:06:45.877Z,"{""rows"": 0}",2026-09-29T13:06:45.800Z,http_post,https://api.divar.ir/v8/postlist/w/search,200,ok,61
198,measure,succeeded,2026-09-29T13:06:45.903Z,2026-09-29T13:06:48.959Z,"{""rows"": 24}",2026-09-29T13:06:48.880Z,http_post,https://api.divar.ir/v8/postlist/w/search,200,ok,50
199,measure,succeeded,2026-09-29T13:06:49.010Z,2026-09-29T13:06:52.000Z,"{""rows"": 1}",2026-09-29T13:06:51.957Z,http_post,https://api.divar.ir/v8/postlist/w/search,200,ok,32
200,measure,succeeded,2026-09-29T13:06:52.014Z,2026-09-29T13:06:55.062Z,"{""rows"": 1}",2026-09-29T13:06:55.005Z,http_post,https://api.divar.ir/v8/postlist/w/search,200,ok,44
201,measure,succeeded,2026-09-29T13:06:55.090Z,2026-09-29T13:06:58.128Z,"{""rows"": 5}",2026-09-29T13:06:58.067Z,http_post,https://api.divar.ir/v8/postlist/w/search,200,ok,42
202,measure,succeeded,2026-09-29T13:06:58.160Z,2026-09-29T13:07:01.219Z,"{""rows"": 24}",2026-09-29T13:07:01.128Z,http_post,https://api.divar.ir/v8/postlist/w/search,200,ok,76
203,measure,succeeded,2026-09-29T13:07:01.243Z,2026-09-29T13:07:04.298Z,"{""rows"": 4}",2026-09-29T13:07:04.222Z,http_post,https://api.divar.ir/v8/postlist/w/search,200,ok,62
204,measure,succeeded,2026-09-29T13:07:04.328Z,2026-09-29T13:07:07.450Z,"{""rows"": 14}",2026-09-29T13:07:07.300Z,http_post,https://api.divar.ir/v8/postlist/w/search,200,ok,139
205,measure,succeeded,2026-09-29T13:07:07.459Z,2026-09-29T13:07:10.517Z,"{""rows"": 24}",2026-09-29T13:07:10.455Z,http_post,https://api.divar.ir/v8/postlist/w/search,200,ok,52
206,measure,succeeded,2026-09-29T13:07:10.542Z,2026-09-29T13:07:13.591Z,"{""rows"": 24}",2026-09-29T13:07:13.523Z,http_post,https://api.divar.ir/v8/postlist/w/search,200,ok,49
207,measure,succeeded,2026-09-29T13:07:13.626Z,2026-09-29T13:07:16.654Z,"{""rows"": 7}",2026-09-29T13:07:16.591Z,http_post,https://api.divar.ir/v8/postlist/w/search,200,ok,55
208,measure,succeeded,2026-09-29T13:07:16.663Z,2026-09-29T13:07:19.723Z,"{""rows"": 23}",2026-09-29T13:07:19.661Z,http_post,https://api.divar.ir/v8/postlist/w/search,200,ok,48
209,measure,succeeded,2026-09-29T13:09:19.868Z,2026-09-29T13:09:20.159Z,"{""rows"": 12}",2026-09-29T13:09:19.875Z,http_post,https://api.divar.ir/v8/postlist/w/search,200,ok,266
210,measure,succeeded,2026-09-29T13:09:20.869Z,2026-09-29T13:09:23.214Z,"{""rows"": 5}",2026-09-29T13:09:23.159Z,http_post,https://api.divar.ir/v8/postlist/w/search,200,ok,45
211,measure,succeeded,2026-09-29T13:09:23.229Z,2026-09-29T13:09:26.271Z,"{""rows"": 0}",2026-09-29T13:09:26.220Z,http_post,https://api.divar.ir/v8/postlist/w/search,200,ok,45
212,measure,succeeded,2026-09-29T13:09:26.285Z,2026-09-29T13:09:29.372Z,"{""rows"": 24}",2026-09-29T13:09:29.280Z,http_post,https://api.divar.ir/v8/postlist/w/search,200,ok,76
213,measure,succeeded,2026-09-29T13:09:29.431Z,2026-09-29T13:09:32.447Z,"{""rows"": 24}",2026-09-29T13:09:32.376Z,http_post,https://api.divar.ir/v8/postlist/w/search,200,ok,54
214,measure,succeeded,2026-09-29T13:09:32.494Z,2026-09-29T13:09:35.533Z,"{""rows"": 24}",2026-09-29T13:09:35.450Z,http_post,https://api.divar.ir/v8/postlist/w/search,200,ok,61
215,measure,succeeded,2026-09-29T13:09:35.561Z,2026-09-29T13:09:38.619Z,"{""rows"": 18}",2026-09-29T13:09:38.535Z,http_post,https://api.divar.ir/v8/postlist/w/search,200,ok,65
216,measure,succeeded,2026-09-29T13:09:38.646Z,2026-09-29T13:09:41.846Z,"{""rows"": 24}",2026-09-29T13:09:41.619Z,http_post,https://api.divar.ir/v8/postlist/w/search,200,ok,209
217,measure,succeeded,2026-09-29T13:09:41.866Z,2026-09-29T13:09:44.924Z,"{""rows"": 24}",2026-09-29T13:09:44.849Z,http_post,https://api.divar.ir/v8/postlist/w/search,200,ok,50
218,measure,succeeded,2026-09-29T13:09:44.964Z,2026-09-29T13:09:47.991Z,"{""rows"": 24}",2026-09-29T13:09:47.921Z,http_post,https://api.divar.ir/v8/postlist/w/search,200,ok,51
219,measure,succeeded,2026-09-29T13:09:48.015Z,2026-09-29T13:09:51.030Z,"{""rows"": 1}",2026-09-29T13:09:50.989Z,http_post,https://api.divar.ir/v8/postlist/w/search,200,ok,33
220,measure,succeeded,2026-09-29T13:09:51.040Z,2026-09-29T13:09:54.146Z,"{""rows"": 8}",2026-09-29T13:09:54.036Z,http_post,https://api.divar.ir/v8/postlist/w/search,200,ok,92
221,measure,succeeded,2026-09-29T13:09:54.170Z,2026-09-29T13:09:57.338Z,"{""rows"": 1}",2026-09-29T13:09:57.147Z,http_post,https://api.divar.ir/v8/postlist/w/search,200,ok,181
222,measure,succeeded,2026-09-29T13:09:57.348Z,2026-09-29T13:10:00.423Z,"{""rows"": 24}",2026-09-29T13:10:00.344Z,http_post,https://api.divar.ir/v8/postlist/w/search,200,ok,59
223,measure,succeeded,2026-09-29T13:10:00.466Z,2026-09-29T13:10:03.515Z,"{""rows"": 24}",2026-09-29T13:10:03.424Z,http_post,https://api.divar.ir/v8/postlist/w/search,200,ok,65
224,measure,succeeded,2026-09-29T13:10:03.554Z,2026-09-29T13:10:06.576Z,"{""rows"": 10}",2026-09-29T13:10:06.512Z,http_post,https://api.divar.ir/v8/postlist/w/search,200,ok,48
225,measure,succeeded,2026-09-29T13:10:06.586Z,2026-09-29T13:10:09.659Z,"{""rows"": 24}",2026-09-29T13:10:09.579Z,http_post,https://api.divar.ir/v8/postlist/w/search,200,ok,55
226,measure,succeeded,2026-09-29T13:10:09.691Z,2026-09-29T13:10:12.727Z,"{""rows"": 24}",2026-09-29T13:10:12.658Z,http_post,https://api.divar.ir/v8/postlist/w/search,200,ok,59
227,measure,succeeded,2026-09-29T13:10:12.739Z,2026-09-29T13:10:15.799Z,"{""rows"": 0}",2026-09-29T13:10:15.732Z,http_post,https://api.divar.ir/v8/postlist/w/search,200,ok,54
228,measure,succeeded,2026-09-29T13:10:15.824Z,2026-09-29T13:10:18.895Z,"{""rows"": 3}",2026-09-29T13:10:18.805Z,http_post,https://api.divar.ir/v8/postlist/w/search,200,ok,75
229,measure,succeeded,2026-09-29T13:10:18.914Z,2026-09-29T13:10:21.982Z,"{""rows"": 24}",2026-09-29T13:10:21.895Z,http_post,https://api.divar.ir/v8/postlist/w/search,200,ok,71
230,measure,succeeded,2026-09-29T13:10:22.072Z,2026-09-29T13:10:25.073Z,"{""rows"": 15}",2026-09-29T13:10:24.983Z,http_post,https://api.divar.ir/v8/postlist/w/search,200,ok,70
231,measure,succeeded,2026-09-29T13:10:25.096Z,2026-09-29T13:10:28.144Z,"{""rows"": 24}",2026-09-29T13:10:28.073Z,http_post,https://api.divar.ir/v8/postlist/w/search,200,ok,57
232,measure,succeeded,2026-09-29T13:10:28.161Z,2026-09-29T13:10:31.223Z,"{""rows"": 24}",2026-09-29T13:10:31.147Z,http_post,https://api.divar.ir/v8/postlist/w/search,200,ok,59
233,measure,succeeded,2026-09-29T13:10:31.246Z,2026-09-29T13:10:34.302Z,"{""rows"": 24}",2026-09-29T13:10:34.226Z,http_post,https://api.divar.ir/v8/postlist/w/search,200,ok,55
234,measure,succeeded,2026-09-29T13:10:34.324Z,2026-09-29T13:10:37.358Z,"{""rows"": 24}",2026-09-29T13:10:37.301Z,http_post,https://api.divar.ir/v8/postlist/w/search,200,ok,43
235,measure,succeeded,2026-09-29T13:10:37.380Z,2026-09-29T13:10:40.429Z,"{""rows"": 24}",2026-09-29T13:10:40.359Z,http_post,https://api.divar.ir/v8/postlist/w/search,200,ok,52
236,measure,succeeded,2026-09-29T13:10:40.453Z,2026-09-29T13:10:43.489Z,"{""rows"": 0}",2026-09-29T13:10:43.429Z,http_post,https://api.divar.ir/v8/postlist/w/search,200,ok,45
237,measure,succeeded,2026-09-29T13:10:43.517Z,2026-09-29T13:10:46.542Z,"{""rows"": 1}",2026-09-29T13:10:46.493Z,http_post,https://api.divar.ir/v8/postlist/w/search,200,ok,42
238,measure,succeeded,2026-09-29T13:10:46.552Z,2026-09-29T13:10:49.763Z,"{""rows"": 4}",2026-09-29T13:10:49.549Z,http_post,https://api.divar.ir/v8/postlist/w/search,200,ok,200
239,measure,succeeded,2026-09-29T13:10:49.789Z,2026-09-29T13:10:52.835Z,"{""rows"": 24}",2026-09-29T13:10:52.765Z,http_post,https://api.divar.ir/v8/postlist/w/search,200,ok,62
240,measure,succeeded,2026-09-29T13:10:52.844Z,2026-09-29T13:10:55.898Z,"{""rows"": 3}",2026-09-29T13:10:55.840Z,http_post,https://api.divar.ir/v8/postlist/w/search,200,ok,52
241,measure,succeeded,2026-09-29T13:10:55.908Z,2026-09-29T13:10:58.960Z,"{""rows"": 0}",2026-09-29T13:10:58.905Z,http_post,https://api.divar.ir/v8/postlist/w/search,200,ok,49
242,measure,succeeded,2026-09-29T13:10:58.969Z,2026-09-29T13:11:02.055Z,"{""rows"": 0}",2026-09-29T13:11:01.966Z,http_post,https://api.divar.ir/v8/postlist/w/search,200,ok,76
243,measure,succeeded,2026-09-29T13:11:02.081Z,2026-09-29T13:11:05.137Z,"{""rows"": 24}",2026-09-29T13:11:05.061Z,http_post,https://api.divar.ir/v8/postlist/w/search,200,ok,56
244,measure,succeeded,2026-09-29T13:11:05.156Z,2026-09-29T13:11:08.212Z,"{""rows"": 24}",2026-09-29T13:11:08.136Z,http_post,https://api.divar.ir/v8/postlist/w/search,200,ok,62
245,measure,succeeded,2026-09-29T13:11:08.238Z,2026-09-29T13:11:11.311Z,"{""rows"": 24}",2026-09-29T13:11:11.213Z,http_post,https://api.divar.ir/v8/postlist/w/search,200,ok,76
246,measure,succeeded,2026-09-29T13:11:11.330Z,2026-09-29T13:11:14.370Z,"{""rows"": 24}",2026-09-29T13:11:14.311Z,http_post,https://api.divar.ir/v8/postlist/w/search,200,ok,48
247,measure,succeeded,2026-09-29T13:11:14.382Z,2026-09-29T13:11:17.421Z,"{""rows"": 1}",2026-09-29T13:11:17.377Z,http_post,https://api.divar.ir/v8/postlist/w/search,200,ok,32
248,measure,succeeded,2026-09-29T13:11:17.443Z,2026-09-29T13:11:20.591Z,"{""rows"": 8}",2026-09-29T13:11:20.422Z,http_post,https://api.divar.ir/v8/postlist/w/search,200,ok,152
249,measure,succeeded,2026-09-29T13:13:19.692Z,2026-09-29T13:13:19.900Z,"{""rows"": 2}",2026-09-29T13:13:19.696Z,http_post,https://api.divar.ir/v8/postlist/w/search,200,ok,189
250,measure,succeeded,2026-09-29T13:13:20.696Z,2026-09-29T13:13:22.964Z,"{""rows"": 24}",2026-09-29T13:13:22.901Z,http_post,https://api.divar.ir/v8/postlist/w/search,200,ok,46
251,measure,succeeded,2026-09-29T13:13:22.990Z,2026-09-29T13:13:26.035Z,"{""rows"": 6}",2026-09-29T13:13:25.965Z,http_post,https://api.divar.ir/v8/postlist/w/search,200,ok,55
252,measure,succeeded,2026-09-29T13:13:26.064Z,2026-09-29T13:13:29.085Z,"{""rows"": 0}",2026-09-29T13:13:29.037Z,http_post,https://api.divar.ir/v8/postlist/w/search,200,ok,41
253,measure,succeeded,2026-09-29T13:13:29.092Z,2026-09-29T13:13:32.164Z,"{""rows"": 24}",2026-09-29T13:13:32.090Z,http_post,https://api.divar.ir/v8/postlist/w/search,200,ok,63
254,measure,succeeded,2026-09-29T13:13:32.176Z,2026-09-29T13:13:35.214Z,"{""rows"": 11}",2026-09-29T13:13:35.166Z,http_post,https://api.divar.ir/v8/postlist/w/search,200,ok,38
255,measure,succeeded,2026-09-29T13:13:35.231Z,2026-09-29T13:13:38.263Z,"{""rows"": 18}",2026-09-29T13:13:38.217Z,http_post,https://api.divar.ir/v8/postlist/w/search,200,ok,39
256,measure,succeeded,2026-09-29T13:13:38.271Z,2026-09-29T13:13:41.309Z,"{""rows"": 7}",2026-09-29T13:13:41.267Z,http_post,https://api.divar.ir/v8/postlist/w/search,200,ok,36
257,measure,stopped_on_block,2026-09-29T13:13:41.320Z,2026-09-29T13:13:44.353Z,{},2026-09-29T13:13:44.314Z,http_post,https://api.divar.ir/v8/postlist/w/search,200,blocked,30
258,measure,succeeded,2026-09-29T13:32:05.835Z,2026-09-29T13:32:06.097Z,"{""rows"": 24}",2026-09-29T13:32:05.846Z,http_post,https://api.divar.ir/v8/postlist/w/search,200,ok,229
259,measure,succeeded,2026-09-29T13:32:06.837Z,2026-09-29T13:32:09.190Z,"{""rows"": 24}",2026-09-29T13:32:09.093Z,http_post,https://api.divar.ir/v8/postlist/w/search,200,ok,75
260,measure,succeeded,2026-09-29T13:32:09.221Z,2026-09-29T13:32:12.298Z,"{""rows"": 24}",2026-09-29T13:32:12.189Z,http_post,https://api.divar.ir/v8/postlist/w/search,200,ok,87
261,measure,succeeded,2026-09-29T13:32:12.323Z,2026-09-29T13:32:15.379Z,"{""rows"": 24}",2026-09-29T13:32:15.298Z,http_post,https://api.divar.ir/v8/postlist/w/search,200,ok,57
262,measure,succeeded,2026-09-29T13:32:15.407Z,2026-09-29T13:32:18.480Z,"{""rows"": 24}",2026-09-29T13:32:18.377Z,http_post,https://api.divar.ir/v8/postlist/w/search,200,ok,80
263,measure,succeeded,2026-09-29T13:32:18.502Z,2026-09-29T13:32:21.569Z,"{""rows"": 24}",2026-09-29T13:32:21.481Z,http_post,https://api.divar.ir/v8/postlist/w/search,200,ok,62
264,measure,succeeded,2026-09-29T13:32:21.595Z,2026-09-29T13:32:24.641Z,"{""rows"": 24}",2026-09-29T13:32:24.567Z,http_post,https://api.divar.ir/v8/postlist/w/search,200,ok,59
265,measure,succeeded,2026-09-29T13:32:24.654Z,2026-09-29T13:32:27.728Z,"{""rows"": 24}",2026-09-29T13:32:27.647Z,http_post,https://api.divar.ir/v8/postlist/w/search,200,ok,58
266,measure,succeeded,2026-09-29T13:32:27.752Z,2026-09-29T13:32:30.801Z,"{""rows"": 23}",2026-09-29T13:32:30.727Z,http_post,https://api.divar.ir/v8/postlist/w/search,200,ok,65
267,measure,succeeded,2026-09-29T13:32:30.811Z,2026-09-29T13:32:33.891Z,"{""rows"": 24}",2026-09-29T13:32:33.806Z,http_post,https://api.divar.ir/v8/postlist/w/search,200,ok,65
268,measure,succeeded,2026-09-29T13:32:33.919Z,2026-09-29T13:32:37.004Z,"{""rows"": 24}",2026-09-29T13:32:36.895Z,http_post,https://api.divar.ir/v8/postlist/w/search,200,ok,82
269,measure,succeeded,2026-09-29T13:32:37.023Z,2026-09-29T13:32:40.087Z,"{""rows"": 17}",2026-09-29T13:32:40.002Z,http_post,https://api.divar.ir/v8/postlist/w/search,200,ok,60
270,measure,succeeded,2026-09-29T13:32:40.099Z,2026-09-29T13:32:43.139Z,"{""rows"": 3}",2026-09-29T13:32:43.085Z,http_post,https://api.divar.ir/v8/postlist/w/search,200,ok,38
271,measure,succeeded,2026-09-29T13:32:43.158Z,2026-09-29T13:32:46.204Z,"{""rows"": 1}",2026-09-29T13:32:46.143Z,http_post,https://api.divar.ir/v8/postlist/w/search,200,ok,50
272,measure,succeeded,2026-09-29T13:32:46.213Z,2026-09-29T13:32:49.272Z,"{""rows"": 24}",2026-09-29T13:32:49.207Z,http_post,https://api.divar.ir/v8/postlist/w/search,200,ok,46
273,measure,succeeded,2026-09-29T13:32:49.304Z,2026-09-29T13:32:52.334Z,"{""rows"": 2}",2026-09-29T13:32:52.273Z,http_post,https://api.divar.ir/v8/postlist/w/search,200,ok,46
274,measure,succeeded,2026-09-29T13:32:52.360Z,2026-09-29T13:32:55.398Z,"{""rows"": 24}",2026-09-29T13:32:55.335Z,http_post,https://api.divar.ir/v8/postlist/w/search,200,ok,53
275,measure,succeeded,2026-09-29T13:32:55.427Z,2026-09-29T13:32:58.514Z,"{""rows"": 24}",2026-09-29T13:32:58.404Z,http_post,https://api.divar.ir/v8/postlist/w/search,200,ok,94
276,measure,succeeded,2026-09-29T13:32:58.556Z,2026-09-29T13:33:01.581Z,"{""rows"": 17}",2026-09-29T13:33:01.518Z,http_post,https://api.divar.ir/v8/postlist/w/search,200,ok,53
277,measure,succeeded,2026-09-29T13:33:01.591Z,2026-09-29T13:33:04.642Z,"{""rows"": 11}",2026-09-29T13:33:04.586Z,http_post,https://api.divar.ir/v8/postlist/w/search,200,ok,46
278,measure,succeeded,2026-09-29T13:33:04.653Z,2026-09-29T13:33:07.985Z,"{""rows"": 24}",2026-09-29T13:33:07.646Z,http_post,https://api.divar.ir/v8/postlist/w/search,200,ok,328
279,measure,succeeded,2026-09-29T13:33:07.997Z,2026-09-29T13:33:11.133Z,"{""rows"": 6}",2026-09-29T13:33:10.989Z,http_post,https://api.divar.ir/v8/postlist/w/search,200,ok,124
280,measure,succeeded,2026-09-29T13:33:11.151Z,2026-09-29T13:33:14.190Z,"{""rows"": 23}",2026-09-29T13:33:14.129Z,http_post,https://api.divar.ir/v8/postlist/w/search,200,ok,50
281,measure,succeeded,2026-09-29T13:33:14.207Z,2026-09-29T13:33:17.273Z,"{""rows"": 24}",2026-09-29T13:33:17.194Z,http_post,https://api.divar.ir/v8/postlist/w/search,200,ok,65
282,measure,succeeded,2026-09-29T13:33:17.291Z,2026-09-29T13:33:20.347Z,"{""rows"": 24}",2026-09-29T13:33:20.275Z,http_post,https://api.divar.ir/v8/postlist/w/search,200,ok,60
283,measure,succeeded,2026-09-29T13:33:20.368Z,2026-09-29T13:33:23.415Z,"{""rows"": 2}",2026-09-29T13:33:23.350Z,http_post,https://api.divar.ir/v8/postlist/w/search,200,ok,47
284,measure,succeeded,2026-09-29T13:33:23.429Z,2026-09-29T13:33:26.481Z,"{""rows"": 24}",2026-09-29T13:33:26.415Z,http_post,https://api.divar.ir/v8/postlist/w/search,200,ok,49
285,measure,succeeded,2026-09-29T13:33:26.504Z,2026-09-29T13:33:29.545Z,"{""rows"": 0}",2026-09-29T13:33:29.484Z,http_post,https://api.divar.ir/v8/postlist/w/search,200,ok,51
286,measure,succeeded,2026-09-29T13:33:29.561Z,2026-09-29T13:33:32.614Z,"{""rows"": 24}",2026-09-29T13:33:32.553Z,http_post,https://api.divar.ir/v8/postlist/w/search,200,ok,51
287,measure,succeeded,2026-09-29T13:33:32.643Z,2026-09-29T13:33:35.863Z,"{""rows"": 24}",2026-09-29T13:33:35.619Z,http_post,https://api.divar.ir/v8/postlist/w/search,200,ok,222
288,measure,succeeded,2026-09-29T13:33:35.910Z,2026-09-29T13:33:38.930Z,"{""rows"": 24}",2026-09-29T13:33:38.861Z,http_post,https://api.divar.ir/v8/postlist/w/search,200,ok,57
289,measure,succeeded,2026-09-29T13:33:38.951Z,2026-09-29T13:33:41.992Z,"{""rows"": 23}",2026-09-29T13:33:41.935Z,http_post,https://api.divar.ir/v8/postlist/w/search,200,ok,46
290,measure,succeeded,2026-09-29T13:33:42.004Z,2026-09-29T13:33:45.085Z,"{""rows"": 24}",2026-09-29T13:33:44.998Z,http_post,https://api.divar.ir/v8/postlist/w/search,200,ok,65
291,measure,succeeded,2026-09-29T13:33:45.166Z,2026-09-29T13:33:48.192Z,"{""rows"": 6}",2026-09-29T13:33:48.085Z,http_post,https://api.divar.ir/v8/postlist/w/search,200,ok,87
292,measure,succeeded,2026-09-29T13:33:48.216Z,2026-09-29T13:33:51.275Z,"{""rows"": 24}",2026-09-29T13:33:51.192Z,http_post,https://api.divar.ir/v8/postlist/w/search,200,ok,61
293,measure,succeeded,2026-09-29T13:33:51.300Z,2026-09-29T13:33:54.349Z,"{""rows"": 24}",2026-09-29T13:33:54.274Z,http_post,https://api.divar.ir/v8/postlist/w/search,200,ok,55
294,measure,succeeded,2026-09-29T13:35:54.453Z,2026-09-29T13:35:54.685Z,"{""rows"": 24}",2026-09-29T13:35:54.467Z,http_post,https://api.divar.ir/v8/postlist/w/search,200,ok,208
295,measure,succeeded,2026-09-29T13:35:55.453Z,2026-09-29T13:35:57.739Z,"{""rows"": 5}",2026-09-29T13:35:57.689Z,http_post,https://api.divar.ir/v8/postlist/w/search,200,ok,39
296,measure,succeeded,2026-09-29T13:35:57.753Z,2026-09-29T13:36:00.826Z,"{""rows"": 24}",2026-09-29T13:36:00.744Z,http_post,https://api.divar.ir/v8/postlist/w/search,200,ok,61
297,measure,succeeded,2026-09-29T13:36:00.879Z,2026-09-29T13:36:03.881Z,"{""rows"": 1}",2026-09-29T13:36:03.826Z,http_post,https://api.divar.ir/v8/postlist/w/search,200,ok,45
298,measure,succeeded,2026-09-29T13:36:03.904Z,2026-09-29T13:36:06.963Z,"{""rows"": 24}",2026-09-29T13:36:06.887Z,http_post,https://api.divar.ir/v8/postlist/w/search,200,ok,54
299,measure,succeeded,2026-09-29T13:36:06.994Z,2026-09-29T13:36:10.033Z,"{""rows"": 24}",2026-09-29T13:36:09.962Z,http_post,https://api.divar.ir/v8/postlist/w/search,200,ok,59
300,measure,succeeded,2026-09-29T13:36:10.059Z,2026-09-29T13:36:13.101Z,"{""rows"": 24}",2026-09-29T13:36:13.036Z,http_post,https://api.divar.ir/v8/postlist/w/search,200,ok,54
301,measure,succeeded,2026-09-29T13:36:13.145Z,2026-09-29T13:36:16.204Z,"{""rows"": 23}",2026-09-29T13:36:16.104Z,http_post,https://api.divar.ir/v8/postlist/w/search,200,ok,73
302,measure,succeeded,2026-09-29T13:36:16.247Z,2026-09-29T13:36:19.319Z,"{""rows"": 24}",2026-09-29T13:36:19.202Z,http_post,https://api.divar.ir/v8/postlist/w/search,200,ok,105
303,measure,succeeded,2026-09-29T13:36:19.388Z,2026-09-29T13:36:22.427Z,"{""rows"": 24}",2026-09-29T13:36:22.322Z,http_post,https://api.divar.ir/v8/postlist/w/search,200,ok,94
304,measure,succeeded,2026-09-29T13:36:22.457Z,2026-09-29T13:36:25.472Z,"{""rows"": 0}",2026-09-29T13:36:25.429Z,http_post,https://api.divar.ir/v8/postlist/w/search,200,ok,36
305,measure,succeeded,2026-09-29T13:36:25.483Z,2026-09-29T13:36:28.539Z,"{""rows"": 24}",2026-09-29T13:36:28.477Z,http_post,https://api.divar.ir/v8/postlist/w/search,200,ok,52
306,measure,succeeded,2026-09-29T13:36:28.555Z,2026-09-29T13:36:31.608Z,"{""rows"": 24}",2026-09-29T13:36:31.541Z,http_post,https://api.divar.ir/v8/postlist/w/search,200,ok,58
307,measure,succeeded,2026-09-29T13:36:31.621Z,2026-09-29T13:36:34.696Z,"{""rows"": 24}",2026-09-29T13:36:34.612Z,http_post,https://api.divar.ir/v8/postlist/w/search,200,ok,73
308,measure,succeeded,2026-09-29T13:36:34.773Z,2026-09-29T13:36:37.752Z,"{""rows"": 24}",2026-09-29T13:36:37.703Z,http_post,https://api.divar.ir/v8/postlist/w/search,200,ok,40
309,measure,succeeded,2026-09-29T13:36:37.762Z,2026-09-29T13:36:40.831Z,"{""rows"": 22}",2026-09-29T13:36:40.756Z,http_post,https://api.divar.ir/v8/postlist/w/search,200,ok,64
310,measure,succeeded,2026-09-29T13:36:40.850Z,2026-09-29T13:36:43.904Z,"{""rows"": 18}",2026-09-29T13:36:43.834Z,http_post,https://api.divar.ir/v8/postlist/w/search,200,ok,53
311,measure,succeeded,2026-09-29T13:36:43.922Z,2026-09-29T13:36:46.975Z,"{""rows"": 24}",2026-09-29T13:36:46.900Z,http_post,https://api.divar.ir/v8/postlist/w/search,200,ok,66
312,measure,succeeded,2026-09-29T13:36:46.992Z,2026-09-29T13:36:50.029Z,"{""rows"": 0}",2026-09-29T13:36:49.979Z,http_post,https://api.divar.ir/v8/postlist/w/search,200,ok,45
313,measure,succeeded,2026-09-29T13:36:50.041Z,2026-09-29T13:36:53.085Z,"{""rows"": 1}",2026-09-29T13:36:53.036Z,http_post,https://api.divar.ir/v8/postlist/w/search,200,ok,41
314,measure,succeeded,2026-09-29T13:36:53.100Z,2026-09-29T13:36:56.176Z,"{""rows"": 24}",2026-09-29T13:36:56.090Z,http_post,https://api.divar.ir/v8/postlist/w/search,200,ok,61
315,measure,succeeded,2026-09-29T13:36:56.225Z,2026-09-29T13:36:59.250Z,"{""rows"": 3}",2026-09-29T13:36:59.177Z,http_post,https://api.divar.ir/v8/postlist/w/search,200,ok,67
316,measure,succeeded,2026-09-29T13:36:59.261Z,2026-09-29T13:37:02.310Z,"{""rows"": 4}",2026-09-29T13:37:02.255Z,http_post,https://api.divar.ir/v8/postlist/w/search,200,ok,46
317,measure,succeeded,2026-09-29T13:37:02.339Z,2026-09-29T13:37:05.423Z,"{""rows"": 24}",2026-09-29T13:37:05.320Z,http_post,https://api.divar.ir/v8/postlist/w/search,200,ok,77
318,measure,succeeded,2026-09-29T13:37:05.510Z,2026-09-29T13:37:08.540Z,"{""rows"": 23}",2026-09-29T13:37:08.420Z,http_post,https://api.divar.ir/v8/postlist/w/search,200,ok,72
319,measure,succeeded,2026-09-29T13:37:08.590Z,2026-09-29T13:37:11.649Z,"{""rows"": 23}",2026-09-29T13:37:11.533Z,http_post,https://api.divar.ir/v8/postlist/w/search,200,ok,88
320,measure,succeeded,2026-09-29T13:37:11.739Z,2026-09-29T13:37:14.698Z,"{""rows"": 1}",2026-09-29T13:37:14.642Z,http_post,https://api.divar.ir/v8/postlist/w/search,200,ok,50
321,measure,succeeded,2026-09-29T13:37:14.714Z,2026-09-29T13:37:17.760Z,"{""rows"": 24}",2026-09-29T13:37:17.705Z,http_post,https://api.divar.ir/v8/postlist/w/search,200,ok,45
322,measure,succeeded,2026-09-29T13:37:17.782Z,2026-09-29T13:37:20.819Z,"{""rows"": 1}",2026-09-29T13:37:20.765Z,http_post,https://api.divar.ir/v8/postlist/w/search,200,ok,47
323,measure,succeeded,2026-09-29T13:37:20.829Z,2026-09-29T13:37:23.885Z,"{""rows"": 11}",2026-09-29T13:37:23.825Z,http_post,https://api.divar.ir/v8/postlist/w/search,200,ok,47
324,measure,succeeded,2026-09-29T13:37:23.898Z,2026-09-29T13:37:26.935Z,"{""rows"": 4}",2026-09-29T13:37:26.890Z,http_post,https://api.divar.ir/v8/postlist/w/search,200,ok,37
325,measure,succeeded,2026-09-29T13:37:26.946Z,2026-09-29T13:37:29.998Z,"{""rows"": 24}",2026-09-29T13:37:29.940Z,http_post,https://api.divar.ir/v8/postlist/w/search,200,ok,45
326,measure,succeeded,2026-09-29T13:37:30.031Z,2026-09-29T13:37:33.060Z,"{""rows"": 24}",2026-09-29T13:37:33.000Z,http_post,https://api.divar.ir/v8/postlist/w/search,200,ok,46
327,measure,succeeded,2026-09-29T13:37:33.084Z,2026-09-29T13:37:36.121Z,"{""rows"": 0}",2026-09-29T13:37:36.061Z,http_post,https://api.divar.ir/v8/postlist/w/search,200,ok,47
328,measure,succeeded,2026-09-29T13:37:36.135Z,2026-09-29T13:37:39.176Z,"{""rows"": 24}",2026-09-29T13:37:39.123Z,http_post,https://api.divar.ir/v8/postlist/w/search,200,ok,47
329,measure,succeeded,2026-09-29T13:37:39.187Z,2026-09-29T13:37:42.271Z,"{""rows"": 24}",2026-09-29T13:37:42.181Z,http_post,https://api.divar.ir/v8/postlist/w/search,200,ok,70
330,measure,succeeded,2026-09-29T13:37:42.296Z,2026-09-29T13:37:45.312Z,"{""rows"": 4}",2026-09-29T13:37:45.270Z,http_post,https://api.divar.ir/v8/postlist/w/search,200,ok,37
331,measure,succeeded,2026-09-29T13:37:45.318Z,2026-09-29T13:37:48.390Z,"{""rows"": 24}",2026-09-29T13:37:48.319Z,http_post,https://api.divar.ir/v8/postlist/w/search,200,ok,58
332,measure,succeeded,2026-09-29T13:37:48.414Z,2026-09-29T13:37:51.448Z,"{""rows"": 24}",2026-09-29T13:37:51.394Z,http_post,https://api.divar.ir/v8/postlist/w/search,200,ok,46
333,measure,succeeded,2026-09-29T13:37:51.464Z,2026-09-29T13:37:54.533Z,"{""rows"": 24}",2026-09-29T13:37:54.454Z,http_post,https://api.divar.ir/v8/postlist/w/search,200,ok,62
334,measure,succeeded,2026-09-29T13:39:54.653Z,2026-09-29T13:39:54.851Z,"{""rows"": 1}",2026-09-29T13:39:54.657Z,http_post,https://api.divar.ir/v8/postlist/w/search,200,ok,188
335,measure,succeeded,2026-09-29T13:39:55.653Z,2026-09-29T13:39:57.948Z,"{""rows"": 24}",2026-09-29T13:39:57.859Z,http_post,https://api.divar.ir/v8/postlist/w/search,200,ok,55
336,measure,succeeded,2026-09-29T13:39:58.019Z,2026-09-29T13:40:00.999Z,"{""rows"": 24}",2026-09-29T13:40:00.938Z,http_post,https://api.divar.ir/v8/postlist/w/search,200,ok,53
337,measure,succeeded,2026-09-29T13:40:01.011Z,2026-09-29T13:40:04.111Z,"{""rows"": 24}",2026-09-29T13:40:04.006Z,http_post,https://api.divar.ir/v8/postlist/w/search,200,ok,93
338,measure,succeeded,2026-09-29T13:40:04.153Z,2026-09-29T13:40:07.183Z,"{""rows"": 0}",2026-09-29T13:40:07.113Z,http_post,https://api.divar.ir/v8/postlist/w/search,200,ok,64
339,measure,succeeded,2026-09-29T13:40:07.191Z,2026-09-29T13:40:10.246Z,"{""rows"": 1}",2026-09-29T13:40:10.188Z,http_post,https://api.divar.ir/v8/postlist/w/search,200,ok,54
340,measure,succeeded,2026-09-29T13:40:10.254Z,2026-09-29T13:40:13.314Z,"{""rows"": 24}",2026-09-29T13:40:13.252Z,http_post,https://api.divar.ir/v8/postlist/w/search,200,ok,49
341,measure,succeeded,2026-09-29T13:40:13.330Z,2026-09-29T13:40:16.473Z,"{""rows"": 24}",2026-09-29T13:40:16.315Z,http_post,https://api.divar.ir/v8/postlist/w/search,200,ok,147
342,measure,succeeded,2026-09-29T13:40:16.484Z,2026-09-29T13:40:19.567Z,"{""rows"": 19}",2026-09-29T13:40:19.477Z,http_post,https://api.divar.ir/v8/postlist/w/search,200,ok,70
343,measure,succeeded,2026-09-29T13:40:19.594Z,2026-09-29T13:40:22.645Z,"{""rows"": 24}",2026-09-29T13:40:22.569Z,http_post,https://api.divar.ir/v8/postlist/w/search,200,ok,56
344,measure,succeeded,2026-09-29T13:40:22.666Z,2026-09-29T13:40:25.700Z,"{""rows"": 21}",2026-09-29T13:40:25.645Z,http_post,https://api.divar.ir/v8/postlist/w/search,200,ok,47
345,measure,succeeded,2026-09-29T13:40:25.707Z,2026-09-29T13:40:28.795Z,"{""rows"": 24}",2026-09-29T13:40:28.706Z,http_post,https://api.divar.ir/v8/postlist/w/search,200,ok,69
346,measure,succeeded,2026-09-29T13:40:28.849Z,2026-09-29T13:40:31.850Z,"{""rows"": 24}",2026-09-29T13:40:31.794Z,http_post,https://api.divar.ir/v8/postlist/w/search,200,ok,49
347,measure,succeeded,2026-09-29T13:40:31.858Z,2026-09-29T13:40:34.958Z,"{""rows"": 23}",2026-09-29T13:40:34.855Z,http_post,https://api.divar.ir/v8/postlist/w/search,200,ok,82
348,measure,succeeded,2026-09-29T13:40:34.987Z,2026-09-29T13:40:38.012Z,"{""rows"": 24}",2026-09-29T13:40:37.956Z,http_post,https://api.divar.ir/v8/postlist/w/search,200,ok,48
349,measure,succeeded,2026-09-29T13:40:38.038Z,2026-09-29T13:40:41.067Z,"{""rows"": 24}",2026-09-29T13:40:41.015Z,http_post,https://api.divar.ir/v8/postlist/w/search,200,ok,45
350,measure,succeeded,2026-09-29T13:40:41.089Z,2026-09-29T13:40:44.136Z,"{""rows"": 24}",2026-09-29T13:40:44.073Z,http_post,https://api.divar.ir/v8/postlist/w/search,200,ok,56
351,measure,succeeded,2026-09-29T13:40:44.150Z,2026-09-29T13:40:47.241Z,"{""rows"": 0}",2026-09-29T13:40:47.141Z,http_post,https://api.divar.ir/v8/postlist/w/search,200,ok,35
352,measure,succeeded,2026-09-29T13:40:47.250Z,2026-09-29T13:40:50.306Z,"{""rows"": 24}",2026-09-29T13:40:50.233Z,http_post,https://api.divar.ir/v8/postlist/w/search,200,ok,55
353,measure,succeeded,2026-09-29T13:40:50.331Z,2026-09-29T13:40:53.360Z,"{""rows"": 1}",2026-09-29T13:40:53.308Z,http_post,https://api.divar.ir/v8/postlist/w/search,200,ok,39
354,measure,succeeded,2026-09-29T13:40:53.384Z,2026-09-29T13:40:56.416Z,"{""rows"": 5}",2026-09-29T13:40:56.365Z,http_post,https://api.divar.ir/v8/postlist/w/search,200,ok,36
355,measure,succeeded,2026-09-29T13:40:56.443Z,2026-09-29T13:40:59.514Z,"{""rows"": 24}",2026-09-29T13:40:59.417Z,http_post,https://api.divar.ir/v8/postlist/w/search,200,ok,84
356,measure,succeeded,2026-09-29T13:40:59.531Z,2026-09-29T13:41:02.599Z,"{""rows"": 24}",2026-09-29T13:41:02.518Z,http_post,https://api.divar.ir/v8/postlist/w/search,200,ok,71
357,measure,succeeded,2026-09-29T13:41:02.615Z,2026-09-29T13:41:05.659Z,"{""rows"": 6}",2026-09-29T13:41:05.603Z,http_post,https://api.divar.ir/v8/postlist/w/search,200,ok,48
358,measure,succeeded,2026-09-29T13:41:05.667Z,2026-09-29T13:41:08.717Z,"{""rows"": 1}",2026-09-29T13:41:08.663Z,http_post,https://api.divar.ir/v8/postlist/w/search,200,ok,43
359,measure,succeeded,2026-09-29T13:41:08.737Z,2026-09-29T13:41:11.781Z,"{""rows"": 23}",2026-09-29T13:41:11.720Z,http_post,https://api.divar.ir/v8/postlist/w/search,200,ok,53
360,measure,succeeded,2026-09-29T13:41:11.795Z,2026-09-29T13:41:14.864Z,"{""rows"": 23}",2026-09-29T13:41:14.790Z,http_post,https://api.divar.ir/v8/postlist/w/search,200,ok,52
361,measure,succeeded,2026-09-29T13:41:14.880Z,2026-09-29T13:41:17.915Z,"{""rows"": 19}",2026-09-29T13:41:17.862Z,http_post,https://api.divar.ir/v8/postlist/w/search,200,ok,46
362,measure,succeeded,2026-09-29T13:41:17.925Z,2026-09-29T13:41:21.157Z,"{""rows"": 24}",2026-09-29T13:41:20.921Z,http_post,https://api.divar.ir/v8/postlist/w/search,200,ok,213
363,measure,succeeded,2026-09-29T13:41:21.215Z,2026-09-29T13:41:24.243Z,"{""rows"": 24}",2026-09-29T13:41:24.156Z,http_post,https://api.divar.ir/v8/postlist/w/search,200,ok,69
364,measure,succeeded,2026-09-29T13:41:24.259Z,2026-09-29T13:41:27.334Z,"{""rows"": 7}",2026-09-29T13:41:27.243Z,http_post,https://api.divar.ir/v8/postlist/w/search,200,ok,72
365,measure,succeeded,2026-09-29T13:41:27.360Z,2026-09-29T13:41:30.414Z,"{""rows"": 24}",2026-09-29T13:41:30.333Z,http_post,https://api.divar.ir/v8/postlist/w/search,200,ok,60
366,measure,succeeded,2026-09-29T13:41:30.450Z,2026-09-29T13:41:33.520Z,"{""rows"": 24}",2026-09-29T13:41:33.414Z,http_post,https://api.divar.ir/v8/postlist/w/search,200,ok,80
367,measure,succeeded,2026-09-29T13:41:33.556Z,2026-09-29T13:41:36.577Z,"{""rows"": 24}",2026-09-29T13:41:36.516Z,http_post,https://api.divar.ir/v8/postlist/w/search,200,ok,43
368,measure,succeeded,2026-09-29T13:41:36.613Z,2026-09-29T13:41:39.653Z,"{""rows"": 24}",2026-09-29T13:41:39.578Z,http_post,https://api.divar.ir/v8/postlist/w/search,200,ok,55
369,measure,succeeded,2026-09-29T13:41:39.677Z,2026-09-29T13:41:42.715Z,"{""rows"": 24}",2026-09-29T13:41:42.652Z,http_post,https://api.divar.ir/v8/postlist/w/search,200,ok,53
370,measure,succeeded,2026-09-29T13:41:42.731Z,2026-09-29T13:41:45.779Z,"{""rows"": 0}",2026-09-29T13:41:45.721Z,http_post,https://api.divar.ir/v8/postlist/w/search,200,ok,49
371,measure,succeeded,2026-09-29T13:41:45.795Z,2026-09-29T13:41:48.864Z,"{""rows"": 24}",2026-09-29T13:41:48.785Z,http_post,https://api.divar.ir/v8/postlist/w/search,200,ok,69
372,measure,succeeded,2026-09-29T13:41:48.881Z,2026-09-29T13:41:51.930Z,"{""rows"": 7}",2026-09-29T13:41:51.869Z,http_post,https://api.divar.ir/v8/postlist/w/search,200,ok,46
373,measure,succeeded,2026-09-29T13:41:51.953Z,2026-09-29T13:41:55.106Z,"{""rows"": 24}",2026-09-29T13:41:54.931Z,http_post,https://api.divar.ir/v8/postlist/w/search,200,ok,152
374,measure,succeeded,2026-09-29T13:43:54.271Z,2026-09-29T13:43:54.482Z,"{""rows"": 24}",2026-09-29T13:43:54.281Z,http_post,https://api.divar.ir/v8/postlist/w/search,200,ok,183
375,measure,succeeded,2026-09-29T13:43:55.270Z,2026-09-29T13:43:57.533Z,"{""rows"": 2}",2026-09-29T13:43:57.485Z,http_post,https://api.divar.ir/v8/postlist/w/search,200,ok,41
376,measure,succeeded,2026-09-29T13:43:57.542Z,2026-09-29T13:44:00.588Z,"{""rows"": 24}",2026-09-29T13:44:00.538Z,http_post,https://api.divar.ir/v8/postlist/w/search,200,ok,41
377,measure,succeeded,2026-09-29T13:44:00.600Z,2026-09-29T13:44:03.656Z,"{""rows"": 1}",2026-09-29T13:44:03.591Z,http_post,https://api.divar.ir/v8/postlist/w/search,200,ok,55
378,measure,succeeded,2026-09-29T13:44:03.674Z,2026-09-29T13:44:06.705Z,"{""rows"": 0}",2026-09-29T13:44:06.662Z,http_post,https://api.divar.ir/v8/postlist/w/search,200,ok,33
379,measure,succeeded,2026-09-29T13:44:06.716Z,2026-09-29T13:44:09.789Z,"{""rows"": 24}",2026-09-29T13:44:09.711Z,http_post,https://api.divar.ir/v8/postlist/w/search,200,ok,58
380,measure,succeeded,2026-09-29T13:44:09.814Z,2026-09-29T13:44:12.927Z,"{""rows"": 14}",2026-09-29T13:44:12.787Z,http_post,https://api.divar.ir/v8/postlist/w/search,200,ok,123
381,measure,succeeded,2026-09-29T13:44:12.948Z,2026-09-29T13:44:15.976Z,"{""rows"": 0}",2026-09-29T13:44:15.926Z,http_post,https://api.divar.ir/v8/postlist/w/search,200,ok,36
382,measure,succeeded,2026-09-29T13:44:16.003Z,2026-09-29T13:44:19.048Z,"{""rows"": 24}",2026-09-29T13:44:18.976Z,http_post,https://api.divar.ir/v8/postlist/w/search,200,ok,64
383,measure,succeeded,2026-09-29T13:44:19.065Z,2026-09-29T13:44:22.129Z,"{""rows"": 23}",2026-09-29T13:44:22.052Z,http_post,https://api.divar.ir/v8/postlist/w/search,200,ok,57
384,measure,succeeded,2026-09-29T13:44:22.157Z,2026-09-29T13:44:25.399Z,"{""rows"": 18}",2026-09-29T13:44:25.129Z,http_post,https://api.divar.ir/v8/postlist/w/search,200,ok,249
385,measure,succeeded,2026-09-29T13:44:25.419Z,2026-09-29T13:44:28.444Z,"{""rows"": 0}",2026-09-29T13:44:28.396Z,http_post,https://api.divar.ir/v8/postlist/w/search,200,ok,37
386,measure,succeeded,2026-09-29T13:44:28.465Z,2026-09-29T13:44:31.511Z,"{""rows"": 24}",2026-09-29T13:44:31.446Z,http_post,https://api.divar.ir/v8/postlist/w/search,200,ok,55
387,measure,succeeded,2026-09-29T13:44:31.522Z,2026-09-29T13:44:34.566Z,"{""rows"": 1}",2026-09-29T13:44:34.513Z,http_post,https://api.divar.ir/v8/postlist/w/search,200,ok,49
388,measure,succeeded,2026-09-29T13:44:34.572Z,2026-09-29T13:44:37.627Z,"{""rows"": 1}",2026-09-29T13:44:37.573Z,http_post,https://api.divar.ir/v8/postlist/w/search,200,ok,41
389,measure,succeeded,2026-09-29T13:44:37.651Z,2026-09-29T13:44:40.697Z,"{""rows"": 5}",2026-09-29T13:44:40.631Z,http_post,https://api.divar.ir/v8/postlist/w/search,200,ok,51
390,measure,succeeded,2026-09-29T13:44:40.721Z,2026-09-29T13:44:43.763Z,"{""rows"": 24}",2026-09-29T13:44:43.700Z,http_post,https://api.divar.ir/v8/postlist/w/search,200,ok,53
391,measure,succeeded,2026-09-29T13:44:43.777Z,2026-09-29T13:44:46.824Z,"{""rows"": 4}",2026-09-29T13:44:46.768Z,http_post,https://api.divar.ir/v8/postlist/w/search,200,ok,40
392,measure,succeeded,2026-09-29T13:44:46.849Z,2026-09-29T13:44:49.903Z,"{""rows"": 14}",2026-09-29T13:44:49.826Z,http_post,https://api.divar.ir/v8/postlist/w/search,200,ok,70
393,measure,succeeded,2026-09-29T13:44:49.911Z,2026-09-29T13:44:52.972Z,"{""rows"": 24}",2026-09-29T13:44:52.908Z,http_post,https://api.divar.ir/v8/postlist/w/search,200,ok,52
394,measure,succeeded,2026-09-29T13:44:53.003Z,2026-09-29T13:44:56.070Z,"{""rows"": 24}",2026-09-29T13:44:55.974Z,http_post,https://api.divar.ir/v8/postlist/w/search,200,ok,73
395,measure,succeeded,2026-09-29T13:44:56.095Z,2026-09-29T13:44:59.108Z,"{""rows"": 7}",2026-09-29T13:44:59.066Z,http_post,https://api.divar.ir/v8/postlist/w/search,200,ok,33
396,measure,succeeded,2026-09-29T13:44:59.115Z,2026-09-29T13:45:02.216Z,"{""rows"": 23}",2026-09-29T13:45:02.112Z,http_post,https://api.divar.ir/v8/postlist/w/search,200,ok,94
397,measure,succeeded,2026-09-29T13:45:02.258Z,2026-09-29T13:45:05.277Z,"{""rows"": 12}",2026-09-29T13:45:05.220Z,http_post,https://api.divar.ir/v8/postlist/w/search,200,ok,46
398,measure,succeeded,2026-09-29T13:45:05.294Z,2026-09-29T13:45:08.343Z,"{""rows"": 5}",2026-09-29T13:45:08.282Z,http_post,https://api.divar.ir/v8/postlist/w/search,200,ok,48
399,measure,succeeded,2026-09-29T13:45:08.366Z,2026-09-29T13:45:11.407Z,"{""rows"": 0}",2026-09-29T13:45:11.347Z,http_post,https://api.divar.ir/v8/postlist/w/search,200,ok,47
400,measure,succeeded,2026-09-29T13:45:11.430Z,2026-09-29T13:45:14.516Z,"{""rows"": 24}",2026-09-29T13:45:14.410Z,http_post,https://api.divar.ir/v8/postlist/w/search,200,ok,99
401,measure,succeeded,2026-09-29T13:45:14.558Z,2026-09-29T13:45:17.596Z,"{""rows"": 24}",2026-09-29T13:45:17.522Z,http_post,https://api.divar.ir/v8/postlist/w/search,200,ok,62
402,measure,succeeded,2026-09-29T13:45:17.623Z,2026-09-29T13:45:20.660Z,"{""rows"": 24}",2026-09-29T13:45:20.601Z,http_post,https://api.divar.ir/v8/postlist/w/search,200,ok,47
403,measure,succeeded,2026-09-29T13:45:20.671Z,2026-09-29T13:45:23.736Z,"{""rows"": 18}",2026-09-29T13:45:23.663Z,http_post,https://api.divar.ir/v8/postlist/w/search,200,ok,56
404,measure,succeeded,2026-09-29T13:45:23.753Z,2026-09-29T13:45:26.846Z,"{""rows"": 24}",2026-09-29T13:45:26.737Z,http_post,https://api.divar.ir/v8/postlist/w/search,200,ok,89
405,measure,succeeded,2026-09-29T13:45:26.871Z,2026-09-29T13:45:29.927Z,"{""rows"": 24}",2026-09-29T13:45:29.846Z,http_post,https://api.divar.ir/v8/postlist/w/search,200,ok,69
406,measure,succeeded,2026-09-29T13:45:30.952Z,2026-09-29T13:45:33.075Z,"{""rows"": 24}",2026-09-29T13:45:32.934Z,http_post,https://api.divar.ir/v8/postlist/w/search,200,ok,118
407,measure,succeeded,2026-09-29T13:45:33.090Z,2026-09-29T13:45:36.137Z,"{""rows"": 1}",2026-09-29T13:45:36.071Z,http_post,https://api.divar.ir/v8/postlist/w/search,200,ok,51
408,measure,succeeded,2026-09-29T13:45:36.165Z,2026-09-29T13:45:39.230Z,"{""rows"": 8}",2026-09-29T13:45:39.140Z,http_post,https://api.divar.ir/v8/postlist/w/search,200,ok,76
409,measure,succeeded,2026-09-29T13:45:39.250Z,2026-09-29T13:45:42.300Z,"{""rows"": 1}",2026-09-29T13:45:42.231Z,http_post,https://api.divar.ir/v8/postlist/w/search,200,ok,61
410,measure,succeeded,2026-09-29T13:45:42.317Z,2026-09-29T13:45:45.391Z,"{""rows"": 24}",2026-09-29T13:45:45.307Z,http_post,https://api.divar.ir/v8/postlist/w/search,200,ok,68
411,measure,succeeded,2026-09-29T13:45:45.416Z,2026-09-29T13:45:48.492Z,"{""rows"": 24}",2026-09-29T13:45:48.394Z,http_post,https://api.divar.ir/v8/postlist/w/search,200,ok,89
412,measure,succeeded,2026-09-29T13:45:48.503Z,2026-09-29T13:45:51.563Z,"{""rows"": 10}",2026-09-29T13:45:51.497Z,http_post,https://api.divar.ir/v8/postlist/w/search,200,ok,44
413,measure,succeeded,2026-09-29T13:45:51.581Z,2026-09-29T13:45:54.629Z,"{""rows"": 24}",2026-09-29T13:45:54.560Z,http_post,https://api.divar.ir/v8/postlist/w/search,200,ok,60
414,measure,succeeded,2026-09-29T13:47:54.746Z,2026-09-29T13:47:54.960Z,"{""rows"": 24}",2026-09-29T13:47:54.750Z,http_post,https://api.divar.ir/v8/postlist/w/search,200,ok,200
415,measure,succeeded,2026-09-29T13:47:55.746Z,2026-09-29T13:47:58.017Z,"{""rows"": 0}",2026-09-29T13:47:57.962Z,http_post,https://api.divar.ir/v8/postlist/w/search,200,ok,49
416,measure,succeeded,2026-09-29T13:47:58.026Z,2026-09-29T13:48:01.098Z,"{""rows"": 3}",2026-09-29T13:48:01.022Z,http_post,https://api.divar.ir/v8/postlist/w/search,200,ok,68
417,measure,succeeded,2026-09-29T13:48:01.106Z,2026-09-29T13:48:04.181Z,"{""rows"": 24}",2026-09-29T13:48:04.102Z,http_post,https://api.divar.ir/v8/postlist/w/search,200,ok,67
418,measure,succeeded,2026-09-29T13:48:04.267Z,2026-09-29T13:48:07.250Z,"{""rows"": 15}",2026-09-29T13:48:07.185Z,http_post,https://api.divar.ir/v8/postlist/w/search,200,ok,57
419,measure,succeeded,2026-09-29T13:48:07.258Z,2026-09-29T13:48:10.327Z,"{""rows"": 24}",2026-09-29T13:48:10.254Z,http_post,https://api.divar.ir/v8/postlist/w/search,200,ok,59
420,measure,succeeded,2026-09-29T13:48:10.339Z,2026-09-29T13:48:13.411Z,"{""rows"": 24}",2026-09-29T13:48:13.328Z,http_post,https://api.divar.ir/v8/postlist/w/search,200,ok,76
421,measure,succeeded,2026-09-29T13:48:13.419Z,2026-09-29T13:48:16.466Z,"{""rows"": 24}",2026-09-29T13:48:16.416Z,http_post,https://api.divar.ir/v8/postlist/w/search,200,ok,42
422,measure,succeeded,2026-09-29T13:48:16.475Z,2026-09-29T13:48:19.556Z,"{""rows"": 24}",2026-09-29T13:48:19.470Z,http_post,https://api.divar.ir/v8/postlist/w/search,200,ok,77
423,measure,succeeded,2026-09-29T13:48:19.565Z,2026-09-29T13:48:22.646Z,"{""rows"": 24}",2026-09-29T13:48:22.561Z,http_post,https://api.divar.ir/v8/postlist/w/search,200,ok,76
424,measure,succeeded,2026-09-29T13:48:22.656Z,2026-09-29T13:48:25.686Z,"{""rows"": 0}",2026-09-29T13:48:25.650Z,http_post,https://api.divar.ir/v8/postlist/w/search,200,ok,29
425,measure,succeeded,2026-09-29T13:48:25.711Z,2026-09-29T13:48:28.747Z,"{""rows"": 1}",2026-09-29T13:48:28.693Z,http_post,https://api.divar.ir/v8/postlist/w/search,200,ok,41
426,measure,succeeded,2026-09-29T13:48:28.767Z,2026-09-29T13:48:31.878Z,"{""rows"": 4}",2026-09-29T13:48:31.754Z,http_post,https://api.divar.ir/v8/postlist/w/search,200,ok,110
427,measure,succeeded,2026-09-29T13:48:31.892Z,2026-09-29T13:48:34.929Z,"{""rows"": 24}",2026-09-29T13:48:34.882Z,http_post,https://api.divar.ir/v8/postlist/w/search,200,ok,38
428,measure,succeeded,2026-09-29T13:48:34.939Z,2026-09-29T13:48:37.972Z,"{""rows"": 3}",2026-09-29T13:48:37.933Z,http_post,https://api.divar.ir/v8/postlist/w/search,200,ok,32
429,measure,succeeded,2026-09-29T13:48:37.984Z,2026-09-29T13:48:41.040Z,"{""rows"": 0}",2026-09-29T13:48:40.978Z,http_post,https://api.divar.ir/v8/postlist/w/search,200,ok,56
430,measure,succeeded,2026-09-29T13:48:41.047Z,2026-09-29T13:48:44.099Z,"{""rows"": 0}",2026-09-29T13:48:44.045Z,http_post,https://api.divar.ir/v8/postlist/w/search,200,ok,48
431,measure,succeeded,2026-09-29T13:48:44.108Z,2026-09-29T13:48:47.154Z,"{""rows"": 24}",2026-09-29T13:48:47.106Z,http_post,https://api.divar.ir/v8/postlist/w/search,200,ok,39
432,measure,succeeded,2026-09-29T13:48:47.164Z,2026-09-29T13:48:50.266Z,"{""rows"": 24}",2026-09-29T13:48:50.157Z,http_post,https://api.divar.ir/v8/postlist/w/search,200,ok,99
433,measure,succeeded,2026-09-29T13:48:50.276Z,2026-09-29T13:48:53.320Z,"{""rows"": 24}",2026-09-29T13:48:53.269Z,http_post,https://api.divar.ir/v8/postlist/w/search,200,ok,42
434,measure,succeeded,2026-09-29T13:48:53.328Z,2026-09-29T13:48:56.382Z,"{""rows"": 24}",2026-09-29T13:48:56.324Z,http_post,https://api.divar.ir/v8/postlist/w/search,200,ok,47
435,measure,succeeded,2026-09-29T13:48:56.400Z,2026-09-29T13:48:59.431Z,"{""rows"": 1}",2026-09-29T13:48:59.385Z,http_post,https://api.divar.ir/v8/postlist/w/search,200,ok,38
436,measure,succeeded,2026-09-29T13:48:59.442Z,2026-09-29T13:49:02.491Z,"{""rows"": 8}",2026-09-29T13:49:02.435Z,http_post,https://api.divar.ir/v8/postlist/w/search,200,ok,45
437,measure,succeeded,2026-09-29T13:49:02.502Z,2026-09-29T13:49:05.577Z,"{""rows"": 2}",2026-09-29T13:49:05.493Z,http_post,https://api.divar.ir/v8/postlist/w/search,200,ok,76
438,measure,succeeded,2026-09-29T13:49:05.589Z,2026-09-29T13:49:08.648Z,"{""rows"": 24}",2026-09-29T13:49:08.581Z,http_post,https://api.divar.ir/v8/postlist/w/search,200,ok,59
439,measure,succeeded,2026-09-29T13:49:08.659Z,2026-09-29T13:49:11.737Z,"{""rows"": 6}",2026-09-29T13:49:11.654Z,http_post,https://api.divar.ir/v8/postlist/w/search,200,ok,75
440,measure,succeeded,2026-09-29T13:49:11.747Z,2026-09-29T13:49:14.792Z,"{""rows"": 0}",2026-09-29T13:49:14.743Z,http_post,https://api.divar.ir/v8/postlist/w/search,200,ok,44
441,measure,succeeded,2026-09-29T13:49:14.800Z,2026-09-29T13:49:17.934Z,"{""rows"": 24}",2026-09-29T13:49:17.798Z,http_post,https://api.divar.ir/v8/postlist/w/search,200,ok,106
442,measure,succeeded,2026-09-29T13:49:17.969Z,2026-09-29T13:49:21.000Z,"{""rows"": 11}",2026-09-29T13:49:20.925Z,http_post,https://api.divar.ir/v8/postlist/w/search,200,ok,66
443,measure,succeeded,2026-09-29T13:49:21.016Z,2026-09-29T13:49:24.211Z,"{""rows"": 18}",2026-09-29T13:49:24.007Z,http_post,https://api.divar.ir/v8/postlist/w/search,200,ok,184
444,measure,succeeded,2026-09-29T13:49:24.249Z,2026-09-29T13:49:27.278Z,"{""rows"": 7}",2026-09-29T13:49:27.211Z,http_post,https://api.divar.ir/v8/postlist/w/search,200,ok,52
445,measure,succeeded,2026-09-29T13:49:27.298Z,2026-09-29T13:49:30.339Z,"{""rows"": 14}",2026-09-29T13:49:30.275Z,http_post,https://api.divar.ir/v8/postlist/w/search,200,ok,47
446,measure,succeeded,2026-09-29T13:49:30.368Z,2026-09-29T13:49:33.396Z,"{""rows"": 4}",2026-09-29T13:49:33.338Z,http_post,https://api.divar.ir/v8/postlist/w/search,200,ok,48
447,measure,succeeded,2026-09-29T13:49:33.410Z,2026-09-29T13:49:36.498Z,"{""rows"": 0}",2026-09-29T13:49:36.400Z,http_post,https://api.divar.ir/v8/postlist/w/search,200,ok,90
448,measure,succeeded,2026-09-29T13:49:36.507Z,2026-09-29T13:49:39.601Z,"{""rows"": 0}",2026-09-29T13:49:39.503Z,http_post,https://api.divar.ir/v8/postlist/w/search,200,ok,88
449,measure,succeeded,2026-09-29T13:49:39.631Z,2026-09-29T13:49:42.679Z,"{""rows"": 0}",2026-09-29T13:49:42.606Z,http_post,https://api.divar.ir/v8/postlist/w/search,200,ok,59
450,measure,succeeded,2026-09-29T13:49:42.692Z,2026-09-29T13:49:45.741Z,"{""rows"": 24}",2026-09-29T13:49:45.682Z,http_post,https://api.divar.ir/v8/postlist/w/search,200,ok,49
451,measure,succeeded,2026-09-29T13:49:45.752Z,2026-09-29T13:49:48.798Z,"{""rows"": 10}",2026-09-29T13:49:48.744Z,http_post,https://api.divar.ir/v8/postlist/w/search,200,ok,48
452,measure,succeeded,2026-09-29T13:49:48.808Z,2026-09-29T13:49:51.865Z,"{""rows"": 10}",2026-09-29T13:49:51.805Z,http_post,https://api.divar.ir/v8/postlist/w/search,200,ok,53
453,measure,succeeded,2026-09-29T13:49:51.872Z,2026-09-29T13:49:54.933Z,"{""rows"": 5}",2026-09-29T13:49:54.869Z,http_post,https://api.divar.ir/v8/postlist/w/search,200,ok,54
454,measure,succeeded,2026-09-29T13:51:54.022Z,2026-09-29T13:51:54.454Z,"{""rows"": 0}",2026-09-29T13:51:54.031Z,http_post,https://api.divar.ir/v8/postlist/w/search,200,ok,413
455,measure,succeeded,2026-09-29T13:51:55.024Z,2026-09-29T13:51:57.531Z,"{""rows"": 24}",2026-09-29T13:51:57.457Z,http_post,https://api.divar.ir/v8/postlist/w/search,200,ok,58
456,measure,succeeded,2026-09-29T13:51:57.552Z,2026-09-29T13:52:00.583Z,"{""rows"": 7}",2026-09-29T13:52:00.530Z,http_post,https://api.divar.ir/v8/postlist/w/search,200,ok,47
457,measure,succeeded,2026-09-29T13:52:00.593Z,2026-09-29T13:52:03.637Z,"{""rows"": 9}",2026-09-29T13:52:03.590Z,http_post,https://api.divar.ir/v8/postlist/w/search,200,ok,40
458,measure,succeeded,2026-09-29T13:52:03.652Z,2026-09-29T13:52:06.697Z,"{""rows"": 23}",2026-09-29T13:52:06.643Z,http_post,https://api.divar.ir/v8/postlist/w/search,200,ok,47
459,measure,succeeded,2026-09-29T13:52:06.705Z,2026-09-29T13:52:09.792Z,"{""rows"": 24}",2026-09-29T13:52:09.704Z,http_post,https://api.divar.ir/v8/postlist/w/search,200,ok,67
460,measure,succeeded,2026-09-29T13:52:09.870Z,2026-09-29T13:52:12.856Z,"{""rows"": 7}",2026-09-29T13:52:12.793Z,http_post,https://api.divar.ir/v8/postlist/w/search,200,ok,47
461,measure,succeeded,2026-09-29T13:52:12.869Z,2026-09-29T13:52:15.953Z,"{""rows"": 24}",2026-09-29T13:52:15.859Z,http_post,https://api.divar.ir/v8/postlist/w/search,200,ok,75
462,measure,succeeded,2026-09-29T13:52:15.977Z,2026-09-29T13:52:19.012Z,"{""rows"": 8}",2026-09-29T13:52:18.952Z,http_post,https://api.divar.ir/v8/postlist/w/search,200,ok,50
463,measure,succeeded,2026-09-29T13:52:19.029Z,2026-09-29T13:52:22.115Z,"{""rows"": 24}",2026-09-29T13:52:22.017Z,http_post,https://api.divar.ir/v8/postlist/w/search,200,ok,79
464,measure,succeeded,2026-09-29T13:52:22.144Z,2026-09-29T13:52:25.195Z,"{""rows"": 24}",2026-09-29T13:52:25.116Z,http_post,https://api.divar.ir/v8/postlist/w/search,200,ok,61
465,measure,succeeded,2026-09-29T13:52:25.217Z,2026-09-29T13:52:28.303Z,"{""rows"": 24}",2026-09-29T13:52:28.198Z,http_post,https://api.divar.ir/v8/postlist/w/search,200,ok,83
466,measure,succeeded,2026-09-29T13:52:28.327Z,2026-09-29T13:52:31.359Z,"{""rows"": 0}",2026-09-29T13:52:31.305Z,http_post,https://api.divar.ir/v8/postlist/w/search,200,ok,42
467,measure,succeeded,2026-09-29T13:52:31.381Z,2026-09-29T13:52:34.423Z,"{""rows"": 0}",2026-09-29T13:52:34.360Z,http_post,https://api.divar.ir/v8/postlist/w/search,200,ok,54
468,measure,succeeded,2026-09-29T13:52:34.431Z,2026-09-29T13:52:37.498Z,"{""rows"": 0}",2026-09-29T13:52:37.428Z,http_post,https://api.divar.ir/v8/postlist/w/search,200,ok,54
469,measure,succeeded,2026-09-29T13:52:37.529Z,2026-09-29T13:52:40.544Z,"{""rows"": 0}",2026-09-29T13:52:40.500Z,http_post,https://api.divar.ir/v8/postlist/w/search,200,ok,35
470,measure,succeeded,2026-09-29T13:52:40.557Z,2026-09-29T13:52:43.629Z,"{""rows"": 23}",2026-09-29T13:52:43.550Z,http_post,https://api.divar.ir/v8/postlist/w/search,200,ok,68
471,measure,succeeded,2026-09-29T13:52:43.640Z,2026-09-29T13:52:46.709Z,"{""rows"": 24}",2026-09-29T13:52:46.634Z,http_post,https://api.divar.ir/v8/postlist/w/search,200,ok,57
472,measure,succeeded,2026-09-29T13:52:46.728Z,2026-09-29T13:52:49.749Z,"{""rows"": 2}",2026-09-29T13:52:49.708Z,http_post,https://api.divar.ir/v8/postlist/w/search,200,ok,36
473,measure,succeeded,2026-09-29T13:52:49.760Z,2026-09-29T13:52:52.820Z,"{""rows"": 9}",2026-09-29T13:52:52.754Z,http_post,https://api.divar.ir/v8/postlist/w/search,200,ok,57
474,measure,succeeded,2026-09-29T13:52:52.832Z,2026-09-29T13:52:55.875Z,"{""rows"": 16}",2026-09-29T13:52:55.824Z,http_post,https://api.divar.ir/v8/postlist/w/search,200,ok,43
475,measure,succeeded,2026-09-29T13:55:16.760Z,2026-09-29T13:55:17.091Z,"{""rows"": 24}",2026-09-29T13:55:16.773Z,http_post,https://api.divar.ir/v8/postlist/w/search,200,ok,292
476,measure,succeeded,2026-09-29T13:55:17.751Z,2026-09-29T13:55:20.136Z,"{""rows"": 4}",2026-09-29T13:55:20.083Z,http_post,https://api.divar.ir/v8/postlist/w/search,200,ok,43
477,measure,succeeded,2026-09-29T13:55:20.153Z,2026-09-29T13:55:23.249Z,"{""rows"": 23}",2026-09-29T13:55:23.141Z,http_post,https://api.divar.ir/v8/postlist/w/search,200,ok,88
478,measure,succeeded,2026-09-29T13:55:23.274Z,2026-09-29T13:55:26.349Z,"{""rows"": 24}",2026-09-29T13:55:26.248Z,http_post,https://api.divar.ir/v8/postlist/w/search,200,ok,82
479,measure,succeeded,2026-09-29T13:55:26.374Z,2026-09-29T13:55:29.443Z,"{""rows"": 24}",2026-09-29T13:55:29.350Z,http_post,https://api.divar.ir/v8/postlist/w/search,200,ok,68
480,measure,succeeded,2026-09-29T13:55:29.462Z,2026-09-29T13:55:32.490Z,"{""rows"": 24}",2026-09-29T13:55:32.440Z,http_post,https://api.divar.ir/v8/postlist/w/search,200,ok,42
481,measure,succeeded,2026-09-29T13:55:32.501Z,2026-09-29T13:55:35.571Z,"{""rows"": 24}",2026-09-29T13:55:35.497Z,http_post,https://api.divar.ir/v8/postlist/w/search,200,ok,53
482,measure,succeeded,2026-09-29T13:55:35.597Z,2026-09-29T13:55:38.625Z,"{""rows"": 24}",2026-09-29T13:55:38.571Z,http_post,https://api.divar.ir/v8/postlist/w/search,200,ok,47
483,measure,succeeded,2026-09-29T13:55:38.635Z,2026-09-29T13:55:41.739Z,"{""rows"": 24}",2026-09-29T13:55:41.630Z,http_post,https://api.divar.ir/v8/postlist/w/search,200,ok,88
484,measure,succeeded,2026-09-29T13:55:41.773Z,2026-09-29T13:55:44.813Z,"{""rows"": 24}",2026-09-29T13:55:44.739Z,http_post,https://api.divar.ir/v8/postlist/w/search,200,ok,59
485,measure,succeeded,2026-09-29T13:55:44.824Z,2026-09-29T13:55:47.872Z,"{""rows"": 24}",2026-09-29T13:55:47.816Z,http_post,https://api.divar.ir/v8/postlist/w/search,200,ok,47
486,measure,succeeded,2026-09-29T13:55:47.881Z,2026-09-29T13:55:50.972Z,"{""rows"": 24}",2026-09-29T13:55:50.877Z,http_post,https://api.divar.ir/v8/postlist/w/search,200,ok,74
487,measure,succeeded,2026-09-29T13:55:50.997Z,2026-09-29T13:55:54.075Z,"{""rows"": 24}",2026-09-29T13:55:53.973Z,http_post,https://api.divar.ir/v8/postlist/w/search,200,ok,81
488,measure,succeeded,2026-09-29T13:55:54.104Z,2026-09-29T13:55:57.156Z,"{""rows"": 24}",2026-09-29T13:55:57.075Z,http_post,https://api.divar.ir/v8/postlist/w/search,200,ok,70
489,measure,succeeded,2026-09-29T13:55:57.177Z,2026-09-29T13:56:00.227Z,"{""rows"": 24}",2026-09-29T13:56:00.163Z,http_post,https://api.divar.ir/v8/postlist/w/search,200,ok,47
490,measure,succeeded,2026-09-29T13:56:00.245Z,2026-09-29T13:56:03.325Z,"{""rows"": 24}",2026-09-29T13:56:03.230Z,http_post,https://api.divar.ir/v8/postlist/w/search,200,ok,73
491,measure,succeeded,2026-09-29T13:56:03.340Z,2026-09-29T13:56:06.394Z,"{""rows"": 17}",2026-09-29T13:56:06.327Z,http_post,https://api.divar.ir/v8/postlist/w/search,200,ok,57
492,measure,succeeded,2026-09-29T13:56:06.403Z,2026-09-29T13:56:09.469Z,"{""rows"": 21}",2026-09-29T13:56:09.401Z,http_post,https://api.divar.ir/v8/postlist/w/search,200,ok,47
493,measure,succeeded,2026-09-29T13:56:09.494Z,2026-09-29T13:56:12.543Z,"{""rows"": 8}",2026-09-29T13:56:12.468Z,http_post,https://api.divar.ir/v8/postlist/w/search,200,ok,62
494,measure,succeeded,2026-09-29T13:56:12.568Z,2026-09-29T13:56:15.604Z,"{""rows"": 4}",2026-09-29T13:56:15.546Z,http_post,https://api.divar.ir/v8/postlist/w/search,200,ok,43
495,measure,succeeded,2026-09-29T13:56:15.629Z,2026-09-29T13:56:18.651Z,"{""rows"": 4}",2026-09-29T13:56:18.606Z,http_post,https://api.divar.ir/v8/postlist/w/search,200,ok,35
496,measure,succeeded,2026-09-29T13:56:18.661Z,2026-09-29T13:56:21.736Z,"{""rows"": 19}",2026-09-29T13:56:21.657Z,http_post,https://api.divar.ir/v8/postlist/w/search,200,ok,64
497,measure,succeeded,2026-09-29T13:56:21.751Z,2026-09-29T13:56:24.787Z,"{""rows"": 24}",2026-09-29T13:56:24.735Z,http_post,https://api.divar.ir/v8/postlist/w/search,200,ok,43
498,measure,succeeded,2026-09-29T13:56:24.797Z,2026-09-29T13:56:27.905Z,"{""rows"": 24}",2026-09-29T13:56:27.790Z,http_post,https://api.divar.ir/v8/postlist/w/search,200,ok,104
499,measure,succeeded,2026-09-29T13:56:27.915Z,2026-09-29T13:56:30.976Z,"{""rows"": 24}",2026-09-29T13:56:30.908Z,http_post,https://api.divar.ir/v8/postlist/w/search,200,ok,55
500,measure,succeeded,2026-09-29T13:56:30.992Z,2026-09-29T13:56:34.036Z,"{""rows"": 24}",2026-09-29T13:56:33.979Z,http_post,https://api.divar.ir/v8/postlist/w/search,200,ok,46
501,measure,succeeded,2026-09-29T13:56:34.060Z,2026-09-29T13:56:37.129Z,"{""rows"": 24}",2026-09-29T13:56:37.040Z,http_post,https://api.divar.ir/v8/postlist/w/search,200,ok,78
502,measure,succeeded,2026-09-29T13:56:37.149Z,2026-09-29T13:56:40.188Z,"{""rows"": 0}",2026-09-29T13:56:40.131Z,http_post,https://api.divar.ir/v8/postlist/w/search,200,ok,47
503,measure,succeeded,2026-09-29T13:56:40.199Z,2026-09-29T13:56:43.262Z,"{""rows"": 15}",2026-09-29T13:56:43.195Z,http_post,https://api.divar.ir/v8/postlist/w/search,200,ok,49
504,measure,succeeded,2026-09-29T13:56:43.285Z,2026-09-29T13:56:46.364Z,"{""rows"": 1}",2026-09-29T13:56:46.263Z,http_post,https://api.divar.ir/v8/postlist/w/search,200,ok,89
505,measure,succeeded,2026-09-29T13:56:46.387Z,2026-09-29T13:56:49.438Z,"{""rows"": 11}",2026-09-29T13:56:49.366Z,http_post,https://api.divar.ir/v8/postlist/w/search,200,ok,65
506,measure,succeeded,2026-09-29T13:56:49.454Z,2026-09-29T13:56:52.496Z,"{""rows"": 24}",2026-09-29T13:56:52.444Z,http_post,https://api.divar.ir/v8/postlist/w/search,200,ok,41
507,measure,succeeded,2026-09-29T13:56:52.513Z,2026-09-29T13:56:55.552Z,"{""rows"": 24}",2026-09-29T13:56:55.499Z,http_post,https://api.divar.ir/v8/postlist/w/search,200,ok,46
508,measure,succeeded,2026-09-29T13:56:55.561Z,2026-09-29T13:56:58.592Z,"{""rows"": 5}",2026-09-29T13:56:58.556Z,http_post,https://api.divar.ir/v8/postlist/w/search,200,ok,29
509,measure,succeeded,2026-09-29T13:56:58.605Z,2026-09-29T13:57:01.636Z,"{""rows"": 3}",2026-09-29T13:57:01.595Z,http_post,https://api.divar.ir/v8/postlist/w/search,200,ok,34
510,measure,succeeded,2026-09-29T13:57:01.645Z,2026-09-29T13:57:04.731Z,"{""rows"": 24}",2026-09-29T13:57:04.643Z,http_post,https://api.divar.ir/v8/postlist/w/search,200,ok,71
511,measure,succeeded,2026-09-29T13:57:04.753Z,2026-09-29T13:57:07.777Z,"{""rows"": 12}",2026-09-29T13:57:07.731Z,http_post,https://api.divar.ir/v8/postlist/w/search,200,ok,38
512,measure,succeeded,2026-09-29T13:57:07.786Z,2026-09-29T13:57:10.863Z,"{""rows"": 24}",2026-09-29T13:57:10.782Z,http_post,https://api.divar.ir/v8/postlist/w/search,200,ok,72
513,measure,succeeded,2026-09-29T13:57:10.874Z,2026-09-29T13:57:13.919Z,"{""rows"": 24}",2026-09-29T13:57:13.867Z,http_post,https://api.divar.ir/v8/postlist/w/search,200,ok,42
514,measure,succeeded,2026-09-29T13:57:13.928Z,2026-09-29T13:57:16.982Z,"{""rows"": 24}",2026-09-29T13:57:16.923Z,http_post,https://api.divar.ir/v8/postlist/w/search,200,ok,49
515,measure,succeeded,2026-09-29T13:59:17.073Z,2026-09-29T13:59:17.307Z,"{""rows"": 24}",2026-09-29T13:59:17.084Z,http_post,https://api.divar.ir/v8/postlist/w/search,200,ok,212
516,measure,succeeded,2026-09-29T13:59:18.074Z,2026-09-29T13:59:20.382Z,"{""rows"": 23}",2026-09-29T13:59:20.314Z,http_post,https://api.divar.ir/v8/postlist/w/search,200,ok,54
517,measure,succeeded,2026-09-29T13:59:20.398Z,2026-09-29T13:59:23.450Z,"{""rows"": 3}",2026-09-29T13:59:23.380Z,http_post,https://api.divar.ir/v8/postlist/w/search,200,ok,60
518,measure,succeeded,2026-09-29T13:59:23.465Z,2026-09-29T13:59:26.506Z,"{""rows"": 0}",2026-09-29T13:59:26.453Z,http_post,https://api.divar.ir/v8/postlist/w/search,200,ok,46
519,measure,succeeded,2026-09-29T13:59:26.521Z,2026-09-29T13:59:29.572Z,"{""rows"": 6}",2026-09-29T13:59:29.511Z,http_post,https://api.divar.ir/v8/postlist/w/search,200,ok,53
520,measure,succeeded,2026-09-29T13:59:29.582Z,2026-09-29T13:59:32.650Z,"{""rows"": 24}",2026-09-29T13:59:32.577Z,http_post,https://api.divar.ir/v8/postlist/w/search,200,ok,63
521,measure,succeeded,2026-09-29T13:59:32.673Z,2026-09-29T13:59:35.758Z,"{""rows"": 24}",2026-09-29T13:59:35.657Z,http_post,https://api.divar.ir/v8/postlist/w/search,200,ok,80
522,measure,succeeded,2026-09-29T13:59:35.787Z,2026-09-29T13:59:38.803Z,"{""rows"": 24}",2026-09-29T13:59:38.757Z,http_post,https://api.divar.ir/v8/postlist/w/search,200,ok,37
523,measure,succeeded,2026-09-29T13:59:38.815Z,2026-09-29T13:59:41.888Z,"{""rows"": 24}",2026-09-29T13:59:41.805Z,http_post,https://api.divar.ir/v8/postlist/w/search,200,ok,73
524,measure,succeeded,2026-09-29T13:59:41.911Z,2026-09-29T13:59:44.947Z,"{""rows"": 14}",2026-09-29T13:59:44.891Z,http_post,https://api.divar.ir/v8/postlist/w/search,200,ok,47
525,measure,succeeded,2026-09-29T13:59:44.958Z,2026-09-29T13:59:47.990Z,"{""rows"": 0}",2026-09-29T13:59:47.950Z,http_post,https://api.divar.ir/v8/postlist/w/search,200,ok,32
526,measure,succeeded,2026-09-29T13:59:47.999Z,2026-09-29T13:59:51.071Z,"{""rows"": 0}",2026-09-29T13:59:51.003Z,http_post,https://api.divar.ir/v8/postlist/w/search,200,ok,58
527,measure,succeeded,2026-09-29T13:59:51.089Z,2026-09-29T13:59:54.144Z,"{""rows"": 0}",2026-09-29T13:59:54.075Z,http_post,https://api.divar.ir/v8/postlist/w/search,200,ok,55
528,measure,succeeded,2026-09-29T13:59:54.162Z,2026-09-29T13:59:57.197Z,"{""rows"": 1}",2026-09-29T13:59:57.145Z,http_post,https://api.divar.ir/v8/postlist/w/search,200,ok,45
529,measure,succeeded,2026-09-29T13:59:57.205Z,2026-09-29T14:00:00.279Z,"{""rows"": 23}",2026-09-29T14:00:00.204Z,http_post,https://api.divar.ir/v8/postlist/w/search,200,ok,56
530,measure,succeeded,2026-09-29T14:00:00.299Z,2026-09-29T14:00:03.332Z,"{""rows"": 2}",2026-09-29T14:00:03.282Z,http_post,https://api.divar.ir/v8/postlist/w/search,200,ok,43
531,measure,succeeded,2026-09-29T14:00:03.342Z,2026-09-29T14:00:06.411Z,"{""rows"": 24}",2026-09-29T14:00:06.338Z,http_post,https://api.divar.ir/v8/postlist/w/search,200,ok,59
532,measure,succeeded,2026-09-29T14:00:06.445Z,2026-09-29T14:00:09.475Z,"{""rows"": 0}",2026-09-29T14:00:09.412Z,http_post,https://api.divar.ir/v8/postlist/w/search,200,ok,55
533,measure,succeeded,2026-09-29T14:00:09.485Z,2026-09-29T14:00:12.533Z,"{""rows"": 2}",2026-09-29T14:00:12.480Z,http_post,https://api.divar.ir/v8/postlist/w/search,200,ok,42
534,measure,succeeded,2026-09-29T14:00:12.547Z,2026-09-29T14:00:15.578Z,"{""rows"": 6}",2026-09-29T14:00:15.536Z,http_post,https://api.divar.ir/v8/postlist/w/search,200,ok,33
535,measure,succeeded,2026-09-29T14:00:15.587Z,2026-09-29T14:00:18.647Z,"{""rows"": 3}",2026-09-29T14:00:18.581Z,http_post,https://api.divar.ir/v8/postlist/w/search,200,ok,56
536,measure,succeeded,2026-09-29T14:00:18.660Z,2026-09-29T14:00:21.706Z,"{""rows"": 0}",2026-09-29T14:00:21.653Z,http_post,https://api.divar.ir/v8/postlist/w/search,200,ok,43
537,measure,succeeded,2026-09-29T14:00:21.725Z,2026-09-29T14:00:24.799Z,"{""rows"": 24}",2026-09-29T14:00:24.708Z,http_post,https://api.divar.ir/v8/postlist/w/search,200,ok,80
538,measure,succeeded,2026-09-29T14:00:24.810Z,2026-09-29T14:00:27.855Z,"{""rows"": 24}",2026-09-29T14:00:27.801Z,http_post,https://api.divar.ir/v8/postlist/w/search,200,ok,45
539,measure,succeeded,2026-09-29T14:00:28.867Z,2026-09-29T14:00:30.908Z,"{""rows"": 2}",2026-09-29T14:00:30.860Z,http_post,https://api.divar.ir/v8/postlist/w/search,200,ok,40
540,measure,succeeded,2026-09-29T14:00:30.919Z,2026-09-29T14:00:33.990Z,"{""rows"": 11}",2026-09-29T14:00:33.912Z,http_post,https://api.divar.ir/v8/postlist/w/search,200,ok,56
541,measure,succeeded,2026-09-29T14:00:34.016Z,2026-09-29T14:00:37.059Z,"{""rows"": 2}",2026-09-29T14:00:36.981Z,http_post,https://api.divar.ir/v8/postlist/w/search,200,ok,60
542,measure,succeeded,2026-09-29T14:00:37.088Z,2026-09-29T14:00:40.134Z,"{""rows"": 6}",2026-09-29T14:00:40.064Z,http_post,https://api.divar.ir/v8/postlist/w/search,200,ok,55
543,measure,succeeded,2026-09-29T14:00:40.152Z,2026-09-29T14:00:43.200Z,"{""rows"": 8}",2026-09-29T14:00:43.139Z,http_post,https://api.divar.ir/v8/postlist/w/search,200,ok,42
544,measure,succeeded,2026-09-29T14:00:43.227Z,2026-09-29T14:00:46.251Z,"{""rows"": 8}",2026-09-29T14:00:46.199Z,http_post,https://api.divar.ir/v8/postlist/w/search,200,ok,40
545,measure,succeeded,2026-09-29T14:00:46.271Z,2026-09-29T14:00:49.314Z,"{""rows"": 9}",2026-09-29T14:00:49.254Z,http_post,https://api.divar.ir/v8/postlist/w/search,200,ok,49
546,measure,succeeded,2026-09-29T14:00:49.325Z,2026-09-29T14:00:52.362Z,"{""rows"": 1}",2026-09-29T14:00:52.315Z,http_post,https://api.divar.ir/v8/postlist/w/search,200,ok,40
547,measure,succeeded,2026-09-29T14:00:52.371Z,2026-09-29T14:00:55.416Z,"{""rows"": 2}",2026-09-29T14:00:55.368Z,http_post,https://api.divar.ir/v8/postlist/w/search,200,ok,37
548,measure,succeeded,2026-09-29T14:00:55.430Z,2026-09-29T14:00:58.460Z,"{""rows"": 4}",2026-09-29T14:00:58.420Z,http_post,https://api.divar.ir/v8/postlist/w/search,200,ok,34
549,measure,succeeded,2026-09-29T14:00:58.471Z,2026-09-29T14:01:01.539Z,"{""rows"": 24}",2026-09-29T14:01:01.465Z,http_post,https://api.divar.ir/v8/postlist/w/search,200,ok,63
550,measure,succeeded,2026-09-29T14:01:01.551Z,2026-09-29T14:01:04.586Z,"{""rows"": 12}",2026-09-29T14:01:04.544Z,http_post,https://api.divar.ir/v8/postlist/w/search,200,ok,35
551,measure,succeeded,2026-09-29T14:01:04.593Z,2026-09-29T14:01:07.652Z,"{""rows"": 0}",2026-09-29T14:01:07.591Z,http_post,https://api.divar.ir/v8/postlist/w/search,200,ok,53
552,measure,succeeded,2026-09-29T14:01:07.663Z,2026-09-29T14:01:10.709Z,"{""rows"": 1}",2026-09-29T14:01:10.658Z,http_post,https://api.divar.ir/v8/postlist/w/search,200,ok,40
553,measure,succeeded,2026-09-29T14:01:10.721Z,2026-09-29T14:01:13.752Z,"{""rows"": 0}",2026-09-29T14:01:13.710Z,http_post,https://api.divar.ir/v8/postlist/w/search,200,ok,36
554,measure,succeeded,2026-09-29T14:01:13.760Z,2026-09-29T14:01:16.806Z,"{""rows"": 0}",2026-09-29T14:01:16.759Z,http_post,https://api.divar.ir/v8/postlist/w/search,200,ok,35
555,measure,succeeded,2026-09-29T14:02:16.855Z,2026-09-29T14:02:17.064Z,"{""rows"": 9}",2026-09-29T14:02:16.859Z,http_post,https://api.divar.ir/v8/postlist/w/search,200,ok,184
556,measure,succeeded,2026-09-29T14:02:17.854Z,2026-09-29T14:02:20.111Z,"{""rows"": 0}",2026-09-29T14:02:20.059Z,http_post,https://api.divar.ir/v8/postlist/w/search,200,ok,43
557,measure,succeeded,2026-09-29T14:02:20.133Z,2026-09-29T14:02:23.170Z,"{""rows"": 0}",2026-09-29T14:02:23.115Z,http_post,https://api.divar.ir/v8/postlist/w/search,200,ok,47
558,measure,succeeded,2026-09-29T14:02:23.182Z,2026-09-29T14:02:26.288Z,"{""rows"": 3}",2026-09-29T14:02:26.175Z,http_post,https://api.divar.ir/v8/postlist/w/search,200,ok,95
559,measure,succeeded,2026-09-29T14:02:26.314Z,2026-09-29T14:02:29.371Z,"{""rows"": 8}",2026-09-29T14:02:29.285Z,http_post,https://api.divar.ir/v8/postlist/w/search,200,ok,71
560,measure,succeeded,2026-09-29T14:02:29.397Z,2026-09-29T14:02:32.443Z,"{""rows"": 19}",2026-09-29T14:02:32.375Z,http_post,https://api.divar.ir/v8/postlist/w/search,200,ok,51
561,measure,succeeded,2026-09-29T14:02:32.462Z,2026-09-29T14:02:35.514Z,"{""rows"": 24}",2026-09-29T14:02:35.445Z,http_post,https://api.divar.ir/v8/postlist/w/search,200,ok,47
562,measure,succeeded,2026-09-29T14:02:35.530Z,2026-09-29T14:02:38.585Z,"{""rows"": 2}",2026-09-29T14:02:38.515Z,http_post,https://api.divar.ir/v8/postlist/w/search,200,ok,61
563,measure,succeeded,2026-09-29T14:02:38.601Z,2026-09-29T14:02:41.655Z,"{""rows"": 0}",2026-09-29T14:02:41.593Z,http_post,https://api.divar.ir/v8/postlist/w/search,200,ok,54
564,measure,succeeded,2026-09-29T14:02:41.664Z,2026-09-29T14:02:44.722Z,"{""rows"": 12}",2026-09-29T14:02:44.662Z,http_post,https://api.divar.ir/v8/postlist/w/search,200,ok,44
565,measure,succeeded,2026-09-29T14:02:44.741Z,2026-09-29T14:02:47.792Z,"{""rows"": 24}",2026-09-29T14:02:47.723Z,http_post,https://api.divar.ir/v8/postlist/w/search,200,ok,51
566,measure,succeeded,2026-09-29T14:02:47.814Z,2026-09-29T14:02:50.857Z,"{""rows"": 24}",2026-09-29T14:02:50.792Z,http_post,https://api.divar.ir/v8/postlist/w/search,200,ok,56
567,measure,succeeded,2026-09-29T14:02:50.867Z,2026-09-29T14:02:53.927Z,"{""rows"": 24}",2026-09-29T14:02:53.862Z,http_post,https://api.divar.ir/v8/postlist/w/search,200,ok,56
568,measure,succeeded,2026-09-29T14:02:53.937Z,2026-09-29T14:02:56.985Z,"{""rows"": 0}",2026-09-29T14:02:56.932Z,http_post,https://api.divar.ir/v8/postlist/w/search,200,ok,45
569,measure,succeeded,2026-09-29T14:02:56.993Z,2026-09-29T14:03:00.051Z,"{""rows"": 2}",2026-09-29T14:02:59.992Z,http_post,https://api.divar.ir/v8/postlist/w/search,200,ok,48
570,measure,succeeded,2026-09-29T14:03:00.072Z,2026-09-29T14:03:03.113Z,"{""rows"": 1}",2026-09-29T14:03:03.055Z,http_post,https://api.divar.ir/v8/postlist/w/search,200,ok,51
571,measure,succeeded,2026-09-29T14:03:03.122Z,2026-09-29T14:03:06.196Z,"{""rows"": 0}",2026-09-29T14:03:06.117Z,http_post,https://api.divar.ir/v8/postlist/w/search,200,ok,72
572,measure,succeeded,2026-09-29T14:03:06.206Z,2026-09-29T14:03:09.275Z,"{""rows"": 0}",2026-09-29T14:03:09.202Z,http_post,https://api.divar.ir/v8/postlist/w/search,200,ok,52
573,measure,succeeded,2026-09-29T14:03:09.291Z,2026-09-29T14:03:12.344Z,"{""rows"": 24}",2026-09-29T14:03:12.275Z,http_post,https://api.divar.ir/v8/postlist/w/search,200,ok,58
574,measure,succeeded,2026-09-29T14:03:12.353Z,2026-09-29T14:03:15.411Z,"{""rows"": 5}",2026-09-29T14:03:15.347Z,http_post,https://api.divar.ir/v8/postlist/w/search,200,ok,51
575,measure,succeeded,2026-09-29T14:03:15.428Z,2026-09-29T14:03:18.472Z,"{""rows"": 1}",2026-09-29T14:03:18.414Z,http_post,https://api.divar.ir/v8/postlist/w/search,200,ok,44
576,measure,succeeded,2026-09-29T14:05:17.575Z,2026-09-29T14:05:17.800Z,"{""rows"": 9}",2026-09-29T14:05:17.582Z,http_post,https://api.divar.ir/v8/postlist/w/search,200,ok,211
577,measure,succeeded,2026-09-29T14:05:18.574Z,2026-09-29T14:05:20.946Z,"{""rows"": 5}",2026-09-29T14:05:20.804Z,http_post,https://api.divar.ir/v8/postlist/w/search,200,ok,126
578,measure,succeeded,2026-09-29T14:05:20.970Z,2026-09-29T14:05:24.018Z,"{""rows"": 1}",2026-09-29T14:05:23.947Z,http_post,https://api.divar.ir/v8/postlist/w/search,200,ok,58
579,measure,succeeded,2026-09-29T14:05:24.040Z,2026-09-29T14:05:27.135Z,"{""rows"": 3}",2026-09-29T14:05:27.021Z,http_post,https://api.divar.ir/v8/postlist/w/search,200,ok,100
580,measure,succeeded,2026-09-29T14:05:27.158Z,2026-09-29T14:05:30.202Z,"{""rows"": 24}",2026-09-29T14:05:30.135Z,http_post,https://api.divar.ir/v8/postlist/w/search,200,ok,60
581,measure,succeeded,2026-09-29T14:05:30.210Z,2026-09-29T14:05:33.356Z,"{""rows"": 24}",2026-09-29T14:05:33.209Z,http_post,https://api.divar.ir/v8/postlist/w/search,200,ok,125
582,measure,succeeded,2026-09-29T14:05:33.375Z,2026-09-29T14:05:36.431Z,"{""rows"": 17}",2026-09-29T14:05:36.354Z,http_post,https://api.divar.ir/v8/postlist/w/search,200,ok,65
583,measure,succeeded,2026-09-29T14:05:36.452Z,2026-09-29T14:05:39.535Z,"{""rows"": 5}",2026-09-29T14:05:39.433Z,http_post,https://api.divar.ir/v8/postlist/w/search,200,ok,91
584,measure,succeeded,2026-09-29T14:05:39.545Z,2026-09-29T14:05:42.596Z,"{""rows"": 2}",2026-09-29T14:05:42.538Z,http_post,https://api.divar.ir/v8/postlist/w/search,200,ok,48
585,measure,succeeded,2026-09-29T14:05:42.611Z,2026-09-29T14:05:45.647Z,"{""rows"": 13}",2026-09-29T14:05:45.599Z,http_post,https://api.divar.ir/v8/postlist/w/search,200,ok,40
586,measure,succeeded,2026-09-29T14:05:45.655Z,2026-09-29T14:05:48.721Z,"{""rows"": 6}",2026-09-29T14:05:48.653Z,http_post,https://api.divar.ir/v8/postlist/w/search,200,ok,60
587,measure,succeeded,2026-09-29T14:05:48.729Z,2026-09-29T14:05:51.777Z,"{""rows"": 7}",2026-09-29T14:05:51.726Z,http_post,https://api.divar.ir/v8/postlist/w/search,200,ok,40
588,measure,succeeded,2026-09-29T14:05:51.793Z,2026-09-29T14:05:54.875Z,"{""rows"": 23}",2026-09-29T14:05:54.783Z,http_post,https://api.divar.ir/v8/postlist/w/search,200,ok,73
589,measure,succeeded,2026-09-29T14:05:54.900Z,2026-09-29T14:05:57.913Z,"{""rows"": 0}",2026-09-29T14:05:57.873Z,http_post,https://api.divar.ir/v8/postlist/w/search,200,ok,33
590,measure,succeeded,2026-09-29T14:05:57.922Z,2026-09-29T14:06:00.967Z,"{""rows"": 13}",2026-09-29T14:06:00.919Z,http_post,https://api.divar.ir/v8/postlist/w/search,200,ok,38
591,measure,succeeded,2026-09-29T14:06:00.978Z,2026-09-29T14:06:04.037Z,"{""rows"": 6}",2026-09-29T14:06:03.973Z,http_post,https://api.divar.ir/v8/postlist/w/search,200,ok,57
592,measure,succeeded,2026-09-29T14:06:04.044Z,2026-09-29T14:06:07.101Z,"{""rows"": 1}",2026-09-29T14:06:07.044Z,http_post,https://api.divar.ir/v8/postlist/w/search,200,ok,46
593,measure,succeeded,2026-09-29T14:06:07.110Z,2026-09-29T14:06:10.222Z,"{""rows"": 24}",2026-09-29T14:06:10.106Z,http_post,https://api.divar.ir/v8/postlist/w/search,200,ok,96
594,measure,succeeded,2026-09-29T14:06:10.241Z,2026-09-29T14:06:13.294Z,"{""rows"": 4}",2026-09-29T14:06:13.221Z,http_post,https://api.divar.ir/v8/postlist/w/search,200,ok,62
595,measure,succeeded,2026-09-29T14:06:13.307Z,2026-09-29T14:06:16.350Z,"{""rows"": 5}",2026-09-29T14:06:16.299Z,http_post,https://api.divar.ir/v8/postlist/w/search,200,ok,38
596,measure,succeeded,2026-09-29T14:06:16.368Z,2026-09-29T14:06:19.420Z,"{""rows"": 2}",2026-09-29T14:06:19.354Z,http_post,https://api.divar.ir/v8/postlist/w/search,200,ok,57
597,measure,succeeded,2026-09-29T14:06:19.431Z,2026-09-29T14:06:22.484Z,"{""rows"": 23}",2026-09-29T14:06:22.427Z,http_post,https://api.divar.ir/v8/postlist/w/search,200,ok,45
598,measure,succeeded,2026-09-29T14:06:22.501Z,2026-09-29T14:06:25.539Z,"{""rows"": 17}",2026-09-29T14:06:25.487Z,http_post,https://api.divar.ir/v8/postlist/w/search,200,ok,42
599,measure,succeeded,2026-09-29T14:06:25.549Z,2026-09-29T14:06:28.628Z,"{""rows"": 23}",2026-09-29T14:06:28.545Z,http_post,https://api.divar.ir/v8/postlist/w/search,200,ok,73
600,measure,succeeded,2026-09-29T14:06:28.636Z,2026-09-29T14:06:31.747Z,"{""rows"": 23}",2026-09-29T14:06:31.633Z,http_post,https://api.divar.ir/v8/postlist/w/search,200,ok,104
601,measure,succeeded,2026-09-29T14:06:31.757Z,2026-09-29T14:06:34.882Z,"{""rows"": 23}",2026-09-29T14:06:34.750Z,http_post,https://api.divar.ir/v8/postlist/w/search,200,ok,118
602,measure,succeeded,2026-09-29T14:06:34.894Z,2026-09-29T14:06:37.937Z,"{""rows"": 2}",2026-09-29T14:06:37.883Z,http_post,https://api.divar.ir/v8/postlist/w/search,200,ok,39
603,measure,succeeded,2026-09-29T14:06:37.947Z,2026-09-29T14:06:41.011Z,"{""rows"": 13}",2026-09-29T14:06:40.939Z,http_post,https://api.divar.ir/v8/postlist/w/search,200,ok,63
604,measure,succeeded,2026-09-29T14:06:41.024Z,2026-09-29T14:06:44.105Z,"{""rows"": 0}",2026-09-29T14:06:44.016Z,http_post,https://api.divar.ir/v8/postlist/w/search,200,ok,76
605,measure,succeeded,2026-09-29T14:06:44.126Z,2026-09-29T14:06:47.149Z,"{""rows"": 13}",2026-09-29T14:06:47.106Z,http_post,https://api.divar.ir/v8/postlist/w/search,200,ok,37
606,measure,succeeded,2026-09-29T14:06:47.156Z,2026-09-29T14:06:50.299Z,"{""rows"": 24}",2026-09-29T14:06:50.155Z,http_post,https://api.divar.ir/v8/postlist/w/search,200,ok,119
607,measure,succeeded,2026-09-29T14:06:50.314Z,2026-09-29T14:06:53.387Z,"{""rows"": 24}",2026-09-29T14:06:53.300Z,http_post,https://api.divar.ir/v8/postlist/w/search,200,ok,79
608,measure,succeeded,2026-09-29T14:06:53.396Z,2026-09-29T14:06:56.427Z,"{""rows"": 1}",2026-09-29T14:06:56.391Z,http_post,https://api.divar.ir/v8/postlist/w/search,200,ok,31
609,measure,succeeded,2026-09-29T14:06:56.435Z,2026-09-29T14:06:59.476Z,"{""rows"": 23}",2026-09-29T14:06:59.433Z,http_post,https://api.divar.ir/v8/postlist/w/search,200,ok,36
610,measure,succeeded,2026-09-29T14:06:59.485Z,2026-09-29T14:07:02.537Z,"{""rows"": 24}",2026-09-29T14:07:02.482Z,http_post,https://api.divar.ir/v8/postlist/w/search,200,ok,43
611,measure,succeeded,2026-09-29T14:07:02.550Z,2026-09-29T14:07:05.588Z,"{""rows"": 0}",2026-09-29T14:07:05.541Z,http_post,https://api.divar.ir/v8/postlist/w/search,200,ok,40
612,measure,succeeded,2026-09-29T14:07:05.601Z,2026-09-29T14:07:08.672Z,"{""rows"": 0}",2026-09-29T14:07:08.596Z,http_post,https://api.divar.ir/v8/postlist/w/search,200,ok,69
613,measure,succeeded,2026-09-29T14:07:08.684Z,2026-09-29T14:07:11.734Z,"{""rows"": 6}",2026-09-29T14:07:11.676Z,http_post,https://api.divar.ir/v8/postlist/w/search,200,ok,53
614,measure,succeeded,2026-09-29T14:07:11.742Z,2026-09-29T14:07:14.779Z,"{""rows"": 1}",2026-09-29T14:07:14.739Z,http_post,https://api.divar.ir/v8/postlist/w/search,200,ok,34
615,measure,succeeded,2026-09-29T14:07:14.785Z,2026-09-29T14:07:17.838Z,"{""rows"": 24}",2026-09-29T14:07:17.786Z,http_post,https://api.divar.ir/v8/postlist/w/search,200,ok,42
616,measure,succeeded,2026-09-29T14:09:16.904Z,2026-09-29T14:09:17.245Z,"{""rows"": 0}",2026-09-29T14:09:16.907Z,http_post,https://api.divar.ir/v8/postlist/w/search,200,ok,323
617,measure,succeeded,2026-09-29T14:09:17.904Z,2026-09-29T14:09:20.351Z,"{""rows"": 24}",2026-09-29T14:09:20.244Z,http_post,https://api.divar.ir/v8/postlist/w/search,200,ok,91
618,measure,succeeded,2026-09-29T14:09:20.364Z,2026-09-29T14:09:23.459Z,"{""rows"": 0}",2026-09-29T14:09:23.349Z,http_post,https://api.divar.ir/v8/postlist/w/search,200,ok,100
619,measure,succeeded,2026-09-29T14:09:23.471Z,2026-09-29T14:09:26.597Z,"{""rows"": 1}",2026-09-29T14:09:26.463Z,http_post,https://api.divar.ir/v8/postlist/w/search,200,ok,125
620,measure,succeeded,2026-09-29T14:09:26.605Z,2026-09-29T14:09:29.731Z,"{""rows"": 24}",2026-09-29T14:09:29.600Z,http_post,https://api.divar.ir/v8/postlist/w/search,200,ok,120
621,measure,succeeded,2026-09-29T14:09:29.744Z,2026-09-29T14:09:32.847Z,"{""rows"": 23}",2026-09-29T14:09:32.735Z,http_post,https://api.divar.ir/v8/postlist/w/search,200,ok,101
622,measure,succeeded,2026-09-29T14:09:32.854Z,2026-09-29T14:09:35.941Z,"{""rows"": 24}",2026-09-29T14:09:35.849Z,http_post,https://api.divar.ir/v8/postlist/w/search,200,ok,83
623,measure,succeeded,2026-09-29T14:09:35.950Z,2026-09-29T14:09:39.024Z,"{""rows"": 2}",2026-09-29T14:09:38.945Z,http_post,https://api.divar.ir/v8/postlist/w/search,200,ok,72
624,measure,succeeded,2026-09-29T14:09:39.031Z,2026-09-29T14:09:42.085Z,"{""rows"": 24}",2026-09-29T14:09:42.028Z,http_post,https://api.divar.ir/v8/postlist/w/search,200,ok,48
625,measure,succeeded,2026-09-29T14:09:42.093Z,2026-09-29T14:09:45.168Z,"{""rows"": 24}",2026-09-29T14:09:45.089Z,http_post,https://api.divar.ir/v8/postlist/w/search,200,ok,72
626,measure,succeeded,2026-09-29T14:09:45.175Z,2026-09-29T14:09:48.230Z,"{""rows"": 24}",2026-09-29T14:09:48.172Z,http_post,https://api.divar.ir/v8/postlist/w/search,200,ok,49
627,measure,succeeded,2026-09-29T14:09:48.240Z,2026-09-29T14:09:51.384Z,"{""rows"": 24}",2026-09-29T14:09:51.234Z,http_post,https://api.divar.ir/v8/postlist/w/search,200,ok,134
628,measure,succeeded,2026-09-29T14:09:51.395Z,2026-09-29T14:09:54.469Z,"{""rows"": 5}",2026-09-29T14:09:54.382Z,http_post,https://api.divar.ir/v8/postlist/w/search,200,ok,80
629,measure,succeeded,2026-09-29T14:09:54.476Z,2026-09-29T14:09:57.544Z,"{""rows"": 3}",2026-09-29T14:09:57.473Z,http_post,https://api.divar.ir/v8/postlist/w/search,200,ok,64
630,measure,succeeded,2026-09-29T14:09:57.557Z,2026-09-29T14:10:00.670Z,"{""rows"": 24}",2026-09-29T14:10:00.547Z,http_post,https://api.divar.ir/v8/postlist/w/search,200,ok,113
631,measure,succeeded,2026-09-29T14:10:00.680Z,2026-09-29T14:10:03.790Z,"{""rows"": 24}",2026-09-29T14:10:03.674Z,http_post,https://api.divar.ir/v8/postlist/w/search,200,ok,106
632,measure,succeeded,2026-09-29T14:10:03.798Z,2026-09-29T14:10:07.047Z,"{""rows"": 24}",2026-09-29T14:10:06.793Z,http_post,https://api.divar.ir/v8/postlist/w/search,200,ok,244
633,measure,succeeded,2026-09-29T14:10:07.059Z,2026-09-29T14:10:10.161Z,"{""rows"": 24}",2026-09-29T14:10:10.052Z,http_post,https://api.divar.ir/v8/postlist/w/search,200,ok,101
634,measure,succeeded,2026-09-29T14:10:10.172Z,2026-09-29T14:10:13.567Z,"{""rows"": 5}",2026-09-29T14:10:13.163Z,http_post,https://api.divar.ir/v8/postlist/w/search,200,ok,395
635,measure,succeeded,2026-09-29T14:10:13.575Z,2026-09-29T14:10:16.951Z,"{""rows"": 24}",2026-09-29T14:10:16.570Z,http_post,https://api.divar.ir/v8/postlist/w/search,200,ok,371
636,measure,succeeded,2026-09-29T14:11:17.291Z,2026-09-29T14:11:18.441Z,"{""rows"": 23}",2026-09-29T14:11:17.406Z,http_post,https://api.divar.ir/v8/postlist/w/search,200,ok,1018
637,measure,succeeded,2026-09-29T14:11:18.460Z,2026-09-29T14:11:23.693Z,"{""rows"": 24}",2026-09-29T14:11:23.536Z,http_post,https://api.divar.ir/v8/postlist/w/search,200,ok,146
638,measure,succeeded,2026-09-29T14:11:23.705Z,2026-09-29T14:11:26.758Z,"{""rows"": 0}",2026-09-29T14:11:26.695Z,http_post,https://api.divar.ir/v8/postlist/w/search,200,ok,49
639,measure,succeeded,2026-09-29T14:11:26.767Z,2026-09-29T14:11:29.809Z,"{""rows"": 3}",2026-09-29T14:11:29.761Z,http_post,https://api.divar.ir/v8/postlist/w/search,200,ok,38
640,measure,succeeded,2026-09-29T14:11:29.820Z,2026-09-29T14:11:33.061Z,"{""rows"": 24}",2026-09-29T14:11:32.814Z,http_post,https://api.divar.ir/v8/postlist/w/search,200,ok,236
641,measure,succeeded,2026-09-29T14:11:33.072Z,2026-09-29T14:11:36.146Z,"{""rows"": 24}",2026-09-29T14:11:36.065Z,http_post,https://api.divar.ir/v8/postlist/w/search,200,ok,73
642,measure,succeeded,2026-09-29T14:11:36.153Z,2026-09-29T14:11:39.213Z,"{""rows"": 4}",2026-09-29T14:11:39.149Z,http_post,https://api.divar.ir/v8/postlist/w/search,200,ok,58
643,measure,succeeded,2026-09-29T14:11:39.225Z,2026-09-29T14:11:42.311Z,"{""rows"": 0}",2026-09-29T14:11:42.219Z,http_post,https://api.divar.ir/v8/postlist/w/search,200,ok,83
644,measure,succeeded,2026-09-29T14:11:42.322Z,2026-09-29T14:11:45.424Z,"{""rows"": 0}",2026-09-29T14:11:45.315Z,http_post,https://api.divar.ir/v8/postlist/w/search,200,ok,87
645,measure,succeeded,2026-09-29T14:11:45.448Z,2026-09-29T14:11:48.498Z,"{""rows"": 1}",2026-09-29T14:11:48.419Z,http_post,https://api.divar.ir/v8/postlist/w/search,200,ok,75
646,measure,succeeded,2026-09-29T14:11:48.505Z,2026-09-29T14:11:51.569Z,"{""rows"": 0}",2026-09-29T14:11:51.503Z,http_post,https://api.divar.ir/v8/postlist/w/search,200,ok,58
647,measure,succeeded,2026-09-29T14:11:51.575Z,2026-09-29T14:11:54.663Z,"{""rows"": 0}",2026-09-29T14:11:54.576Z,http_post,https://api.divar.ir/v8/postlist/w/search,200,ok,70
648,measure,succeeded,2026-09-29T14:11:54.682Z,2026-09-29T14:11:57.766Z,"{""rows"": 0}",2026-09-29T14:11:57.666Z,http_post,https://api.divar.ir/v8/postlist/w/search,200,ok,82
649,measure,succeeded,2026-09-29T14:11:57.794Z,2026-09-29T14:12:00.891Z,"{""rows"": 24}",2026-09-29T14:12:00.769Z,http_post,https://api.divar.ir/v8/postlist/w/search,200,ok,86
650,measure,succeeded,2026-09-29T14:12:00.956Z,2026-09-29T14:12:03.958Z,"{""rows"": 0}",2026-09-29T14:12:03.882Z,http_post,https://api.divar.ir/v8/postlist/w/search,200,ok,56
651,measure,succeeded,2026-09-29T14:12:03.989Z,2026-09-29T14:12:07.109Z,"{""rows"": 24}",2026-09-29T14:12:06.966Z,http_post,https://api.divar.ir/v8/postlist/w/search,200,ok,71
652,measure,succeeded,2026-09-29T14:12:07.160Z,2026-09-29T14:12:10.125Z,"{""rows"": 5}",2026-09-29T14:12:10.071Z,http_post,https://api.divar.ir/v8/postlist/w/search,200,ok,41
653,measure,succeeded,2026-09-29T14:12:10.161Z,2026-09-29T14:12:13.192Z,"{""rows"": 0}",2026-09-29T14:12:13.126Z,http_post,https://api.divar.ir/v8/postlist/w/search,200,ok,56
654,measure,succeeded,2026-09-29T14:12:13.203Z,2026-09-29T14:12:16.252Z,"{""rows"": 15}",2026-09-29T14:12:16.196Z,http_post,https://api.divar.ir/v8/postlist/w/search,200,ok,47
655,measure,succeeded,2026-09-29T14:12:16.264Z,2026-09-29T14:12:19.330Z,"{""rows"": 0}",2026-09-29T14:12:19.257Z,http_post,https://api.divar.ir/v8/postlist/w/search,200,ok,62
656,measure,succeeded,2026-09-29T14:14:17.399Z,2026-09-29T14:14:17.622Z,"{""rows"": 0}",2026-09-29T14:14:17.403Z,http_post,https://api.divar.ir/v8/postlist/w/search,200,ok,208
657,measure,succeeded,2026-09-29T14:14:18.399Z,2026-09-29T14:14:20.674Z,"{""rows"": 0}",2026-09-29T14:14:20.624Z,http_post,https://api.divar.ir/v8/postlist/w/search,200,ok,42
658,measure,succeeded,2026-09-29T14:14:20.683Z,2026-09-29T14:14:23.741Z,"{""rows"": 24}",2026-09-29T14:14:23.678Z,http_post,https://api.divar.ir/v8/postlist/w/search,200,ok,52
659,measure,succeeded,2026-09-29T14:14:23.752Z,2026-09-29T14:14:26.800Z,"{""rows"": 24}",2026-09-29T14:14:26.744Z,http_post,https://api.divar.ir/v8/postlist/w/search,200,ok,46
660,measure,succeeded,2026-09-29T14:14:26.813Z,2026-09-29T14:14:29.883Z,"{""rows"": 0}",2026-09-29T14:14:29.804Z,http_post,https://api.divar.ir/v8/postlist/w/search,200,ok,62
661,measure,succeeded,2026-09-29T14:14:29.908Z,2026-09-29T14:14:33.048Z,"{""rows"": 24}",2026-09-29T14:14:32.886Z,http_post,https://api.divar.ir/v8/postlist/w/search,200,ok,137
662,measure,succeeded,2026-09-29T14:14:33.077Z,2026-09-29T14:14:36.109Z,"{""rows"": 0}",2026-09-29T14:14:36.049Z,http_post,https://api.divar.ir/v8/postlist/w/search,200,ok,48
663,measure,succeeded,2026-09-29T14:14:36.124Z,2026-09-29T14:14:39.174Z,"{""rows"": 24}",2026-09-29T14:14:39.113Z,http_post,https://api.divar.ir/v8/postlist/w/search,200,ok,51
664,measure,succeeded,2026-09-29T14:14:39.192Z,2026-09-29T14:14:42.257Z,"{""rows"": 0}",2026-09-29T14:14:42.178Z,http_post,https://api.divar.ir/v8/postlist/w/search,200,ok,54
665,measure,succeeded,2026-09-29T14:14:42.270Z,2026-09-29T14:14:45.335Z,"{""rows"": 1}",2026-09-29T14:14:45.261Z,http_post,https://api.divar.ir/v8/postlist/w/search,200,ok,62
666,measure,succeeded,2026-09-29T14:14:45.370Z,2026-09-29T14:14:48.444Z,"{""rows"": 9}",2026-09-29T14:14:48.344Z,http_post,https://api.divar.ir/v8/postlist/w/search,200,ok,71
667,measure,succeeded,2026-09-29T14:14:48.471Z,2026-09-29T14:14:51.514Z,"{""rows"": 24}",2026-09-29T14:14:51.436Z,http_post,https://api.divar.ir/v8/postlist/w/search,200,ok,52
668,measure,succeeded,2026-09-29T14:14:51.547Z,2026-09-29T14:14:54.588Z,"{""rows"": 24}",2026-09-29T14:14:54.514Z,http_post,https://api.divar.ir/v8/postlist/w/search,200,ok,57
669,measure,succeeded,2026-09-29T14:14:54.609Z,2026-09-29T14:14:57.654Z,"{""rows"": 0}",2026-09-29T14:14:57.591Z,http_post,https://api.divar.ir/v8/postlist/w/search,200,ok,49
670,measure,succeeded,2026-09-29T14:14:57.679Z,2026-09-29T14:15:00.737Z,"{""rows"": 24}",2026-09-29T14:15:00.672Z,http_post,https://api.divar.ir/v8/postlist/w/search,200,ok,48
671,measure,succeeded,2026-09-29T14:15:00.770Z,2026-09-29T14:15:03.793Z,"{""rows"": 24}",2026-09-29T14:15:03.735Z,http_post,https://api.divar.ir/v8/postlist/w/search,200,ok,48
672,measure,succeeded,2026-09-29T14:15:03.804Z,2026-09-29T14:15:06.868Z,"{""rows"": 2}",2026-09-29T14:15:06.797Z,http_post,https://api.divar.ir/v8/postlist/w/search,200,ok,60
673,measure,succeeded,2026-09-29T14:15:06.887Z,2026-09-29T14:15:09.959Z,"{""rows"": 24}",2026-09-29T14:15:09.873Z,http_post,https://api.divar.ir/v8/postlist/w/search,200,ok,61
674,measure,succeeded,2026-09-29T14:15:09.987Z,2026-09-29T14:15:13.044Z,"{""rows"": 24}",2026-09-29T14:15:12.955Z,http_post,https://api.divar.ir/v8/postlist/w/search,200,ok,69
675,measure,succeeded,2026-09-29T14:15:13.089Z,2026-09-29T14:15:16.134Z,"{""rows"": 23}",2026-09-29T14:15:16.047Z,http_post,https://api.divar.ir/v8/postlist/w/search,200,ok,78
676,measure,succeeded,2026-09-29T14:15:16.143Z,2026-09-29T14:15:19.197Z,"{""rows"": 0}",2026-09-29T14:15:19.137Z,http_post,https://api.divar.ir/v8/postlist/w/search,200,ok,51
677,measure,succeeded,2026-09-29T14:17:18.259Z,2026-09-29T14:17:18.461Z,"{""rows"": 24}",2026-09-29T14:17:18.264Z,http_post,https://api.divar.ir/v8/postlist/w/search,200,ok,188
678,measure,succeeded,2026-09-29T14:17:19.261Z,2026-09-29T14:17:21.523Z,"{""rows"": 0}",2026-09-29T14:17:21.464Z,http_post,https://api.divar.ir/v8/postlist/w/search,200,ok,45
679,measure,succeeded,2026-09-29T14:17:21.544Z,2026-09-29T14:17:24.583Z,"{""rows"": 23}",2026-09-29T14:17:24.526Z,http_post,https://api.divar.ir/v8/postlist/w/search,200,ok,41
680,measure,succeeded,2026-09-29T14:17:24.606Z,2026-09-29T14:17:27.660Z,"{""rows"": 23}",2026-09-29T14:17:27.585Z,http_post,https://api.divar.ir/v8/postlist/w/search,200,ok,53
681,measure,succeeded,2026-09-29T14:17:27.674Z,2026-09-29T14:17:30.713Z,"{""rows"": 24}",2026-09-29T14:17:30.659Z,http_post,https://api.divar.ir/v8/postlist/w/search,200,ok,46
682,measure,succeeded,2026-09-29T14:17:30.722Z,2026-09-29T14:17:33.782Z,"{""rows"": 19}",2026-09-29T14:17:33.718Z,http_post,https://api.divar.ir/v8/postlist/w/search,200,ok,47
683,measure,succeeded,2026-09-29T14:17:33.800Z,2026-09-29T14:17:36.863Z,"{""rows"": 0}",2026-09-29T14:17:36.783Z,http_post,https://api.divar.ir/v8/postlist/w/search,200,ok,71
684,measure,succeeded,2026-09-29T14:17:36.870Z,2026-09-29T14:17:39.996Z,"{""rows"": 22}",2026-09-29T14:17:39.867Z,http_post,https://api.divar.ir/v8/postlist/w/search,200,ok,111
685,measure,succeeded,2026-09-29T14:17:40.015Z,2026-09-29T14:17:43.076Z,"{""rows"": 24}",2026-09-29T14:17:42.996Z,http_post,https://api.divar.ir/v8/postlist/w/search,200,ok,67
686,measure,succeeded,2026-09-29T14:17:43.088Z,2026-09-29T14:17:46.135Z,"{""rows"": 24}",2026-09-29T14:17:46.077Z,http_post,https://api.divar.ir/v8/postlist/w/search,200,ok,50
687,measure,succeeded,2026-09-29T14:17:46.142Z,2026-09-29T14:17:49.185Z,"{""rows"": 24}",2026-09-29T14:17:49.138Z,http_post,https://api.divar.ir/v8/postlist/w/search,200,ok,40
688,measure,succeeded,2026-09-29T14:17:49.192Z,2026-09-29T14:17:52.255Z,"{""rows"": 24}",2026-09-29T14:17:52.191Z,http_post,https://api.divar.ir/v8/postlist/w/search,200,ok,50
689,measure,succeeded,2026-09-29T14:17:52.270Z,2026-09-29T14:17:55.318Z,"{""rows"": 24}",2026-09-29T14:17:55.258Z,http_post,https://api.divar.ir/v8/postlist/w/search,200,ok,44
690,measure,succeeded,2026-09-29T14:17:55.337Z,2026-09-29T14:17:58.402Z,"{""rows"": 24}",2026-09-29T14:17:58.319Z,http_post,https://api.divar.ir/v8/postlist/w/search,200,ok,67
691,measure,succeeded,2026-09-29T14:17:58.429Z,2026-09-29T14:18:01.492Z,"{""rows"": 23}",2026-09-29T14:18:01.405Z,http_post,https://api.divar.ir/v8/postlist/w/search,200,ok,57
692,measure,succeeded,2026-09-29T14:18:01.525Z,2026-09-29T14:18:04.580Z,"{""rows"": 6}",2026-09-29T14:18:04.487Z,http_post,https://api.divar.ir/v8/postlist/w/search,200,ok,83
693,measure,succeeded,2026-09-29T14:18:04.596Z,2026-09-29T14:18:07.722Z,"{""rows"": 24}",2026-09-29T14:18:07.582Z,http_post,https://api.divar.ir/v8/postlist/w/search,200,ok,121
694,measure,succeeded,2026-09-29T14:18:07.745Z,2026-09-29T14:18:10.777Z,"{""rows"": 8}",2026-09-29T14:18:10.723Z,http_post,https://api.divar.ir/v8/postlist/w/search,200,ok,44
695,measure,succeeded,2026-09-29T14:18:10.787Z,2026-09-29T14:18:13.846Z,"{""rows"": 24}",2026-09-29T14:18:13.783Z,http_post,https://api.divar.ir/v8/postlist/w/search,200,ok,44
696,measure,succeeded,2026-09-29T14:18:13.865Z,2026-09-29T14:18:16.921Z,"{""rows"": 24}",2026-09-29T14:18:16.845Z,http_post,https://api.divar.ir/v8/postlist/w/search,200,ok,59
697,measure,succeeded,2026-09-29T14:18:16.936Z,2026-09-29T14:18:19.976Z,"{""rows"": 1}",2026-09-29T14:18:19.921Z,http_post,https://api.divar.ir/v8/postlist/w/search,200,ok,45
698,measure,succeeded,2026-09-29T14:18:19.995Z,2026-09-29T14:18:23.055Z,"{""rows"": 0}",2026-09-29T14:18:22.981Z,http_post,https://api.divar.ir/v8/postlist/w/search,200,ok,66
699,measure,succeeded,2026-09-29T14:18:23.071Z,2026-09-29T14:18:26.120Z,"{""rows"": 5}",2026-09-29T14:18:26.062Z,http_post,https://api.divar.ir/v8/postlist/w/search,200,ok,43
700,measure,succeeded,2026-09-29T14:18:26.135Z,2026-09-29T14:18:29.184Z,"{""rows"": 24}",2026-09-29T14:18:29.122Z,http_post,https://api.divar.ir/v8/postlist/w/search,200,ok,44
701,measure,succeeded,2026-09-29T14:18:29.207Z,2026-09-29T14:18:32.228Z,"{""rows"": 2}",2026-09-29T14:18:32.182Z,http_post,https://api.divar.ir/v8/postlist/w/search,200,ok,42
702,measure,succeeded,2026-09-29T14:18:32.237Z,2026-09-29T14:18:35.290Z,"{""rows"": 2}",2026-09-29T14:18:35.233Z,http_post,https://api.divar.ir/v8/postlist/w/search,200,ok,47
703,measure,succeeded,2026-09-29T14:18:35.305Z,2026-09-29T14:18:38.349Z,"{""rows"": 4}",2026-09-29T14:18:38.295Z,http_post,https://api.divar.ir/v8/postlist/w/search,200,ok,41
704,measure,succeeded,2026-09-29T14:18:38.369Z,2026-09-29T14:18:41.403Z,"{""rows"": 3}",2026-09-29T14:18:41.352Z,http_post,https://api.divar.ir/v8/postlist/w/search,200,ok,46
705,measure,succeeded,2026-09-29T14:18:41.410Z,2026-09-29T14:18:44.475Z,"{""rows"": 24}",2026-09-29T14:18:44.408Z,http_post,https://api.divar.ir/v8/postlist/w/search,200,ok,52
706,measure,succeeded,2026-09-29T14:18:44.495Z,2026-09-29T14:18:47.541Z,"{""rows"": 12}",2026-09-29T14:18:47.479Z,http_post,https://api.divar.ir/v8/postlist/w/search,200,ok,43
707,measure,succeeded,2026-09-29T14:18:47.563Z,2026-09-29T14:18:50.605Z,"{""rows"": 16}",2026-09-29T14:18:50.541Z,http_post,https://api.divar.ir/v8/postlist/w/search,200,ok,54
708,measure,succeeded,2026-09-29T14:18:50.616Z,2026-09-29T14:18:53.661Z,"{""rows"": 24}",2026-09-29T14:18:53.610Z,http_post,https://api.divar.ir/v8/postlist/w/search,200,ok,41
709,measure,succeeded,2026-09-29T14:18:53.675Z,2026-09-29T14:18:56.749Z,"{""rows"": 12}",2026-09-29T14:18:56.664Z,http_post,https://api.divar.ir/v8/postlist/w/search,200,ok,70
710,measure,succeeded,2026-09-29T14:18:56.768Z,2026-09-29T14:18:59.812Z,"{""rows"": 24}",2026-09-29T14:18:59.749Z,http_post,https://api.divar.ir/v8/postlist/w/search,200,ok,55
711,measure,succeeded,2026-09-29T14:18:59.820Z,2026-09-29T14:19:02.873Z,"{""rows"": 24}",2026-09-29T14:19:02.816Z,http_post,https://api.divar.ir/v8/postlist/w/search,200,ok,48
712,measure,succeeded,2026-09-29T14:19:02.881Z,2026-09-29T14:19:05.952Z,"{""rows"": 24}",2026-09-29T14:19:05.877Z,http_post,https://api.divar.ir/v8/postlist/w/search,200,ok,59
713,measure,succeeded,2026-09-29T14:19:05.970Z,2026-09-29T14:19:09.016Z,"{""rows"": 24}",2026-09-29T14:19:08.952Z,http_post,https://api.divar.ir/v8/postlist/w/search,200,ok,56
714,measure,succeeded,2026-09-29T14:19:09.024Z,2026-09-29T14:19:12.081Z,"{""rows"": 24}",2026-09-29T14:19:12.020Z,http_post,https://api.divar.ir/v8/postlist/w/search,200,ok,51
715,measure,succeeded,2026-09-29T14:19:12.099Z,2026-09-29T14:19:15.170Z,"{""rows"": 14}",2026-09-29T14:19:15.084Z,http_post,https://api.divar.ir/v8/postlist/w/search,200,ok,77
716,measure,succeeded,2026-09-29T14:19:15.179Z,2026-09-29T14:19:18.277Z,"{""rows"": 24}",2026-09-29T14:19:18.173Z,http_post,https://api.divar.ir/v8/postlist/w/search,200,ok,95
717,measure,succeeded,2026-09-29T14:21:17.354Z,2026-09-29T14:21:17.557Z,"{""rows"": 23}",2026-09-29T14:21:17.358Z,http_post,https://api.divar.ir/v8/postlist/w/search,200,ok,190
718,measure,succeeded,2026-09-29T14:21:18.357Z,2026-09-29T14:21:20.619Z,"{""rows"": 21}",2026-09-29T14:21:20.558Z,http_post,https://api.divar.ir/v8/postlist/w/search,200,ok,52
719,measure,succeeded,2026-09-29T14:21:20.627Z,2026-09-29T14:21:23.690Z,"{""rows"": 3}",2026-09-29T14:21:23.622Z,http_post,https://api.divar.ir/v8/postlist/w/search,200,ok,62
720,measure,succeeded,2026-09-29T14:21:23.704Z,2026-09-29T14:21:26.766Z,"{""rows"": 23}",2026-09-29T14:21:26.697Z,http_post,https://api.divar.ir/v8/postlist/w/search,200,ok,52
721,measure,succeeded,2026-09-29T14:21:26.779Z,2026-09-29T14:21:29.814Z,"{""rows"": 15}",2026-09-29T14:21:29.770Z,http_post,https://api.divar.ir/v8/postlist/w/search,200,ok,36
722,measure,succeeded,2026-09-29T14:21:29.826Z,2026-09-29T14:21:32.874Z,"{""rows"": 24}",2026-09-29T14:21:32.818Z,http_post,https://api.divar.ir/v8/postlist/w/search,200,ok,46
723,measure,succeeded,2026-09-29T14:21:32.892Z,2026-09-29T14:21:35.921Z,"{""rows"": 12}",2026-09-29T14:21:35.877Z,http_post,https://api.divar.ir/v8/postlist/w/search,200,ok,35
724,measure,succeeded,2026-09-29T14:21:35.928Z,2026-09-29T14:21:38.975Z,"{""rows"": 20}",2026-09-29T14:21:38.926Z,http_post,https://api.divar.ir/v8/postlist/w/search,200,ok,42
725,measure,succeeded,2026-09-29T14:21:38.984Z,2026-09-29T14:21:42.049Z,"{""rows"": 17}",2026-09-29T14:21:41.981Z,http_post,https://api.divar.ir/v8/postlist/w/search,200,ok,56
726,measure,succeeded,2026-09-29T14:21:42.061Z,2026-09-29T14:21:45.131Z,"{""rows"": 23}",2026-09-29T14:21:45.055Z,http_post,https://api.divar.ir/v8/postlist/w/search,200,ok,61
727,measure,succeeded,2026-09-29T14:21:45.151Z,2026-09-29T14:21:48.183Z,"{""rows"": 23}",2026-09-29T14:21:48.131Z,http_post,https://api.divar.ir/v8/postlist/w/search,200,ok,44
728,measure,succeeded,2026-09-29T14:21:48.197Z,2026-09-29T14:21:51.239Z,"{""rows"": 12}",2026-09-29T14:21:51.189Z,http_post,https://api.divar.ir/v8/postlist/w/search,200,ok,40
729,measure,succeeded,2026-09-29T14:21:51.256Z,2026-09-29T14:21:54.295Z,"{""rows"": 24}",2026-09-29T14:21:54.243Z,http_post,https://api.divar.ir/v8/postlist/w/search,200,ok,41
730,measure,succeeded,2026-09-29T14:21:54.306Z,2026-09-29T14:21:57.374Z,"{""rows"": 24}",2026-09-29T14:21:57.301Z,http_post,https://api.divar.ir/v8/postlist/w/search,200,ok,57
731,measure,succeeded,2026-09-29T14:21:57.396Z,2026-09-29T14:22:00.440Z,"{""rows"": 24}",2026-09-29T14:22:00.373Z,http_post,https://api.divar.ir/v8/postlist/w/search,200,ok,59
732,measure,succeeded,2026-09-29T14:22:00.450Z,2026-09-29T14:22:03.520Z,"{""rows"": 24}",2026-09-29T14:22:03.445Z,http_post,https://api.divar.ir/v8/postlist/w/search,200,ok,62
733,measure,succeeded,2026-09-29T14:22:03.542Z,2026-09-29T14:22:06.614Z,"{""rows"": 3}",2026-09-29T14:22:06.525Z,http_post,https://api.divar.ir/v8/postlist/w/search,200,ok,78
734,measure,succeeded,2026-09-29T14:22:06.632Z,2026-09-29T14:22:09.731Z,"{""rows"": 24}",2026-09-29T14:22:09.620Z,http_post,https://api.divar.ir/v8/postlist/w/search,200,ok,82
735,measure,succeeded,2026-09-29T14:22:09.762Z,2026-09-29T14:22:12.805Z,"{""rows"": 23}",2026-09-29T14:22:12.731Z,http_post,https://api.divar.ir/v8/postlist/w/search,200,ok,58
736,measure,succeeded,2026-09-29T14:22:12.822Z,2026-09-29T14:22:15.858Z,"{""rows"": 7}",2026-09-29T14:22:15.805Z,http_post,https://api.divar.ir/v8/postlist/w/search,200,ok,46
737,measure,succeeded,2026-09-29T14:22:15.867Z,2026-09-29T14:22:18.928Z,"{""rows"": 18}",2026-09-29T14:22:18.864Z,http_post,https://api.divar.ir/v8/postlist/w/search,200,ok,56
738,measure,succeeded,2026-09-29T14:22:18.936Z,2026-09-29T14:22:21.984Z,"{""rows"": 24}",2026-09-29T14:22:21.932Z,http_post,https://api.divar.ir/v8/postlist/w/search,200,ok,45
739,measure,succeeded,2026-09-29T14:22:21.997Z,2026-09-29T14:22:25.071Z,"{""rows"": 24}",2026-09-29T14:22:24.989Z,http_post,https://api.divar.ir/v8/postlist/w/search,200,ok,68
740,measure,succeeded,2026-09-29T14:22:25.087Z,2026-09-29T14:22:28.144Z,"{""rows"": 23}",2026-09-29T14:22:28.072Z,http_post,https://api.divar.ir/v8/postlist/w/search,200,ok,62
741,measure,succeeded,2026-09-29T14:22:28.154Z,2026-09-29T14:22:31.218Z,"{""rows"": 24}",2026-09-29T14:22:31.149Z,http_post,https://api.divar.ir/v8/postlist/w/search,200,ok,55
742,measure,succeeded,2026-09-29T14:22:31.242Z,2026-09-29T14:22:34.268Z,"{""rows"": 1}",2026-09-29T14:22:34.222Z,http_post,https://api.divar.ir/v8/postlist/w/search,200,ok,37
743,measure,succeeded,2026-09-29T14:22:34.280Z,2026-09-29T14:22:37.330Z,"{""rows"": 23}",2026-09-29T14:22:37.274Z,http_post,https://api.divar.ir/v8/postlist/w/search,200,ok,39
744,measure,succeeded,2026-09-29T14:22:37.345Z,2026-09-29T14:22:40.394Z,"{""rows"": 24}",2026-09-29T14:22:40.330Z,http_post,https://api.divar.ir/v8/postlist/w/search,200,ok,56
745,measure,succeeded,2026-09-29T14:22:40.402Z,2026-09-29T14:22:43.458Z,"{""rows"": 23}",2026-09-29T14:22:43.398Z,http_post,https://api.divar.ir/v8/postlist/w/search,200,ok,42
746,measure,succeeded,2026-09-29T14:22:43.476Z,2026-09-29T14:22:46.555Z,"{""rows"": 20}",2026-09-29T14:22:46.461Z,http_post,https://api.divar.ir/v8/postlist/w/search,200,ok,75
747,measure,succeeded,2026-09-29T14:22:46.573Z,2026-09-29T14:22:49.597Z,"{""rows"": 2}",2026-09-29T14:22:49.556Z,http_post,https://api.divar.ir/v8/postlist/w/search,200,ok,32
748,measure,succeeded,2026-09-29T14:22:49.609Z,2026-09-29T14:22:52.655Z,"{""rows"": 8}",2026-09-29T14:22:52.602Z,http_post,https://api.divar.ir/v8/postlist/w/search,200,ok,44
749,measure,succeeded,2026-09-29T14:22:52.664Z,2026-09-29T14:22:55.779Z,"{""rows"": 23}",2026-09-29T14:22:55.659Z,http_post,https://api.divar.ir/v8/postlist/w/search,200,ok,113
750,measure,succeeded,2026-09-29T14:22:55.788Z,2026-09-29T14:22:58.884Z,"{""rows"": 24}",2026-09-29T14:22:58.783Z,http_post,https://api.divar.ir/v8/postlist/w/search,200,ok,86
751,measure,succeeded,2026-09-29T14:22:58.907Z,2026-09-29T14:23:01.940Z,"{""rows"": 4}",2026-09-29T14:23:01.886Z,http_post,https://api.divar.ir/v8/postlist/w/search,200,ok,41
752,measure,succeeded,2026-09-29T14:23:01.955Z,2026-09-29T14:23:05.045Z,"{""rows"": 2}",2026-09-29T14:23:04.940Z,http_post,https://api.divar.ir/v8/postlist/w/search,200,ok,98
753,measure,succeeded,2026-09-29T14:23:05.052Z,2026-09-29T14:23:08.106Z,"{""rows"": 0}",2026-09-29T14:23:08.051Z,http_post,https://api.divar.ir/v8/postlist/w/search,200,ok,47
754,measure,succeeded,2026-09-29T14:23:08.115Z,2026-09-29T14:23:11.183Z,"{""rows"": 0}",2026-09-29T14:23:11.110Z,http_post,https://api.divar.ir/v8/postlist/w/search,200,ok,62
755,measure,succeeded,2026-09-29T14:23:11.204Z,2026-09-29T14:23:14.237Z,"{""rows"": 0}",2026-09-29T14:23:14.188Z,http_post,https://api.divar.ir/v8/postlist/w/search,200,ok,37
756,measure,succeeded,2026-09-29T14:23:14.255Z,2026-09-29T14:23:17.309Z,"{""rows"": 3}",2026-09-29T14:23:17.240Z,http_post,https://api.divar.ir/v8/postlist/w/search,200,ok,54
757,measure,succeeded,2026-09-29T14:24:17.367Z,2026-09-29T14:24:20.133Z,"{""rows"": 24}",2026-09-29T14:24:17.378Z,http_post,https://api.divar.ir/v8/postlist/w/search,200,ok,2743
758,measure,succeeded,2026-09-29T14:24:20.145Z,2026-09-29T14:24:33.961Z,"{""rows"": 0}",2026-09-29T14:24:33.865Z,http_post,https://api.divar.ir/v8/postlist/w/search,200,ok,88
759,measure,succeeded,2026-09-29T14:24:33.970Z,2026-09-29T14:24:37.031Z,"{""rows"": 0}",2026-09-29T14:24:36.967Z,http_post,https://api.divar.ir/v8/postlist/w/search,200,ok,57
760,measure,succeeded,2026-09-29T14:24:37.042Z,2026-09-29T14:24:40.080Z,"{""rows"": 3}",2026-09-29T14:24:40.038Z,http_post,https://api.divar.ir/v8/postlist/w/search,200,ok,33
761,measure,succeeded,2026-09-29T14:24:40.099Z,2026-09-29T14:24:43.127Z,"{""rows"": 1}",2026-09-29T14:24:43.086Z,http_post,https://api.divar.ir/v8/postlist/w/search,200,ok,34
762,measure,succeeded,2026-09-29T14:24:43.137Z,2026-09-29T14:24:46.203Z,"{""rows"": 15}",2026-09-29T14:24:46.132Z,http_post,https://api.divar.ir/v8/postlist/w/search,200,ok,64
763,measure,succeeded,2026-09-29T14:24:46.211Z,2026-09-29T14:24:49.306Z,"{""rows"": 0}",2026-09-29T14:24:49.210Z,http_post,https://api.divar.ir/v8/postlist/w/search,200,ok,78
764,measure,succeeded,2026-09-29T14:24:49.324Z,2026-09-29T14:24:52.342Z,"{""rows"": 0}",2026-09-29T14:24:52.306Z,http_post,https://api.divar.ir/v8/postlist/w/search,200,ok,29
765,measure,succeeded,2026-09-29T14:24:52.351Z,2026-09-29T14:24:55.405Z,"{""rows"": 5}",2026-09-29T14:24:55.345Z,http_post,https://api.divar.ir/v8/postlist/w/search,200,ok,53
766,measure,succeeded,2026-09-29T14:24:55.413Z,2026-09-29T14:24:58.452Z,"{""rows"": 0}",2026-09-29T14:24:58.411Z,http_post,https://api.divar.ir/v8/postlist/w/search,200,ok,32
767,measure,succeeded,2026-09-29T14:24:58.459Z,2026-09-29T14:25:01.503Z,"{""rows"": 0}",2026-09-29T14:25:01.455Z,http_post,https://api.divar.ir/v8/postlist/w/search,200,ok,38
768,measure,succeeded,2026-09-29T14:25:01.515Z,2026-09-29T14:25:04.565Z,"{""rows"": 0}",2026-09-29T14:25:04.508Z,http_post,https://api.divar.ir/v8/postlist/w/search,200,ok,43
769,measure,succeeded,2026-09-29T14:25:04.588Z,2026-09-29T14:25:07.643Z,"{""rows"": 24}",2026-09-29T14:25:07.568Z,http_post,https://api.divar.ir/v8/postlist/w/search,200,ok,64
770,measure,succeeded,2026-09-29T14:25:07.661Z,2026-09-29T14:25:10.695Z,"{""rows"": 11}",2026-09-29T14:25:10.645Z,http_post,https://api.divar.ir/v8/postlist/w/search,200,ok,39
771,measure,succeeded,2026-09-29T14:25:10.709Z,2026-09-29T14:25:13.771Z,"{""rows"": 23}",2026-09-29T14:25:13.698Z,http_post,https://api.divar.ir/v8/postlist/w/search,200,ok,66
772,measure,succeeded,2026-09-29T14:25:13.781Z,2026-09-29T14:25:16.822Z,"{""rows"": 24}",2026-09-29T14:25:16.775Z,http_post,https://api.divar.ir/v8/postlist/w/search,200,ok,39
773,measure,succeeded,2026-09-29T14:26:16.877Z,2026-09-29T14:26:17.419Z,"{""rows"": 5}",2026-09-29T14:26:16.883Z,http_post,https://api.divar.ir/v8/postlist/w/search,200,ok,525
774,measure,succeeded,2026-09-29T14:26:17.867Z,2026-09-29T14:26:20.481Z,"{""rows"": 9}",2026-09-29T14:26:20.421Z,http_post,https://api.divar.ir/v8/postlist/w/search,200,ok,49
775,measure,succeeded,2026-09-29T14:26:20.493Z,2026-09-29T14:26:23.555Z,"{""rows"": 24}",2026-09-29T14:26:23.484Z,http_post,https://api.divar.ir/v8/postlist/w/search,200,ok,56
776,measure,succeeded,2026-09-29T14:26:23.599Z,2026-09-29T14:26:26.667Z,"{""rows"": 24}",2026-09-29T14:26:26.564Z,http_post,https://api.divar.ir/v8/postlist/w/search,200,ok,92
777,measure,succeeded,2026-09-29T14:26:26.684Z,2026-09-29T14:26:29.731Z,"{""rows"": 23}",2026-09-29T14:26:29.669Z,http_post,https://api.divar.ir/v8/postlist/w/search,200,ok,53
778,measure,succeeded,2026-09-29T14:26:29.741Z,2026-09-29T14:26:32.781Z,"{""rows"": 24}",2026-09-29T14:26:32.736Z,http_post,https://api.divar.ir/v8/postlist/w/search,200,ok,37
779,measure,succeeded,2026-09-29T14:26:32.792Z,2026-09-29T14:26:35.850Z,"{""rows"": 20}",2026-09-29T14:26:35.785Z,http_post,https://api.divar.ir/v8/postlist/w/search,200,ok,58
780,measure,succeeded,2026-09-29T14:26:35.859Z,2026-09-29T14:26:38.948Z,"{""rows"": 24}",2026-09-29T14:26:38.856Z,http_post,https://api.divar.ir/v8/postlist/w/search,200,ok,65
781,measure,succeeded,2026-09-29T14:26:38.981Z,2026-09-29T14:26:42.038Z,"{""rows"": 20}",2026-09-29T14:26:41.943Z,http_post,https://api.divar.ir/v8/postlist/w/search,200,ok,84
782,measure,succeeded,2026-09-29T14:26:42.053Z,2026-09-29T14:26:45.125Z,"{""rows"": 23}",2026-09-29T14:26:45.042Z,http_post,https://api.divar.ir/v8/postlist/w/search,200,ok,55
783,measure,succeeded,2026-09-29T14:26:45.143Z,2026-09-29T14:26:48.181Z,"{""rows"": 1}",2026-09-29T14:26:48.124Z,http_post,https://api.divar.ir/v8/postlist/w/search,200,ok,50
784,measure,succeeded,2026-09-29T14:26:48.192Z,2026-09-29T14:26:51.250Z,"{""rows"": 24}",2026-09-29T14:26:51.185Z,http_post,https://api.divar.ir/v8/postlist/w/search,200,ok,42
785,measure,succeeded,2026-09-29T14:26:51.269Z,2026-09-29T14:26:54.312Z,"{""rows"": 23}",2026-09-29T14:26:54.243Z,http_post,https://api.divar.ir/v8/postlist/w/search,200,ok,58
786,measure,succeeded,2026-09-29T14:26:54.323Z,2026-09-29T14:26:57.376Z,"{""rows"": 24}",2026-09-29T14:26:57.316Z,http_post,https://api.divar.ir/v8/postlist/w/search,200,ok,48
787,measure,succeeded,2026-09-29T14:26:57.384Z,2026-09-29T14:27:00.435Z,"{""rows"": 23}",2026-09-29T14:27:00.381Z,http_post,https://api.divar.ir/v8/postlist/w/search,200,ok,43
788,measure,succeeded,2026-09-29T14:27:00.444Z,2026-09-29T14:27:03.518Z,"{""rows"": 24}",2026-09-29T14:27:03.438Z,http_post,https://api.divar.ir/v8/postlist/w/search,200,ok,72
789,measure,succeeded,2026-09-29T14:27:03.530Z,2026-09-29T14:27:06.580Z,"{""rows"": 24}",2026-09-29T14:27:06.522Z,http_post,https://api.divar.ir/v8/postlist/w/search,200,ok,50
790,measure,succeeded,2026-09-29T14:27:06.590Z,2026-09-29T14:27:09.654Z,"{""rows"": 24}",2026-09-29T14:27:09.584Z,http_post,https://api.divar.ir/v8/postlist/w/search,200,ok,55
791,measure,succeeded,2026-09-29T14:27:09.668Z,2026-09-29T14:27:12.706Z,"{""rows"": 5}",2026-09-29T14:27:12.653Z,http_post,https://api.divar.ir/v8/postlist/w/search,200,ok,45
792,measure,succeeded,2026-09-29T14:27:12.714Z,2026-09-29T14:27:15.805Z,"{""rows"": 4}",2026-09-29T14:27:15.711Z,http_post,https://api.divar.ir/v8/postlist/w/search,200,ok,86
793,measure,succeeded,2026-09-29T14:27:15.813Z,2026-09-29T14:27:18.860Z,"{""rows"": 16}",2026-09-29T14:27:18.809Z,http_post,https://api.divar.ir/v8/postlist/w/search,200,ok,43
794,measure,succeeded,2026-09-29T14:27:18.868Z,2026-09-29T14:27:21.912Z,"{""rows"": 1}",2026-09-29T14:27:21.864Z,http_post,https://api.divar.ir/v8/postlist/w/search,200,ok,42
795,measure,succeeded,2026-09-29T14:27:21.918Z,2026-09-29T14:27:24.970Z,"{""rows"": 0}",2026-09-29T14:27:24.916Z,http_post,https://api.divar.ir/v8/postlist/w/search,200,ok,49
796,measure,succeeded,2026-09-29T14:27:24.977Z,2026-09-29T14:27:28.035Z,"{""rows"": 18}",2026-09-29T14:27:27.974Z,http_post,https://api.divar.ir/v8/postlist/w/search,200,ok,52
797,measure,succeeded,2026-09-29T14:27:28.042Z,2026-09-29T14:27:31.123Z,"{""rows"": 24}",2026-09-29T14:27:31.039Z,http_post,https://api.divar.ir/v8/postlist/w/search,200,ok,76
798,measure,succeeded,2026-09-29T14:27:31.129Z,2026-09-29T14:27:34.162Z,"{""rows"": 1}",2026-09-29T14:27:34.127Z,http_post,https://api.divar.ir/v8/postlist/w/search,200,ok,29
799,measure,succeeded,2026-09-29T14:27:34.170Z,2026-09-29T14:27:37.238Z,"{""rows"": 0}",2026-09-29T14:27:37.167Z,http_post,https://api.divar.ir/v8/postlist/w/search,200,ok,64
800,measure,succeeded,2026-09-29T14:27:37.244Z,2026-09-29T14:27:40.301Z,"{""rows"": 7}",2026-09-29T14:27:40.244Z,http_post,https://api.divar.ir/v8/postlist/w/search,200,ok,43
801,measure,succeeded,2026-09-29T14:27:40.319Z,2026-09-29T14:27:43.394Z,"{""rows"": 4}",2026-09-29T14:27:43.304Z,http_post,https://api.divar.ir/v8/postlist/w/search,200,ok,80
802,measure,succeeded,2026-09-29T14:27:43.402Z,2026-09-29T14:27:46.483Z,"{""rows"": 24}",2026-09-29T14:27:46.402Z,http_post,https://api.divar.ir/v8/postlist/w/search,200,ok,63
803,measure,succeeded,2026-09-29T14:27:46.504Z,2026-09-29T14:27:49.542Z,"{""rows"": 24}",2026-09-29T14:27:49.485Z,http_post,https://api.divar.ir/v8/postlist/w/search,200,ok,40
804,measure,succeeded,2026-09-29T14:27:49.562Z,2026-09-29T14:27:52.591Z,"{""rows"": 24}",2026-09-29T14:27:52.542Z,http_post,https://api.divar.ir/v8/postlist/w/search,200,ok,43
805,measure,succeeded,2026-09-29T14:27:52.599Z,2026-09-29T14:27:55.694Z,"{""rows"": 23}",2026-09-29T14:27:55.597Z,http_post,https://api.divar.ir/v8/postlist/w/search,200,ok,81
806,measure,succeeded,2026-09-29T14:27:55.728Z,2026-09-29T14:27:58.799Z,"{""rows"": 18}",2026-09-29T14:27:58.692Z,http_post,https://api.divar.ir/v8/postlist/w/search,200,ok,98
807,measure,succeeded,2026-09-29T14:27:58.808Z,2026-09-29T14:28:01.877Z,"{""rows"": 22}",2026-09-29T14:28:01.803Z,http_post,https://api.divar.ir/v8/postlist/w/search,200,ok,61
808,measure,succeeded,2026-09-29T14:28:01.889Z,2026-09-29T14:28:04.970Z,"{""rows"": 24}",2026-09-29T14:28:04.879Z,http_post,https://api.divar.ir/v8/postlist/w/search,200,ok,82
809,measure,succeeded,2026-09-29T14:28:04.979Z,2026-09-29T14:28:08.028Z,"{""rows"": 24}",2026-09-29T14:28:07.974Z,http_post,https://api.divar.ir/v8/postlist/w/search,200,ok,43
810,measure,succeeded,2026-09-29T14:28:08.039Z,2026-09-29T14:28:11.084Z,"{""rows"": 3}",2026-09-29T14:28:11.032Z,http_post,https://api.divar.ir/v8/postlist/w/search,200,ok,45
811,measure,succeeded,2026-09-29T14:28:11.094Z,2026-09-29T14:28:14.133Z,"{""rows"": 7}",2026-09-29T14:28:14.088Z,http_post,https://api.divar.ir/v8/postlist/w/search,200,ok,39
812,measure,succeeded,2026-09-29T14:28:14.141Z,2026-09-29T14:28:17.207Z,"{""rows"": 5}",2026-09-29T14:28:17.139Z,http_post,https://api.divar.ir/v8/postlist/w/search,200,ok,55
813,measure,succeeded,2026-09-29T14:29:17.262Z,2026-09-29T14:29:17.479Z,"{""rows"": 9}",2026-09-29T14:29:17.271Z,http_post,https://api.divar.ir/v8/postlist/w/search,200,ok,198
814,measure,succeeded,2026-09-29T14:29:18.263Z,2026-09-29T14:29:20.551Z,"{""rows"": 0}",2026-09-29T14:29:20.482Z,http_post,https://api.divar.ir/v8/postlist/w/search,200,ok,57
815,measure,succeeded,2026-09-29T14:29:20.566Z,2026-09-29T14:29:23.605Z,"{""rows"": 4}",2026-09-29T14:29:23.555Z,http_post,https://api.divar.ir/v8/postlist/w/search,200,ok,41
816,measure,succeeded,2026-09-29T14:29:23.616Z,2026-09-29T14:29:26.662Z,"{""rows"": 24}",2026-09-29T14:29:26.609Z,http_post,https://api.divar.ir/v8/postlist/w/search,200,ok,45
817,measure,succeeded,2026-09-29T14:29:26.669Z,2026-09-29T14:29:29.746Z,"{""rows"": 24}",2026-09-29T14:29:29.666Z,http_post,https://api.divar.ir/v8/postlist/w/search,200,ok,73
818,measure,succeeded,2026-09-29T14:29:29.754Z,2026-09-29T14:29:32.824Z,"{""rows"": 23}",2026-09-29T14:29:32.750Z,http_post,https://api.divar.ir/v8/postlist/w/search,200,ok,68
819,measure,succeeded,2026-09-29T14:29:32.832Z,2026-09-29T14:29:35.900Z,"{""rows"": 23}",2026-09-29T14:29:35.829Z,http_post,https://api.divar.ir/v8/postlist/w/search,200,ok,62
820,measure,succeeded,2026-09-29T14:29:35.912Z,2026-09-29T14:29:38.962Z,"{""rows"": 24}",2026-09-29T14:29:38.905Z,http_post,https://api.divar.ir/v8/postlist/w/search,200,ok,49
821,measure,succeeded,2026-09-29T14:29:38.971Z,2026-09-29T14:29:42.019Z,"{""rows"": 17}",2026-09-29T14:29:41.966Z,http_post,https://api.divar.ir/v8/postlist/w/search,200,ok,42
822,measure,succeeded,2026-09-29T14:29:42.027Z,2026-09-29T14:29:45.101Z,"{""rows"": 24}",2026-09-29T14:29:45.026Z,http_post,https://api.divar.ir/v8/postlist/w/search,200,ok,65
823,measure,succeeded,2026-09-29T14:29:45.113Z,2026-09-29T14:29:48.142Z,"{""rows"": 5}",2026-09-29T14:29:48.104Z,http_post,https://api.divar.ir/v8/postlist/w/search,200,ok,32
824,measure,succeeded,2026-09-29T14:29:48.157Z,2026-09-29T14:29:51.206Z,"{""rows"": 22}",2026-09-29T14:29:51.146Z,http_post,https://api.divar.ir/v8/postlist/w/search,200,ok,52
825,measure,succeeded,2026-09-29T14:29:51.213Z,2026-09-29T14:29:54.300Z,"{""rows"": 3}",2026-09-29T14:29:54.209Z,http_post,https://api.divar.ir/v8/postlist/w/search,200,ok,84
826,measure,succeeded,2026-09-29T14:29:54.317Z,2026-09-29T14:29:57.356Z,"{""rows"": 9}",2026-09-29T14:29:57.305Z,http_post,https://api.divar.ir/v8/postlist/w/search,200,ok,42
827,measure,succeeded,2026-09-29T14:29:57.364Z,2026-09-29T14:30:00.403Z,"{""rows"": 2}",2026-09-29T14:30:00.359Z,http_post,https://api.divar.ir/v8/postlist/w/search,200,ok,37
828,measure,succeeded,2026-09-29T14:30:00.420Z,2026-09-29T14:30:03.449Z,"{""rows"": 0}",2026-09-29T14:30:03.408Z,http_post,https://api.divar.ir/v8/postlist/w/search,200,ok,34
829,measure,succeeded,2026-09-29T14:30:03.456Z,2026-09-29T14:30:06.543Z,"{""rows"": 9}",2026-09-29T14:30:06.455Z,http_post,https://api.divar.ir/v8/postlist/w/search,200,ok,79
830,measure,succeeded,2026-09-29T14:30:06.564Z,2026-09-29T14:30:09.636Z,"{""rows"": 13}",2026-09-29T14:30:09.545Z,http_post,https://api.divar.ir/v8/postlist/w/search,200,ok,82
831,measure,succeeded,2026-09-29T14:30:09.645Z,2026-09-29T14:30:12.714Z,"{""rows"": 23}",2026-09-29T14:30:12.642Z,http_post,https://api.divar.ir/v8/postlist/w/search,200,ok,51
832,measure,succeeded,2026-09-29T14:30:12.732Z,2026-09-29T14:30:15.760Z,"{""rows"": 24}",2026-09-29T14:30:15.715Z,http_post,https://api.divar.ir/v8/postlist/w/search,200,ok,39
833,measure,succeeded,2026-09-29T14:30:15.770Z,2026-09-29T14:30:18.823Z,"{""rows"": 24}",2026-09-29T14:30:18.767Z,http_post,https://api.divar.ir/v8/postlist/w/search,200,ok,45
834,measure,succeeded,2026-09-29T14:30:18.836Z,2026-09-29T14:30:21.910Z,"{""rows"": 24}",2026-09-29T14:30:21.826Z,http_post,https://api.divar.ir/v8/postlist/w/search,200,ok,77
835,measure,succeeded,2026-09-29T14:30:21.918Z,2026-09-29T14:30:24.974Z,"{""rows"": 24}",2026-09-29T14:30:24.913Z,http_post,https://api.divar.ir/v8/postlist/w/search,200,ok,52
836,measure,succeeded,2026-09-29T14:30:24.983Z,2026-09-29T14:30:28.052Z,"{""rows"": 24}",2026-09-29T14:30:27.979Z,http_post,https://api.divar.ir/v8/postlist/w/search,200,ok,58
837,measure,succeeded,2026-09-29T14:30:29.066Z,2026-09-29T14:30:31.112Z,"{""rows"": 24}",2026-09-29T14:30:31.057Z,http_post,https://api.divar.ir/v8/postlist/w/search,200,ok,48
838,measure,succeeded,2026-09-29T14:30:31.119Z,2026-09-29T14:30:34.182Z,"{""rows"": 1}",2026-09-29T14:30:34.116Z,http_post,https://api.divar.ir/v8/postlist/w/search,200,ok,54
839,measure,succeeded,2026-09-29T14:30:34.200Z,2026-09-29T14:30:37.307Z,"{""rows"": 11}",2026-09-29T14:30:37.186Z,http_post,https://api.divar.ir/v8/postlist/w/search,200,ok,112
840,measure,succeeded,2026-09-29T14:30:37.315Z,2026-09-29T14:30:40.469Z,"{""rows"": 24}",2026-09-29T14:30:40.311Z,http_post,https://api.divar.ir/v8/postlist/w/search,200,ok,138
841,measure,succeeded,2026-09-29T14:30:40.485Z,2026-09-29T14:30:43.527Z,"{""rows"": 24}",2026-09-29T14:30:43.466Z,http_post,https://api.divar.ir/v8/postlist/w/search,200,ok,54
842,measure,succeeded,2026-09-29T14:30:43.534Z,2026-09-29T14:30:46.612Z,"{""rows"": 24}",2026-09-29T14:30:46.532Z,http_post,https://api.divar.ir/v8/postlist/w/search,200,ok,65
843,measure,succeeded,2026-09-29T14:30:46.623Z,2026-09-29T14:30:49.669Z,"{""rows"": 0}",2026-09-29T14:30:49.613Z,http_post,https://api.divar.ir/v8/postlist/w/search,200,ok,46
844,measure,succeeded,2026-09-29T14:30:49.678Z,2026-09-29T14:30:52.750Z,"{""rows"": 24}",2026-09-29T14:30:52.674Z,http_post,https://api.divar.ir/v8/postlist/w/search,200,ok,67
845,measure,succeeded,2026-09-29T14:30:52.758Z,2026-09-29T14:30:55.790Z,"{""rows"": 0}",2026-09-29T14:30:55.754Z,http_post,https://api.divar.ir/v8/postlist/w/search,200,ok,33
846,measure,succeeded,2026-09-29T14:30:55.798Z,2026-09-29T14:30:58.845Z,"{""rows"": 9}",2026-09-29T14:30:58.795Z,http_post,https://api.divar.ir/v8/postlist/w/search,200,ok,44
847,measure,succeeded,2026-09-29T14:30:58.854Z,2026-09-29T14:31:01.940Z,"{""rows"": 0}",2026-09-29T14:31:01.850Z,http_post,https://api.divar.ir/v8/postlist/w/search,200,ok,84
848,measure,succeeded,2026-09-29T14:31:01.948Z,2026-09-29T14:31:05.025Z,"{""rows"": 24}",2026-09-29T14:31:04.944Z,http_post,https://api.divar.ir/v8/postlist/w/search,200,ok,70
849,measure,succeeded,2026-09-29T14:31:05.034Z,2026-09-29T14:31:08.114Z,"{""rows"": 24}",2026-09-29T14:31:08.029Z,http_post,https://api.divar.ir/v8/postlist/w/search,200,ok,54
850,measure,succeeded,2026-09-29T14:31:08.152Z,2026-09-29T14:31:11.157Z,"{""rows"": 23}",2026-09-29T14:31:11.098Z,http_post,https://api.divar.ir/v8/postlist/w/search,200,ok,48
851,measure,succeeded,2026-09-29T14:31:11.168Z,2026-09-29T14:31:14.217Z,"{""rows"": 0}",2026-09-29T14:31:14.161Z,http_post,https://api.divar.ir/v8/postlist/w/search,200,ok,48
852,measure,succeeded,2026-09-29T14:31:14.225Z,2026-09-29T14:31:17.291Z,"{""rows"": 24}",2026-09-29T14:31:17.221Z,http_post,https://api.divar.ir/v8/postlist/w/search,200,ok,58
853,measure,succeeded,2026-09-29T14:32:17.357Z,2026-09-29T14:32:17.625Z,"{""rows"": 24}",2026-09-29T14:32:17.362Z,http_post,https://api.divar.ir/v8/postlist/w/search,200,ok,254
854,measure,succeeded,2026-09-29T14:32:18.360Z,2026-09-29T14:32:20.679Z,"{""rows"": 0}",2026-09-29T14:32:20.627Z,http_post,https://api.divar.ir/v8/postlist/w/search,200,ok,45
855,measure,succeeded,2026-09-29T14:32:20.693Z,2026-09-29T14:32:23.767Z,"{""rows"": 24}",2026-09-29T14:32:23.684Z,http_post,https://api.divar.ir/v8/postlist/w/search,200,ok,71
856,measure,succeeded,2026-09-29T14:32:23.783Z,2026-09-29T14:32:26.818Z,"{""rows"": 24}",2026-09-29T14:32:26.768Z,http_post,https://api.divar.ir/v8/postlist/w/search,200,ok,43
857,measure,succeeded,2026-09-29T14:32:26.828Z,2026-09-29T14:32:29.885Z,"{""rows"": 24}",2026-09-29T14:32:29.824Z,http_post,https://api.divar.ir/v8/postlist/w/search,200,ok,49
858,measure,succeeded,2026-09-29T14:32:29.898Z,2026-09-29T14:32:32.969Z,"{""rows"": 24}",2026-09-29T14:32:32.891Z,http_post,https://api.divar.ir/v8/postlist/w/search,200,ok,61
859,measure,succeeded,2026-09-29T14:32:32.990Z,2026-09-29T14:32:36.035Z,"{""rows"": 24}",2026-09-29T14:32:35.970Z,http_post,https://api.divar.ir/v8/postlist/w/search,200,ok,56
860,measure,succeeded,2026-09-29T14:32:36.047Z,2026-09-29T14:32:39.107Z,"{""rows"": 0}",2026-09-29T14:32:39.039Z,http_post,https://api.divar.ir/v8/postlist/w/search,200,ok,57
861,measure,succeeded,2026-09-29T14:32:39.119Z,2026-09-29T14:32:42.171Z,"{""rows"": 11}",2026-09-29T14:32:42.108Z,http_post,https://api.divar.ir/v8/postlist/w/search,200,ok,56
862,measure,succeeded,2026-09-29T14:32:42.178Z,2026-09-29T14:32:45.232Z,"{""rows"": 11}",2026-09-29T14:32:45.175Z,http_post,https://api.divar.ir/v8/postlist/w/search,200,ok,46
863,measure,succeeded,2026-09-29T14:32:45.252Z,2026-09-29T14:32:48.291Z,"{""rows"": 24}",2026-09-29T14:32:48.235Z,http_post,https://api.divar.ir/v8/postlist/w/search,200,ok,50
864,measure,succeeded,2026-09-29T14:32:48.299Z,2026-09-29T14:32:51.343Z,"{""rows"": 11}",2026-09-29T14:32:51.295Z,http_post,https://api.divar.ir/v8/postlist/w/search,200,ok,42
865,measure,succeeded,2026-09-29T14:32:51.351Z,2026-09-29T14:32:54.421Z,"{""rows"": 24}",2026-09-29T14:32:54.350Z,http_post,https://api.divar.ir/v8/postlist/w/search,200,ok,59
866,measure,succeeded,2026-09-29T14:32:54.433Z,2026-09-29T14:32:57.549Z,"{""rows"": 7}",2026-09-29T14:32:57.425Z,http_post,https://api.divar.ir/v8/postlist/w/search,200,ok,115
867,measure,succeeded,2026-09-29T14:32:57.558Z,2026-09-29T14:33:00.612Z,"{""rows"": 24}",2026-09-29T14:33:00.552Z,http_post,https://api.divar.ir/v8/postlist/w/search,200,ok,49
868,measure,succeeded,2026-09-29T14:33:00.621Z,2026-09-29T14:33:03.665Z,"{""rows"": 20}",2026-09-29T14:33:03.614Z,http_post,https://api.divar.ir/v8/postlist/w/search,200,ok,43
869,measure,succeeded,2026-09-29T14:33:03.673Z,2026-09-29T14:33:06.735Z,"{""rows"": 9}",2026-09-29T14:33:06.669Z,http_post,https://api.divar.ir/v8/postlist/w/search,200,ok,58
870,measure,succeeded,2026-09-29T14:33:06.749Z,2026-09-29T14:33:09.816Z,"{""rows"": 21}",2026-09-29T14:33:09.741Z,http_post,https://api.divar.ir/v8/postlist/w/search,200,ok,59
871,measure,succeeded,2026-09-29T14:33:09.826Z,2026-09-29T14:33:12.910Z,"{""rows"": 24}",2026-09-29T14:33:12.815Z,http_post,https://api.divar.ir/v8/postlist/w/search,200,ok,84
872,measure,succeeded,2026-09-29T14:33:12.921Z,2026-09-29T14:33:15.962Z,"{""rows"": 24}",2026-09-29T14:33:15.912Z,http_post,https://api.divar.ir/v8/postlist/w/search,200,ok,42
873,measure,succeeded,2026-09-29T14:33:15.970Z,2026-09-29T14:33:19.141Z,"{""rows"": 7}",2026-09-29T14:33:18.967Z,http_post,https://api.divar.ir/v8/postlist/w/search,200,ok,164
874,measure,succeeded,2026-09-29T14:33:19.150Z,2026-09-29T14:33:22.216Z,"{""rows"": 5}",2026-09-29T14:33:22.144Z,http_post,https://api.divar.ir/v8/postlist/w/search,200,ok,63
875,measure,succeeded,2026-09-29T14:33:22.226Z,2026-09-29T14:33:25.314Z,"{""rows"": 23}",2026-09-29T14:33:25.220Z,http_post,https://api.divar.ir/v8/postlist/w/search,200,ok,77
876,measure,succeeded,2026-09-29T14:33:25.332Z,2026-09-29T14:33:28.393Z,"{""rows"": 8}",2026-09-29T14:33:28.314Z,http_post,https://api.divar.ir/v8/postlist/w/search,200,ok,73
877,measure,succeeded,2026-09-29T14:33:28.401Z,2026-09-29T14:33:31.471Z,"{""rows"": 8}",2026-09-29T14:33:31.398Z,http_post,https://api.divar.ir/v8/postlist/w/search,200,ok,62
878,measure,succeeded,2026-09-29T14:33:31.482Z,2026-09-29T14:33:34.548Z,"{""rows"": 9}",2026-09-29T14:33:34.476Z,http_post,https://api.divar.ir/v8/postlist/w/search,200,ok,57
879,measure,succeeded,2026-09-29T14:33:34.560Z,2026-09-29T14:33:37.664Z,"{""rows"": 24}",2026-09-29T14:33:37.550Z,http_post,https://api.divar.ir/v8/postlist/w/search,200,ok,98
880,measure,succeeded,2026-09-29T14:33:37.677Z,2026-09-29T14:33:40.735Z,"{""rows"": 24}",2026-09-29T14:33:40.668Z,http_post,https://api.divar.ir/v8/postlist/w/search,200,ok,50
881,measure,succeeded,2026-09-29T14:33:40.754Z,2026-09-29T14:33:43.847Z,"{""rows"": 16}",2026-09-29T14:33:43.734Z,http_post,https://api.divar.ir/v8/postlist/w/search,200,ok,90
882,measure,succeeded,2026-09-29T14:33:43.863Z,2026-09-29T14:33:46.917Z,"{""rows"": 12}",2026-09-29T14:33:46.844Z,http_post,https://api.divar.ir/v8/postlist/w/search,200,ok,64
883,measure,succeeded,2026-09-29T14:33:46.927Z,2026-09-29T14:33:50.016Z,"{""rows"": 1}",2026-09-29T14:33:49.921Z,http_post,https://api.divar.ir/v8/postlist/w/search,200,ok,84
884,measure,succeeded,2026-09-29T14:33:50.030Z,2026-09-29T14:33:53.141Z,"{""rows"": 1}",2026-09-29T14:33:53.019Z,http_post,https://api.divar.ir/v8/postlist/w/search,200,ok,114
885,measure,succeeded,2026-09-29T14:33:53.148Z,2026-09-29T14:33:56.257Z,"{""rows"": 1}",2026-09-29T14:33:56.146Z,http_post,https://api.divar.ir/v8/postlist/w/search,200,ok,98
886,measure,succeeded,2026-09-29T14:33:56.286Z,2026-09-29T14:33:59.337Z,"{""rows"": 1}",2026-09-29T14:33:59.258Z,http_post,https://api.divar.ir/v8/postlist/w/search,200,ok,66
887,measure,succeeded,2026-09-29T14:33:59.362Z,2026-09-29T14:34:02.424Z,"{""rows"": 5}",2026-09-29T14:34:02.339Z,http_post,https://api.divar.ir/v8/postlist/w/search,200,ok,73
888,measure,succeeded,2026-09-29T14:34:02.447Z,2026-09-29T14:34:05.505Z,"{""rows"": 24}",2026-09-29T14:34:05.427Z,http_post,https://api.divar.ir/v8/postlist/w/search,200,ok,62
889,measure,succeeded,2026-09-29T14:34:05.531Z,2026-09-29T14:34:08.635Z,"{""rows"": 23}",2026-09-29T14:34:08.507Z,http_post,https://api.divar.ir/v8/postlist/w/search,200,ok,117
890,measure,succeeded,2026-09-29T14:34:08.648Z,2026-09-29T14:34:11.705Z,"{""rows"": 0}",2026-09-29T14:34:11.639Z,http_post,https://api.divar.ir/v8/postlist/w/search,200,ok,58
891,measure,succeeded,2026-09-29T14:34:11.713Z,2026-09-29T14:34:14.887Z,"{""rows"": 24}",2026-09-29T14:34:14.709Z,http_post,https://api.divar.ir/v8/postlist/w/search,200,ok,169
892,measure,succeeded,2026-09-29T14:34:14.896Z,2026-09-29T14:34:18.006Z,"{""rows"": 23}",2026-09-29T14:34:17.891Z,http_post,https://api.divar.ir/v8/postlist/w/search,200,ok,100
893,measure,succeeded,2026-09-29T14:36:17.094Z,2026-09-29T14:36:17.354Z,"{""rows"": 10}",2026-09-29T14:36:17.100Z,http_post,https://api.divar.ir/v8/postlist/w/search,200,ok,234
894,measure,succeeded,2026-09-29T14:36:18.092Z,2026-09-29T14:36:20.506Z,"{""rows"": 14}",2026-09-29T14:36:20.352Z,http_post,https://api.divar.ir/v8/postlist/w/search,200,ok,123
895,measure,succeeded,2026-09-29T14:36:20.541Z,2026-09-29T14:36:23.570Z,"{""rows"": 24}",2026-09-29T14:36:23.497Z,http_post,https://api.divar.ir/v8/postlist/w/search,200,ok,57
896,measure,succeeded,2026-09-29T14:36:23.584Z,2026-09-29T14:36:26.624Z,"{""rows"": 24}",2026-09-29T14:36:26.572Z,http_post,https://api.divar.ir/v8/postlist/w/search,200,ok,45
897,measure,succeeded,2026-09-29T14:36:26.639Z,2026-09-29T14:36:29.685Z,"{""rows"": 5}",2026-09-29T14:36:29.629Z,http_post,https://api.divar.ir/v8/postlist/w/search,200,ok,49
898,measure,succeeded,2026-09-29T14:36:29.694Z,2026-09-29T14:36:32.822Z,"{""rows"": 24}",2026-09-29T14:36:32.689Z,http_post,https://api.divar.ir/v8/postlist/w/search,200,ok,121
899,measure,succeeded,2026-09-29T14:36:32.832Z,2026-09-29T14:36:35.884Z,"{""rows"": 3}",2026-09-29T14:36:35.826Z,http_post,https://api.divar.ir/v8/postlist/w/search,200,ok,45
900,measure,succeeded,2026-09-29T14:36:35.902Z,2026-09-29T14:36:38.954Z,"{""rows"": 5}",2026-09-29T14:36:38.890Z,http_post,https://api.divar.ir/v8/postlist/w/search,200,ok,51
901,measure,succeeded,2026-09-29T14:36:38.968Z,2026-09-29T14:36:42.020Z,"{""rows"": 24}",2026-09-29T14:36:41.956Z,http_post,https://api.divar.ir/v8/postlist/w/search,200,ok,54
902,measure,succeeded,2026-09-29T14:36:42.032Z,2026-09-29T14:36:45.098Z,"{""rows"": 24}",2026-09-29T14:36:45.026Z,http_post,https://api.divar.ir/v8/postlist/w/search,200,ok,55
903,measure,succeeded,2026-09-29T14:36:45.119Z,2026-09-29T14:36:48.161Z,"{""rows"": 24}",2026-09-29T14:36:48.099Z,http_post,https://api.divar.ir/v8/postlist/w/search,200,ok,50
904,measure,succeeded,2026-09-29T14:36:48.175Z,2026-09-29T14:36:51.242Z,"{""rows"": 24}",2026-09-29T14:36:51.166Z,http_post,https://api.divar.ir/v8/postlist/w/search,200,ok,68
905,measure,succeeded,2026-09-29T14:36:51.250Z,2026-09-29T14:36:54.355Z,"{""rows"": 24}",2026-09-29T14:36:54.246Z,http_post,https://api.divar.ir/v8/postlist/w/search,200,ok,102
906,measure,succeeded,2026-09-29T14:36:54.364Z,2026-09-29T14:36:57.443Z,"{""rows"": 0}",2026-09-29T14:36:57.360Z,http_post,https://api.divar.ir/v8/postlist/w/search,200,ok,72
907,measure,succeeded,2026-09-29T14:36:57.451Z,2026-09-29T14:37:00.520Z,"{""rows"": 19}",2026-09-29T14:37:00.445Z,http_post,https://api.divar.ir/v8/postlist/w/search,200,ok,58
908,measure,succeeded,2026-09-29T14:37:00.535Z,2026-09-29T14:37:03.677Z,"{""rows"": 24}",2026-09-29T14:37:03.517Z,http_post,https://api.divar.ir/v8/postlist/w/search,200,ok,153
909,measure,succeeded,2026-09-29T14:37:03.688Z,2026-09-29T14:37:06.752Z,"{""rows"": 24}",2026-09-29T14:37:06.681Z,http_post,https://api.divar.ir/v8/postlist/w/search,200,ok,63
910,measure,succeeded,2026-09-29T14:37:06.761Z,2026-09-29T14:37:09.807Z,"{""rows"": 0}",2026-09-29T14:37:09.756Z,http_post,https://api.divar.ir/v8/postlist/w/search,200,ok,44
911,measure,succeeded,2026-09-29T14:37:09.819Z,2026-09-29T14:37:12.867Z,"{""rows"": 0}",2026-09-29T14:37:12.812Z,http_post,https://api.divar.ir/v8/postlist/w/search,200,ok,49
912,measure,succeeded,2026-09-29T14:37:12.875Z,2026-09-29T14:37:15.914Z,"{""rows"": 3}",2026-09-29T14:37:15.872Z,http_post,https://api.divar.ir/v8/postlist/w/search,200,ok,35
913,measure,succeeded,2026-09-29T14:37:15.924Z,2026-09-29T14:37:18.974Z,"{""rows"": 22}",2026-09-29T14:37:18.920Z,http_post,https://api.divar.ir/v8/postlist/w/search,200,ok,44
914,measure,succeeded,2026-09-29T14:37:18.984Z,2026-09-29T14:37:22.038Z,"{""rows"": 10}",2026-09-29T14:37:21.978Z,http_post,https://api.divar.ir/v8/postlist/w/search,200,ok,51
915,measure,succeeded,2026-09-29T14:37:22.046Z,2026-09-29T14:37:25.354Z,"{""rows"": 5}",2026-09-29T14:37:25.044Z,http_post,https://api.divar.ir/v8/postlist/w/search,200,ok,301
916,measure,succeeded,2026-09-29T14:37:25.363Z,2026-09-29T14:37:28.465Z,"{""rows"": 24}",2026-09-29T14:37:28.357Z,http_post,https://api.divar.ir/v8/postlist/w/search,200,ok,98
917,measure,succeeded,2026-09-29T14:37:28.475Z,2026-09-29T14:37:31.577Z,"{""rows"": 24}",2026-09-29T14:37:31.469Z,http_post,https://api.divar.ir/v8/postlist/w/search,200,ok,95
918,measure,succeeded,2026-09-29T14:37:31.595Z,2026-09-29T14:37:34.636Z,"{""rows"": 24}",2026-09-29T14:37:34.581Z,http_post,https://api.divar.ir/v8/postlist/w/search,200,ok,42
919,measure,succeeded,2026-09-29T14:37:34.651Z,2026-09-29T14:37:37.690Z,"{""rows"": 0}",2026-09-29T14:37:37.638Z,http_post,https://api.divar.ir/v8/postlist/w/search,200,ok,45
920,measure,succeeded,2026-09-29T14:37:37.701Z,2026-09-29T14:37:40.758Z,"{""rows"": 1}",2026-09-29T14:37:40.695Z,http_post,https://api.divar.ir/v8/postlist/w/search,200,ok,53
921,measure,succeeded,2026-09-29T14:37:40.777Z,2026-09-29T14:37:43.822Z,"{""rows"": 0}",2026-09-29T14:37:43.763Z,http_post,https://api.divar.ir/v8/postlist/w/search,200,ok,51
922,measure,succeeded,2026-09-29T14:37:43.830Z,2026-09-29T14:37:46.879Z,"{""rows"": 24}",2026-09-29T14:37:46.828Z,http_post,https://api.divar.ir/v8/postlist/w/search,200,ok,41
923,measure,succeeded,2026-09-29T14:37:46.889Z,2026-09-29T14:37:49.992Z,"{""rows"": 21}",2026-09-29T14:37:49.884Z,http_post,https://api.divar.ir/v8/postlist/w/search,200,ok,96
924,measure,succeeded,2026-09-29T14:37:50.003Z,2026-09-29T14:37:53.070Z,"{""rows"": 9}",2026-09-29T14:37:52.995Z,http_post,https://api.divar.ir/v8/postlist/w/search,200,ok,63
925,measure,succeeded,2026-09-29T14:37:53.088Z,2026-09-29T14:37:56.152Z,"{""rows"": 23}",2026-09-29T14:37:56.073Z,http_post,https://api.divar.ir/v8/postlist/w/search,200,ok,72
926,measure,succeeded,2026-09-29T14:37:56.161Z,2026-09-29T14:37:59.241Z,"{""rows"": 24}",2026-09-29T14:37:59.158Z,http_post,https://api.divar.ir/v8/postlist/w/search,200,ok,73
927,measure,succeeded,2026-09-29T14:37:59.252Z,2026-09-29T14:38:02.423Z,"{""rows"": 24}",2026-09-29T14:38:02.246Z,http_post,https://api.divar.ir/v8/postlist/w/search,200,ok,164
928,measure,succeeded,2026-09-29T14:38:02.437Z,2026-09-29T14:38:05.521Z,"{""rows"": 23}",2026-09-29T14:38:05.430Z,http_post,https://api.divar.ir/v8/postlist/w/search,200,ok,63
929,measure,succeeded,2026-09-29T14:38:05.539Z,2026-09-29T14:38:08.617Z,"{""rows"": 23}",2026-09-29T14:38:08.514Z,http_post,https://api.divar.ir/v8/postlist/w/search,200,ok,95
930,measure,succeeded,2026-09-29T14:38:08.626Z,2026-09-29T14:38:11.683Z,"{""rows"": 23}",2026-09-29T14:38:11.622Z,http_post,https://api.divar.ir/v8/postlist/w/search,200,ok,43
931,measure,succeeded,2026-09-29T14:38:11.703Z,2026-09-29T14:38:14.754Z,"{""rows"": 3}",2026-09-29T14:38:14.683Z,http_post,https://api.divar.ir/v8/postlist/w/search,200,ok,64
932,measure,succeeded,2026-09-29T14:38:14.763Z,2026-09-29T14:38:17.837Z,"{""rows"": 24}",2026-09-29T14:38:17.759Z,http_post,https://api.divar.ir/v8/postlist/w/search,200,ok,58
933,measure,succeeded,2026-09-29T14:39:16.904Z,2026-09-29T14:39:19.503Z,"{""rows"": 0}",2026-09-29T14:39:16.911Z,http_post,https://api.divar.ir/v8/postlist/w/search,200,ok,2341
934,measure,succeeded,2026-09-29T14:39:19.528Z,2026-09-29T14:39:33.500Z,"{""rows"": 24}",2026-09-29T14:39:30.989Z,http_post,https://api.divar.ir/v8/postlist/w/search,200,ok,2497
935,measure,succeeded,2026-09-29T14:39:33.511Z,2026-09-29T14:39:47.926Z,"{""rows"": 1}",2026-09-29T14:39:45.995Z,http_post,https://api.divar.ir/v8/postlist/w/search,200,ok,1922
936,measure,succeeded,2026-09-29T14:39:47.942Z,2026-09-29T14:40:01.972Z,"{""rows"": 23}",2026-09-29T14:39:57.540Z,http_post,https://api.divar.ir/v8/postlist/w/search,200,ok,4407
937,measure,succeeded,2026-09-29T14:40:01.999Z,2026-09-29T14:40:24.435Z,"{""rows"": 21}",2026-09-29T14:40:24.022Z,http_post,https://api.divar.ir/v8/postlist/w/search,200,ok,401
938,measure,succeeded,2026-09-29T14:42:17.493Z,2026-09-29T14:42:18.159Z,"{""rows"": 24}",2026-09-29T14:42:17.496Z,http_post,https://api.divar.ir/v8/postlist/w/search,200,ok,652
939,measure,succeeded,2026-09-29T14:42:18.492Z,2026-09-29T14:42:21.558Z,"{""rows"": 4}",2026-09-29T14:42:21.436Z,http_post,https://api.divar.ir/v8/postlist/w/search,200,ok,114
940,measure,succeeded,2026-09-29T14:42:21.573Z,2026-09-29T14:42:24.793Z,"{""rows"": 24}",2026-09-29T14:42:24.567Z,http_post,https://api.divar.ir/v8/postlist/w/search,200,ok,216
941,measure,succeeded,2026-09-29T14:42:24.803Z,2026-09-29T14:42:28.091Z,"{""rows"": 16}",2026-09-29T14:42:27.795Z,http_post,https://api.divar.ir/v8/postlist/w/search,200,ok,285
942,measure,succeeded,2026-09-29T14:42:28.103Z,2026-09-29T14:42:31.437Z,"{""rows"": 24}",2026-09-29T14:42:31.094Z,http_post,https://api.divar.ir/v8/postlist/w/search,200,ok,334
943,measure,succeeded,2026-09-29T14:42:31.451Z,2026-09-29T14:42:34.803Z,"{""rows"": 0}",2026-09-29T14:42:34.440Z,http_post,https://api.divar.ir/v8/postlist/w/search,200,ok,348
944,measure,succeeded,2026-09-29T14:42:34.814Z,2026-09-29T14:42:38.126Z,"{""rows"": 16}",2026-09-29T14:42:37.803Z,http_post,https://api.divar.ir/v8/postlist/w/search,200,ok,310
945,measure,succeeded,2026-09-29T14:42:38.144Z,2026-09-29T14:42:41.444Z,"{""rows"": 18}",2026-09-29T14:42:41.131Z,http_post,https://api.divar.ir/v8/postlist/w/search,200,ok,279
946,measure,succeeded,2026-09-29T14:42:41.453Z,2026-09-29T14:42:44.677Z,"{""rows"": 24}",2026-09-29T14:42:44.449Z,http_post,https://api.divar.ir/v8/postlist/w/search,200,ok,218
947,measure,succeeded,2026-09-29T14:42:44.688Z,2026-09-29T14:42:47.790Z,"{""rows"": 24}",2026-09-29T14:42:47.677Z,http_post,https://api.divar.ir/v8/postlist/w/search,200,ok,104
948,measure,succeeded,2026-09-29T14:42:47.799Z,2026-09-29T14:42:51.055Z,"{""rows"": 24}",2026-09-29T14:42:50.795Z,http_post,https://api.divar.ir/v8/postlist/w/search,200,ok,251
949,measure,succeeded,2026-09-29T14:42:51.063Z,2026-09-29T14:42:54.291Z,"{""rows"": 24}",2026-09-29T14:42:54.058Z,http_post,https://api.divar.ir/v8/postlist/w/search,200,ok,221
950,measure,succeeded,2026-09-29T14:42:54.303Z,2026-09-29T14:42:57.405Z,"{""rows"": 0}",2026-09-29T14:42:57.295Z,http_post,https://api.divar.ir/v8/postlist/w/search,200,ok,87
951,measure,succeeded,2026-09-29T14:42:57.430Z,2026-09-29T14:43:00.796Z,"{""rows"": 10}",2026-09-29T14:43:00.402Z,http_post,https://api.divar.ir/v8/postlist/w/search,200,ok,380
952,measure,succeeded,2026-09-29T14:43:00.808Z,2026-09-29T14:43:04.220Z,"{""rows"": 24}",2026-09-29T14:43:03.798Z,http_post,https://api.divar.ir/v8/postlist/w/search,200,ok,409
953,measure,succeeded,2026-09-29T14:43:04.234Z,2026-09-29T14:43:07.484Z,"{""rows"": 4}",2026-09-29T14:43:07.221Z,http_post,https://api.divar.ir/v8/postlist/w/search,200,ok,252
954,measure,succeeded,2026-09-29T14:43:07.500Z,2026-09-29T14:43:10.904Z,"{""rows"": 24}",2026-09-29T14:43:10.486Z,http_post,https://api.divar.ir/v8/postlist/w/search,200,ok,401
955,measure,succeeded,2026-09-29T14:43:10.923Z,2026-09-29T14:43:14.353Z,"{""rows"": 21}",2026-09-29T14:43:13.902Z,http_post,https://api.divar.ir/v8/postlist/w/search,200,ok,432
956,measure,succeeded,2026-09-29T14:43:14.372Z,2026-09-29T14:43:17.844Z,"{""rows"": 24}",2026-09-29T14:43:17.356Z,http_post,https://api.divar.ir/v8/postlist/w/search,200,ok,459
957,measure,succeeded,2026-09-29T14:44:16.942Z,2026-09-29T14:44:18.617Z,"{""rows"": 24}",2026-09-29T14:44:16.947Z,http_post,https://api.divar.ir/v8/postlist/w/search,200,ok,1647
958,measure,succeeded,2026-09-29T14:44:18.638Z,2026-09-29T14:44:28.585Z,"{""rows"": 24}",2026-09-29T14:44:26.867Z,http_post,https://api.divar.ir/v8/postlist/w/search,200,ok,1705
959,measure,succeeded,2026-09-29T14:44:28.596Z,2026-09-29T14:44:39.014Z,"{""rows"": 24}",2026-09-29T14:44:37.129Z,http_post,https://api.divar.ir/v8/postlist/w/search,200,ok,1872
960,measure,succeeded,2026-09-29T14:44:39.027Z,2026-09-29T14:44:50.080Z,"{""rows"": 0}",2026-09-29T14:44:48.383Z,http_post,https://api.divar.ir/v8/postlist/w/search,200,ok,1685
961,measure,succeeded,2026-09-29T14:44:50.102Z,2026-09-29T14:45:00.033Z,"{""rows"": 16}",2026-09-29T14:44:58.515Z,http_post,https://api.divar.ir/v8/postlist/w/search,200,ok,1506
962,measure,succeeded,2026-09-29T14:45:00.044Z,2026-09-29T14:45:10.008Z,"{""rows"": 24}",2026-09-29T14:45:07.579Z,http_post,https://api.divar.ir/v8/postlist/w/search,200,ok,2420
963,measure,succeeded,2026-09-29T14:45:10.016Z,2026-09-29T14:45:22.719Z,"{""rows"": 24}",2026-09-29T14:45:22.120Z,http_post,https://api.divar.ir/v8/postlist/w/search,200,ok,588
964,measure,succeeded,2026-09-29T14:47:17.761Z,2026-09-29T14:47:18.211Z,"{""rows"": 24}",2026-09-29T14:47:17.765Z,http_post,https://api.divar.ir/v8/postlist/w/search,200,ok,440
965,measure,succeeded,2026-09-29T14:47:18.763Z,2026-09-29T14:47:21.308Z,"{""rows"": 24}",2026-09-29T14:47:21.225Z,http_post,https://api.divar.ir/v8/postlist/w/search,200,ok,72
966,measure,succeeded,2026-09-29T14:47:21.323Z,2026-09-29T14:47:24.374Z,"{""rows"": 24}",2026-09-29T14:47:24.310Z,http_post,https://api.divar.ir/v8/postlist/w/search,200,ok,56
967,measure,succeeded,2026-09-29T14:47:24.388Z,2026-09-29T14:47:27.439Z,"{""rows"": 24}",2026-09-29T14:47:27.378Z,http_post,https://api.divar.ir/v8/postlist/w/search,200,ok,49
968,measure,succeeded,2026-09-29T14:47:27.452Z,2026-09-29T14:47:30.523Z,"{""rows"": 24}",2026-09-29T14:47:30.442Z,http_post,https://api.divar.ir/v8/postlist/w/search,200,ok,74
969,measure,succeeded,2026-09-29T14:47:30.534Z,2026-09-29T14:47:33.612Z,"{""rows"": 24}",2026-09-29T14:47:33.529Z,http_post,https://api.divar.ir/v8/postlist/w/search,200,ok,76
970,measure,succeeded,2026-09-29T14:47:33.623Z,2026-09-29T14:47:36.683Z,"{""rows"": 24}",2026-09-29T14:47:36.616Z,http_post,https://api.divar.ir/v8/postlist/w/search,200,ok,60
971,measure,succeeded,2026-09-29T14:47:36.691Z,2026-09-29T14:47:39.808Z,"{""rows"": 24}",2026-09-29T14:47:39.687Z,http_post,https://api.divar.ir/v8/postlist/w/search,200,ok,103
972,measure,succeeded,2026-09-29T14:47:39.827Z,2026-09-29T14:47:42.928Z,"{""rows"": 24}",2026-09-29T14:47:42.807Z,http_post,https://api.divar.ir/v8/postlist/w/search,200,ok,112
973,measure,succeeded,2026-09-29T14:47:42.938Z,2026-09-29T14:47:46.079Z,"{""rows"": 23}",2026-09-29T14:47:45.930Z,http_post,https://api.divar.ir/v8/postlist/w/search,200,ok,137
974,measure,succeeded,2026-09-29T14:47:46.087Z,2026-09-29T14:47:49.223Z,"{""rows"": 24}",2026-09-29T14:47:49.082Z,http_post,https://api.divar.ir/v8/postlist/w/search,200,ok,125
975,measure,succeeded,2026-09-29T14:47:49.247Z,2026-09-29T14:47:52.306Z,"{""rows"": 23}",2026-09-29T14:47:52.224Z,http_post,https://api.divar.ir/v8/postlist/w/search,200,ok,70
976,measure,succeeded,2026-09-29T14:47:52.318Z,2026-09-29T14:47:55.508Z,"{""rows"": 14}",2026-09-29T14:47:55.307Z,http_post,https://api.divar.ir/v8/postlist/w/search,200,ok,189
977,measure,succeeded,2026-09-29T14:47:55.527Z,2026-09-29T14:47:58.763Z,"{""rows"": 24}",2026-09-29T14:47:58.512Z,http_post,https://api.divar.ir/v8/postlist/w/search,200,ok,234
978,measure,succeeded,2026-09-29T14:47:58.786Z,2026-09-29T14:48:02.039Z,"{""rows"": 20}",2026-09-29T14:48:01.763Z,http_post,https://api.divar.ir/v8/postlist/w/search,200,ok,268
979,measure,succeeded,2026-09-29T14:48:02.047Z,2026-09-29T14:48:05.205Z,"{""rows"": 0}",2026-09-29T14:48:05.045Z,http_post,https://api.divar.ir/v8/postlist/w/search,200,ok,144
980,measure,succeeded,2026-09-29T14:48:05.216Z,2026-09-29T14:48:08.354Z,"{""rows"": 1}",2026-09-29T14:48:08.209Z,http_post,https://api.divar.ir/v8/postlist/w/search,200,ok,137
981,measure,succeeded,2026-09-29T14:48:08.362Z,2026-09-29T14:48:11.558Z,"{""rows"": 0}",2026-09-29T14:48:11.357Z,http_post,https://api.divar.ir/v8/postlist/w/search,200,ok,192
982,measure,succeeded,2026-09-29T14:48:11.573Z,2026-09-29T14:48:14.703Z,"{""rows"": 0}",2026-09-29T14:48:14.565Z,http_post,https://api.divar.ir/v8/postlist/w/search,200,ok,124
983,measure,succeeded,2026-09-29T14:48:14.715Z,2026-09-29T14:48:17.775Z,"{""rows"": 15}",2026-09-29T14:48:17.708Z,http_post,https://api.divar.ir/v8/postlist/w/search,200,ok,57
984,measure,succeeded,2026-09-29T14:48:17.784Z,2026-09-29T14:48:20.869Z,"{""rows"": 0}",2026-09-29T14:48:20.779Z,http_post,https://api.divar.ir/v8/postlist/w/search,200,ok,83
985,measure,succeeded,2026-09-29T14:48:20.879Z,2026-09-29T14:48:23.960Z,"{""rows"": 24}",2026-09-29T14:48:23.874Z,http_post,https://api.divar.ir/v8/postlist/w/search,200,ok,75
986,measure,succeeded,2026-09-29T14:48:23.969Z,2026-09-29T14:48:27.022Z,"{""rows"": 24}",2026-09-29T14:48:26.962Z,http_post,https://api.divar.ir/v8/postlist/w/search,200,ok,46
987,measure,succeeded,2026-09-29T14:48:27.034Z,2026-09-29T14:48:30.105Z,"{""rows"": 24}",2026-09-29T14:48:30.025Z,http_post,https://api.divar.ir/v8/postlist/w/search,200,ok,70
988,measure,succeeded,2026-09-29T14:48:30.114Z,2026-09-29T14:48:33.163Z,"{""rows"": 24}",2026-09-29T14:48:33.109Z,http_post,https://api.divar.ir/v8/postlist/w/search,200,ok,41
989,measure,succeeded,2026-09-29T14:48:33.191Z,2026-09-29T14:48:36.229Z,"{""rows"": 3}",2026-09-29T14:48:36.165Z,http_post,https://api.divar.ir/v8/postlist/w/search,200,ok,58
990,measure,succeeded,2026-09-29T14:48:36.238Z,2026-09-29T14:48:39.368Z,"{""rows"": 4}",2026-09-29T14:48:39.233Z,http_post,https://api.divar.ir/v8/postlist/w/search,200,ok,123
991,measure,succeeded,2026-09-29T14:48:39.383Z,2026-09-29T14:48:42.469Z,"{""rows"": 24}",2026-09-29T14:48:42.369Z,http_post,https://api.divar.ir/v8/postlist/w/search,200,ok,83
992,measure,succeeded,2026-09-29T14:48:42.485Z,2026-09-29T14:48:45.605Z,"{""rows"": 6}",2026-09-29T14:48:45.468Z,http_post,https://api.divar.ir/v8/postlist/w/search,200,ok,82
993,measure,succeeded,2026-09-29T14:48:45.618Z,2026-09-29T14:48:48.693Z,"{""rows"": 0}",2026-09-29T14:48:48.608Z,http_post,https://api.divar.ir/v8/postlist/w/search,200,ok,77
994,measure,succeeded,2026-09-29T14:48:48.702Z,2026-09-29T14:48:51.767Z,"{""rows"": 5}",2026-09-29T14:48:51.697Z,http_post,https://api.divar.ir/v8/postlist/w/search,200,ok,62
995,measure,succeeded,2026-09-29T14:48:51.775Z,2026-09-29T14:48:54.810Z,"{""rows"": 3}",2026-09-29T14:48:54.772Z,http_post,https://api.divar.ir/v8/postlist/w/search,200,ok,32
996,measure,succeeded,2026-09-29T14:48:54.829Z,2026-09-29T14:48:57.928Z,"{""rows"": 24}",2026-09-29T14:48:57.813Z,http_post,https://api.divar.ir/v8/postlist/w/search,200,ok,97
997,measure,succeeded,2026-09-29T14:48:57.943Z,2026-09-29T14:49:01.081Z,"{""rows"": 24}",2026-09-29T14:49:00.925Z,http_post,https://api.divar.ir/v8/postlist/w/search,200,ok,146
998,measure,succeeded,2026-09-29T14:49:01.090Z,2026-09-29T14:49:04.296Z,"{""rows"": 23}",2026-09-29T14:49:04.084Z,http_post,https://api.divar.ir/v8/postlist/w/search,200,ok,203
999,measure,succeeded,2026-09-29T14:49:04.308Z,2026-09-29T14:49:07.404Z,"{""rows"": 11}",2026-09-29T14:49:07.300Z,http_post,https://api.divar.ir/v8/postlist/w/search,200,ok,92
1000,measure,succeeded,2026-09-29T14:49:07.415Z,2026-09-29T14:49:10.505Z,"{""rows"": 24}",2026-09-29T14:49:10.407Z,http_post,https://api.divar.ir/v8/postlist/w/search,200,ok,87
1001,measure,succeeded,2026-09-29T14:49:10.516Z,2026-09-29T14:49:13.654Z,"{""rows"": 24}",2026-09-29T14:49:13.508Z,http_post,https://api.divar.ir/v8/postlist/w/search,200,ok,137
1002,measure,succeeded,2026-09-29T14:49:13.663Z,2026-09-29T14:49:16.883Z,"{""rows"": 24}",2026-09-29T14:49:16.656Z,http_post,https://api.divar.ir/v8/postlist/w/search,200,ok,214
1003,measure,succeeded,2026-09-29T14:50:16.925Z,2026-09-29T14:50:17.890Z,"{""rows"": 2}",2026-09-29T14:50:16.929Z,http_post,https://api.divar.ir/v8/postlist/w/search,200,ok,955
1004,measure,succeeded,2026-09-29T14:50:17.899Z,2026-09-29T14:50:22.783Z,"{""rows"": 24}",2026-09-29T14:50:22.672Z,http_post,https://api.divar.ir/v8/postlist/w/search,200,ok,100
1005,measure,succeeded,2026-09-29T14:50:22.795Z,2026-09-29T14:50:25.919Z,"{""rows"": 24}",2026-09-29T14:50:25.785Z,http_post,https://api.divar.ir/v8/postlist/w/search,200,ok,124
1006,measure,succeeded,2026-09-29T14:50:25.932Z,2026-09-29T14:50:28.978Z,"{""rows"": 3}",2026-09-29T14:50:28.922Z,http_post,https://api.divar.ir/v8/postlist/w/search,200,ok,47
1007,measure,succeeded,2026-09-29T14:50:28.990Z,2026-09-29T14:50:32.055Z,"{""rows"": 0}",2026-09-29T14:50:31.982Z,http_post,https://api.divar.ir/v8/postlist/w/search,200,ok,63
1008,measure,succeeded,2026-09-29T14:50:32.063Z,2026-09-29T14:50:35.126Z,"{""rows"": 24}",2026-09-29T14:50:35.059Z,http_post,https://api.divar.ir/v8/postlist/w/search,200,ok,60
1009,measure,succeeded,2026-09-29T14:50:35.135Z,2026-09-29T14:50:38.216Z,"{""rows"": 24}",2026-09-29T14:50:38.131Z,http_post,https://api.divar.ir/v8/postlist/w/search,200,ok,76
1010,measure,succeeded,2026-09-29T14:50:38.226Z,2026-09-29T14:50:41.287Z,"{""rows"": 24}",2026-09-29T14:50:41.221Z,http_post,https://api.divar.ir/v8/postlist/w/search,200,ok,54
1011,measure,succeeded,2026-09-29T14:50:41.295Z,2026-09-29T14:50:44.373Z,"{""rows"": 24}",2026-09-29T14:50:44.290Z,http_post,https://api.divar.ir/v8/postlist/w/search,200,ok,71
1012,measure,succeeded,2026-09-29T14:50:44.382Z,2026-09-29T14:50:47.443Z,"{""rows"": 23}",2026-09-29T14:50:47.376Z,http_post,https://api.divar.ir/v8/postlist/w/search,200,ok,62
1013,measure,succeeded,2026-09-29T14:50:47.451Z,2026-09-29T14:50:50.521Z,"{""rows"": 2}",2026-09-29T14:50:50.448Z,http_post,https://api.divar.ir/v8/postlist/w/search,200,ok,65
1014,measure,succeeded,2026-09-29T14:50:50.534Z,2026-09-29T14:50:53.599Z,"{""rows"": 1}",2026-09-29T14:50:53.525Z,http_post,https://api.divar.ir/v8/postlist/w/search,200,ok,63
1015,measure,succeeded,2026-09-29T14:50:53.616Z,2026-09-29T14:50:56.715Z,"{""rows"": 24}",2026-09-29T14:50:56.604Z,http_post,https://api.divar.ir/v8/postlist/w/search,200,ok,88
1016,measure,succeeded,2026-09-29T14:50:56.738Z,2026-09-29T14:50:59.816Z,"{""rows"": 0}",2026-09-29T14:50:59.709Z,http_post,https://api.divar.ir/v8/postlist/w/search,200,ok,91
1017,measure,succeeded,2026-09-29T14:50:59.828Z,2026-09-29T14:51:02.868Z,"{""rows"": 2}",2026-09-29T14:51:02.815Z,http_post,https://api.divar.ir/v8/postlist/w/search,200,ok,48
1018,measure,succeeded,2026-09-29T14:51:02.886Z,2026-09-29T14:51:05.946Z,"{""rows"": 0}",2026-09-29T14:51:05.872Z,http_post,https://api.divar.ir/v8/postlist/w/search,200,ok,65
1019,measure,succeeded,2026-09-29T14:51:05.957Z,2026-09-29T14:51:09.059Z,"{""rows"": 12}",2026-09-29T14:51:08.955Z,http_post,https://api.divar.ir/v8/postlist/w/search,200,ok,89
1020,measure,succeeded,2026-09-29T14:51:09.075Z,2026-09-29T14:51:12.353Z,"{""rows"": 5}",2026-09-29T14:51:12.061Z,http_post,https://api.divar.ir/v8/postlist/w/search,200,ok,284
1021,measure,succeeded,2026-09-29T14:51:12.360Z,2026-09-29T14:51:15.697Z,"{""rows"": 9}",2026-09-29T14:51:15.356Z,http_post,https://api.divar.ir/v8/postlist/w/search,200,ok,331
1022,measure,succeeded,2026-09-29T14:51:15.707Z,2026-09-29T14:51:19.002Z,"{""rows"": 24}",2026-09-29T14:51:18.697Z,http_post,https://api.divar.ir/v8/postlist/w/search,200,ok,287
1023,measure,succeeded,2026-09-29T14:53:17.068Z,2026-09-29T14:53:17.602Z,"{""rows"": 3}",2026-09-29T14:53:17.071Z,http_post,https://api.divar.ir/v8/postlist/w/search,200,ok,524
1024,measure,succeeded,2026-09-29T14:53:18.081Z,2026-09-29T14:53:20.797Z,"{""rows"": 7}",2026-09-29T14:53:20.608Z,http_post,https://api.divar.ir/v8/postlist/w/search,200,ok,181
1025,measure,succeeded,2026-09-29T14:53:20.805Z,2026-09-29T14:53:23.855Z,"{""rows"": 24}",2026-09-29T14:53:23.802Z,http_post,https://api.divar.ir/v8/postlist/w/search,200,ok,44
1026,measure,succeeded,2026-09-29T14:53:23.863Z,2026-09-29T14:53:26.928Z,"{""rows"": 11}",2026-09-29T14:53:26.858Z,http_post,https://api.divar.ir/v8/postlist/w/search,200,ok,63
1027,measure,succeeded,2026-09-29T14:53:26.937Z,2026-09-29T14:53:29.997Z,"{""rows"": 24}",2026-09-29T14:53:29.932Z,http_post,https://api.divar.ir/v8/postlist/w/search,200,ok,59
1028,measure,succeeded,2026-09-29T14:53:30.005Z,2026-09-29T14:53:33.168Z,"{""rows"": 0}",2026-09-29T14:53:33.001Z,http_post,https://api.divar.ir/v8/postlist/w/search,200,ok,158
1029,measure,succeeded,2026-09-29T14:53:33.176Z,2026-09-29T14:53:36.429Z,"{""rows"": 0}",2026-09-29T14:53:36.171Z,http_post,https://api.divar.ir/v8/postlist/w/search,200,ok,250
1030,measure,succeeded,2026-09-29T14:53:36.435Z,2026-09-29T14:53:39.679Z,"{""rows"": 6}",2026-09-29T14:53:39.433Z,http_post,https://api.divar.ir/v8/postlist/w/search,200,ok,239
1031,measure,succeeded,2026-09-29T14:53:39.689Z,2026-09-29T14:53:42.864Z,"{""rows"": 2}",2026-09-29T14:53:42.684Z,http_post,https://api.divar.ir/v8/postlist/w/search,200,ok,170
1032,measure,succeeded,2026-09-29T14:53:42.881Z,2026-09-29T14:53:46.123Z,"{""rows"": 24}",2026-09-29T14:53:45.867Z,http_post,https://api.divar.ir/v8/postlist/w/search,200,ok,247
1033,measure,succeeded,2026-09-29T14:53:46.129Z,2026-09-29T14:53:49.491Z,"{""rows"": 21}",2026-09-29T14:53:49.127Z,http_post,https://api.divar.ir/v8/postlist/w/search,200,ok,347
1034,measure,succeeded,2026-09-29T14:53:49.509Z,2026-09-29T14:53:52.780Z,"{""rows"": 24}",2026-09-29T14:53:52.493Z,http_post,https://api.divar.ir/v8/postlist/w/search,200,ok,278
1035,measure,succeeded,2026-09-29T14:53:52.787Z,2026-09-29T14:53:55.903Z,"{""rows"": 24}",2026-09-29T14:53:55.784Z,http_post,https://api.divar.ir/v8/postlist/w/search,200,ok,100
1036,measure,succeeded,2026-09-29T14:53:55.917Z,2026-09-29T14:53:59.164Z,"{""rows"": 23}",2026-09-29T14:53:58.902Z,http_post,https://api.divar.ir/v8/postlist/w/search,200,ok,253
1037,measure,succeeded,2026-09-29T14:53:59.171Z,2026-09-29T14:54:02.288Z,"{""rows"": 24}",2026-09-29T14:54:02.167Z,http_post,https://api.divar.ir/v8/postlist/w/search,200,ok,114
1038,measure,succeeded,2026-09-29T14:54:02.295Z,2026-09-29T14:54:05.368Z,"{""rows"": 24}",2026-09-29T14:54:05.294Z,http_post,https://api.divar.ir/v8/postlist/w/search,200,ok,61
1039,measure,succeeded,2026-09-29T14:54:05.420Z,2026-09-29T14:54:08.552Z,"{""rows"": 24}",2026-09-29T14:54:08.371Z,http_post,https://api.divar.ir/v8/postlist/w/search,200,ok,167
1040,measure,succeeded,2026-09-29T14:54:08.562Z,2026-09-29T14:54:11.738Z,"{""rows"": 5}",2026-09-29T14:54:11.553Z,http_post,https://api.divar.ir/v8/postlist/w/search,200,ok,175
1041,measure,succeeded,2026-09-29T14:54:11.746Z,2026-09-29T14:54:14.872Z,"{""rows"": 24}",2026-09-29T14:54:14.741Z,http_post,https://api.divar.ir/v8/postlist/w/search,200,ok,120
1042,measure,succeeded,2026-09-29T14:54:14.880Z,2026-09-29T14:54:17.966Z,"{""rows"": 24}",2026-09-29T14:54:17.874Z,http_post,https://api.divar.ir/v8/postlist/w/search,200,ok,84
1043,measure,succeeded,2026-09-29T14:55:17.004Z,2026-09-29T14:55:17.591Z,"{""rows"": 24}",2026-09-29T14:55:17.024Z,http_post,https://api.divar.ir/v8/postlist/w/search,200,ok,557
1044,measure,succeeded,2026-09-29T14:55:18.000Z,2026-09-29T14:55:20.724Z,"{""rows"": 24}",2026-09-29T14:55:20.595Z,http_post,https://api.divar.ir/v8/postlist/w/search,200,ok,113
1045,measure,succeeded,2026-09-29T14:55:20.744Z,2026-09-29T14:55:23.792Z,"{""rows"": 2}",2026-09-29T14:55:23.723Z,http_post,https://api.divar.ir/v8/postlist/w/search,200,ok,64
1046,measure,succeeded,2026-09-29T14:55:23.801Z,2026-09-29T14:55:26.889Z,"{""rows"": 10}",2026-09-29T14:55:26.796Z,http_post,https://api.divar.ir/v8/postlist/w/search,200,ok,70
1047,measure,succeeded,2026-09-29T14:55:26.900Z,2026-09-29T14:55:29.995Z,"{""rows"": 20}",2026-09-29T14:55:29.892Z,http_post,https://api.divar.ir/v8/postlist/w/search,200,ok,95
1048,measure,succeeded,2026-09-29T14:55:30.003Z,2026-09-29T14:55:33.063Z,"{""rows"": 4}",2026-09-29T14:55:32.999Z,http_post,https://api.divar.ir/v8/postlist/w/search,200,ok,57
1049,measure,succeeded,2026-09-29T14:55:33.073Z,2026-09-29T14:55:36.113Z,"{""rows"": 0}",2026-09-29T14:55:36.068Z,http_post,https://api.divar.ir/v8/postlist/w/search,200,ok,39
1050,measure,succeeded,2026-09-29T14:55:36.126Z,2026-09-29T14:55:39.264Z,"{""rows"": 24}",2026-09-29T14:55:39.119Z,http_post,https://api.divar.ir/v8/postlist/w/search,200,ok,130
1051,measure,succeeded,2026-09-29T14:55:39.291Z,2026-09-29T14:55:42.360Z,"{""rows"": 24}",2026-09-29T14:55:42.268Z,http_post,https://api.divar.ir/v8/postlist/w/search,200,ok,78
1052,measure,succeeded,2026-09-29T14:55:42.373Z,2026-09-29T14:55:45.431Z,"{""rows"": 23}",2026-09-29T14:55:45.364Z,http_post,https://api.divar.ir/v8/postlist/w/search,200,ok,56
1053,measure,succeeded,2026-09-29T14:55:45.444Z,2026-09-29T14:55:48.507Z,"{""rows"": 0}",2026-09-29T14:55:48.435Z,http_post,https://api.divar.ir/v8/postlist/w/search,200,ok,63
1054,measure,succeeded,2026-09-29T14:55:48.515Z,2026-09-29T14:55:51.618Z,"{""rows"": 24}",2026-09-29T14:55:51.513Z,http_post,https://api.divar.ir/v8/postlist/w/search,200,ok,75
1055,measure,succeeded,2026-09-29T14:55:51.640Z,2026-09-29T14:55:54.808Z,"{""rows"": 24}",2026-09-29T14:55:54.617Z,http_post,https://api.divar.ir/v8/postlist/w/search,200,ok,178
1056,measure,succeeded,2026-09-29T14:55:54.820Z,2026-09-29T14:55:57.868Z,"{""rows"": 6}",2026-09-29T14:55:57.810Z,http_post,https://api.divar.ir/v8/postlist/w/search,200,ok,50
1057,measure,succeeded,2026-09-29T14:55:57.882Z,2026-09-29T14:56:01.018Z,"{""rows"": 24}",2026-09-29T14:56:00.874Z,http_post,https://api.divar.ir/v8/postlist/w/search,200,ok,133
1058,measure,succeeded,2026-09-29T14:56:01.027Z,2026-09-29T14:56:04.229Z,"{""rows"": 16}",2026-09-29T14:56:04.020Z,http_post,https://api.divar.ir/v8/postlist/w/search,200,ok,195
1059,measure,succeeded,2026-09-29T14:56:04.239Z,2026-09-29T14:56:07.290Z,"{""rows"": 24}",2026-09-29T14:56:07.230Z,http_post,https://api.divar.ir/v8/postlist/w/search,200,ok,52
1060,measure,succeeded,2026-09-29T14:56:07.302Z,2026-09-29T14:56:10.343Z,"{""rows"": 2}",2026-09-29T14:56:10.293Z,http_post,https://api.divar.ir/v8/postlist/w/search,200,ok,44
1061,measure,succeeded,2026-09-29T14:56:10.356Z,2026-09-29T14:56:13.580Z,"{""rows"": 24}",2026-09-29T14:56:13.348Z,http_post,https://api.divar.ir/v8/postlist/w/search,200,ok,217
1062,measure,succeeded,2026-09-29T14:56:13.593Z,2026-09-29T14:56:16.706Z,"{""rows"": 23}",2026-09-29T14:56:16.581Z,http_post,https://api.divar.ir/v8/postlist/w/search,200,ok,114
1063,measure,succeeded,2026-09-29T14:57:16.742Z,2026-09-29T14:57:17.038Z,"{""rows"": 24}",2026-09-29T14:57:16.746Z,http_post,https://api.divar.ir/v8/postlist/w/search,200,ok,283
1064,measure,succeeded,2026-09-29T14:57:17.745Z,2026-09-29T14:57:20.156Z,"{""rows"": 24}",2026-09-29T14:57:20.038Z,http_post,https://api.divar.ir/v8/postlist/w/search,200,ok,109
1065,measure,succeeded,2026-09-29T14:57:20.165Z,2026-09-29T14:57:23.258Z,"{""rows"": 1}",2026-09-29T14:57:23.161Z,http_post,https://api.divar.ir/v8/postlist/w/search,200,ok,89
1066,measure,succeeded,2026-09-29T14:57:23.268Z,2026-09-29T14:57:26.348Z,"{""rows"": 16}",2026-09-29T14:57:26.263Z,http_post,https://api.divar.ir/v8/postlist/w/search,200,ok,77
1067,measure,succeeded,2026-09-29T14:57:26.358Z,2026-09-29T14:57:29.454Z,"{""rows"": 17}",2026-09-29T14:57:29.352Z,http_post,https://api.divar.ir/v8/postlist/w/search,200,ok,93
1068,measure,succeeded,2026-09-29T14:57:29.465Z,2026-09-29T14:57:32.582Z,"{""rows"": 23}",2026-09-29T14:57:32.457Z,http_post,https://api.divar.ir/v8/postlist/w/search,200,ok,116
1069,measure,succeeded,2026-09-29T14:57:32.591Z,2026-09-29T14:57:35.626Z,"{""rows"": 5}",2026-09-29T14:57:35.585Z,http_post,https://api.divar.ir/v8/postlist/w/search,200,ok,35
1070,measure,succeeded,2026-09-29T14:57:35.636Z,2026-09-29T14:57:38.709Z,"{""rows"": 0}",2026-09-29T14:57:38.631Z,http_post,https://api.divar.ir/v8/postlist/w/search,200,ok,70
1071,measure,succeeded,2026-09-29T14:57:38.716Z,2026-09-29T14:57:41.834Z,"{""rows"": 24}",2026-09-29T14:57:41.714Z,http_post,https://api.divar.ir/v8/postlist/w/search,200,ok,110
1072,measure,succeeded,2026-09-29T14:57:41.844Z,2026-09-29T14:57:44.985Z,"{""rows"": 24}",2026-09-29T14:57:44.837Z,http_post,https://api.divar.ir/v8/postlist/w/search,200,ok,137
1073,measure,succeeded,2026-09-29T14:57:44.997Z,2026-09-29T14:57:48.101Z,"{""rows"": 23}",2026-09-29T14:57:47.991Z,http_post,https://api.divar.ir/v8/postlist/w/search,200,ok,86
1074,measure,succeeded,2026-09-29T14:57:48.141Z,2026-09-29T14:57:51.176Z,"{""rows"": 7}",2026-09-29T14:57:51.100Z,http_post,https://api.divar.ir/v8/postlist/w/search,200,ok,60
1075,measure,succeeded,2026-09-29T14:57:51.203Z,2026-09-29T14:57:54.261Z,"{""rows"": 24}",2026-09-29T14:57:54.178Z,http_post,https://api.divar.ir/v8/postlist/w/search,200,ok,63
1076,measure,succeeded,2026-09-29T14:57:54.292Z,2026-09-29T14:57:57.343Z,"{""rows"": 24}",2026-09-29T14:57:57.263Z,http_post,https://api.divar.ir/v8/postlist/w/search,200,ok,69
1077,measure,succeeded,2026-09-29T14:57:57.354Z,2026-09-29T14:58:00.428Z,"{""rows"": 24}",2026-09-29T14:58:00.348Z,http_post,https://api.divar.ir/v8/postlist/w/search,200,ok,62
1078,measure,succeeded,2026-09-29T14:58:00.463Z,2026-09-29T14:58:03.534Z,"{""rows"": 24}",2026-09-29T14:58:03.426Z,http_post,https://api.divar.ir/v8/postlist/w/search,200,ok,98
1079,measure,succeeded,2026-09-29T14:58:03.556Z,2026-09-29T14:58:06.632Z,"{""rows"": 8}",2026-09-29T14:58:06.540Z,http_post,https://api.divar.ir/v8/postlist/w/search,200,ok,70
1080,measure,succeeded,2026-09-29T14:58:06.649Z,2026-09-29T14:58:09.858Z,"{""rows"": 12}",2026-09-29T14:58:09.625Z,http_post,https://api.divar.ir/v8/postlist/w/search,200,ok,225
1081,measure,succeeded,2026-09-29T14:58:09.868Z,2026-09-29T14:58:13.057Z,"{""rows"": 24}",2026-09-29T14:58:12.861Z,http_post,https://api.divar.ir/v8/postlist/w/search,200,ok,181
1082,measure,succeeded,2026-09-29T14:58:13.070Z,2026-09-29T14:58:16.319Z,"{""rows"": 24}",2026-09-29T14:58:16.060Z,http_post,https://api.divar.ir/v8/postlist/w/search,200,ok,235
1083,measure,succeeded,2026-09-29T14:58:16.339Z,2026-09-29T14:58:19.535Z,"{""rows"": 23}",2026-09-29T14:58:19.314Z,http_post,https://api.divar.ir/v8/postlist/w/search,200,ok,210
1084,measure,succeeded,2026-09-29T15:00:17.662Z,2026-09-29T15:00:18.479Z,"{""rows"": 24}",2026-09-29T15:00:17.669Z,http_post,https://api.divar.ir/v8/postlist/w/search,200,ok,797
1085,measure,succeeded,2026-09-29T15:00:18.660Z,2026-09-29T15:00:23.192Z,"{""rows"": 8}",2026-09-29T15:00:22.474Z,http_post,https://api.divar.ir/v8/postlist/w/search,200,ok,701
1086,measure,succeeded,2026-09-29T15:00:23.200Z,2026-09-29T15:00:27.154Z,"{""rows"": 1}",2026-09-29T15:00:26.694Z,http_post,https://api.divar.ir/v8/postlist/w/search,200,ok,287
1087,measure,succeeded,2026-09-29T15:00:28.200Z,2026-09-29T15:00:30.419Z,"{""rows"": 0}",2026-09-29T15:00:30.171Z,http_post,https://api.divar.ir/v8/postlist/w/search,200,ok,225
1088,measure,succeeded,2026-09-29T15:00:30.473Z,2026-09-29T15:00:33.841Z,"{""rows"": 24}",2026-09-29T15:00:33.432Z,http_post,https://api.divar.ir/v8/postlist/w/search,200,ok,391
1089,measure,succeeded,2026-09-29T15:00:33.859Z,2026-09-29T15:00:37.160Z,"{""rows"": 15}",2026-09-29T15:00:36.838Z,http_post,https://api.divar.ir/v8/postlist/w/search,200,ok,311
1090,measure,succeeded,2026-09-29T15:00:37.172Z,2026-09-29T15:00:40.556Z,"{""rows"": 5}",2026-09-29T15:00:40.165Z,http_post,https://api.divar.ir/v8/postlist/w/search,200,ok,366
1091,measure,succeeded,2026-09-29T15:00:40.565Z,2026-09-29T15:00:43.924Z,"{""rows"": 0}",2026-09-29T15:00:43.553Z,http_post,https://api.divar.ir/v8/postlist/w/search,200,ok,350
1092,measure,succeeded,2026-09-29T15:00:43.967Z,2026-09-29T15:00:47.297Z,"{""rows"": 0}",2026-09-29T15:00:46.931Z,http_post,https://api.divar.ir/v8/postlist/w/search,200,ok,300
1093,measure,succeeded,2026-09-29T15:00:47.317Z,2026-09-29T15:00:50.704Z,"{""rows"": 0}",2026-09-29T15:00:50.299Z,http_post,https://api.divar.ir/v8/postlist/w/search,200,ok,389
1094,measure,succeeded,2026-09-29T15:00:50.713Z,2026-09-29T15:00:54.796Z,"{""rows"": 24}",2026-09-29T15:00:53.706Z,http_post,https://api.divar.ir/v8/postlist/w/search,200,ok,300
1095,measure,succeeded,2026-09-29T15:00:54.919Z,2026-09-29T15:00:57.849Z,"{""rows"": 24}",2026-09-29T15:00:57.569Z,http_post,https://api.divar.ir/v8/postlist/w/search,200,ok,226
1096,measure,succeeded,2026-09-29T15:00:57.894Z,2026-09-29T15:01:01.231Z,"{""rows"": 24}",2026-09-29T15:01:00.837Z,http_post,https://api.divar.ir/v8/postlist/w/search,200,ok,351
1097,measure,succeeded,2026-09-29T15:01:01.265Z,2026-09-29T15:01:04.518Z,"{""rows"": 12}",2026-09-29T15:01:04.216Z,http_post,https://api.divar.ir/v8/postlist/w/search,200,ok,285
1098,measure,succeeded,2026-09-29T15:01:04.527Z,2026-09-29T15:01:07.798Z,"{""rows"": 2}",2026-09-29T15:01:07.518Z,http_post,https://api.divar.ir/v8/postlist/w/search,200,ok,260
1099,measure,succeeded,2026-09-29T15:01:07.841Z,2026-09-29T15:01:11.190Z,"{""rows"": 2}",2026-09-29T15:01:10.808Z,http_post,https://api.divar.ir/v8/postlist/w/search,200,ok,357
1100,measure,succeeded,2026-09-29T15:01:11.238Z,2026-09-29T15:01:14.629Z,"{""rows"": 24}",2026-09-29T15:01:14.198Z,http_post,https://api.divar.ir/v8/postlist/w/search,200,ok,407
1101,measure,succeeded,2026-09-29T15:01:14.640Z,2026-09-29T15:01:18.228Z,"{""rows"": 23}",2026-09-29T15:01:17.622Z,http_post,https://api.divar.ir/v8/postlist/w/search,200,ok,447
1102,measure,succeeded,2026-09-29T15:01:18.314Z,2026-09-29T15:01:21.715Z,"{""rows"": 14}",2026-09-29T15:01:21.219Z,http_post,https://api.divar.ir/v8/postlist/w/search,200,ok,476
1103,measure,succeeded,2026-09-29T15:01:21.763Z,2026-09-29T15:01:25.111Z,"{""rows"": 24}",2026-09-29T15:01:24.722Z,http_post,https://api.divar.ir/v8/postlist/w/search,200,ok,370
1104,measure,succeeded,2026-09-29T15:01:25.155Z,2026-09-29T15:01:28.544Z,"{""rows"": 6}",2026-09-29T15:01:28.112Z,http_post,https://api.divar.ir/v8/postlist/w/search,200,ok,420
1105,measure,succeeded,2026-09-29T15:01:28.564Z,2026-09-29T15:01:31.918Z,"{""rows"": 24}",2026-09-29T15:01:31.544Z,http_post,https://api.divar.ir/v8/postlist/w/search,200,ok,363
1106,measure,succeeded,2026-09-29T15:01:31.932Z,2026-09-29T15:01:35.343Z,"{""rows"": 24}",2026-09-29T15:01:34.922Z,http_post,https://api.divar.ir/v8/postlist/w/search,200,ok,411
1107,measure,succeeded,2026-09-29T15:01:35.354Z,2026-09-29T15:01:38.643Z,"{""rows"": 14}",2026-09-29T15:01:38.346Z,http_post,https://api.divar.ir/v8/postlist/w/search,200,ok,287
1108,measure,succeeded,2026-09-29T15:01:38.650Z,2026-09-29T15:01:41.966Z,"{""rows"": 22}",2026-09-29T15:01:41.646Z,http_post,https://api.divar.ir/v8/postlist/w/search,200,ok,302
1109,measure,succeeded,2026-09-29T15:01:41.991Z,2026-09-29T15:01:45.292Z,"{""rows"": 24}",2026-09-29T15:01:44.966Z,http_post,https://api.divar.ir/v8/postlist/w/search,200,ok,307
1110,measure,succeeded,2026-09-29T15:01:45.308Z,2026-09-29T15:01:48.594Z,"{""rows"": 5}",2026-09-29T15:01:48.289Z,http_post,https://api.divar.ir/v8/postlist/w/search,200,ok,294
1111,measure,succeeded,2026-09-29T15:01:48.609Z,2026-09-29T15:01:51.865Z,"{""rows"": 5}",2026-09-29T15:01:51.598Z,http_post,https://api.divar.ir/v8/postlist/w/search,200,ok,253
1112,measure,succeeded,2026-09-29T15:01:51.887Z,2026-09-29T15:01:55.098Z,"{""rows"": 24}",2026-09-29T15:01:54.867Z,http_post,https://api.divar.ir/v8/postlist/w/search,200,ok,213
1113,measure,succeeded,2026-09-29T15:01:55.119Z,2026-09-29T15:01:58.315Z,"{""rows"": 12}",2026-09-29T15:01:58.099Z,http_post,https://api.divar.ir/v8/postlist/w/search,200,ok,207
1114,measure,succeeded,2026-09-29T15:01:58.323Z,2026-09-29T15:02:01.607Z,"{""rows"": 24}",2026-09-29T15:02:01.320Z,http_post,https://api.divar.ir/v8/postlist/w/search,200,ok,278
1115,measure,succeeded,2026-09-29T15:02:01.615Z,2026-09-29T15:02:04.771Z,"{""rows"": 3}",2026-09-29T15:02:04.609Z,http_post,https://api.divar.ir/v8/postlist/w/search,200,ok,152
1116,measure,succeeded,2026-09-29T15:02:04.781Z,2026-09-29T15:02:07.995Z,"{""rows"": 24}",2026-09-29T15:02:07.774Z,http_post,https://api.divar.ir/v8/postlist/w/search,200,ok,208
1117,measure,succeeded,2026-09-29T15:02:08.011Z,2026-09-29T15:02:11.231Z,"{""rows"": 8}",2026-09-29T15:02:10.997Z,http_post,https://api.divar.ir/v8/postlist/w/search,200,ok,226
1118,measure,succeeded,2026-09-29T15:02:11.244Z,2026-09-29T15:02:14.421Z,"{""rows"": 24}",2026-09-29T15:02:14.233Z,http_post,https://api.divar.ir/v8/postlist/w/search,200,ok,179
1119,measure,succeeded,2026-09-29T15:02:14.431Z,2026-09-29T15:02:17.739Z,"{""rows"": 6}",2026-09-29T15:02:17.425Z,http_post,https://api.divar.ir/v8/postlist/w/search,200,ok,302
1120,measure,succeeded,2026-09-29T15:03:16.784Z,2026-09-29T15:03:17.033Z,"{""rows"": 23}",2026-09-29T15:03:16.791Z,http_post,https://api.divar.ir/v8/postlist/w/search,200,ok,234
1121,measure,succeeded,2026-09-29T15:03:17.786Z,2026-09-29T15:03:20.106Z,"{""rows"": 24}",2026-09-29T15:03:20.036Z,http_post,https://api.divar.ir/v8/postlist/w/search,200,ok,59
1122,measure,succeeded,2026-09-29T15:03:20.118Z,2026-09-29T15:03:23.214Z,"{""rows"": 11}",2026-09-29T15:03:23.111Z,http_post,https://api.divar.ir/v8/postlist/w/search,200,ok,88
1123,measure,succeeded,2026-09-29T15:03:23.234Z,2026-09-29T15:03:26.300Z,"{""rows"": 24}",2026-09-29T15:03:26.214Z,http_post,https://api.divar.ir/v8/postlist/w/search,200,ok,75
1124,measure,succeeded,2026-09-29T15:03:26.321Z,2026-09-29T15:03:29.368Z,"{""rows"": 2}",2026-09-29T15:03:29.307Z,http_post,https://api.divar.ir/v8/postlist/w/search,200,ok,55
1125,measure,succeeded,2026-09-29T15:03:29.377Z,2026-09-29T15:03:32.429Z,"{""rows"": 8}",2026-09-29T15:03:32.373Z,http_post,https://api.divar.ir/v8/postlist/w/search,200,ok,49
1126,measure,succeeded,2026-09-29T15:03:32.436Z,2026-09-29T15:03:35.500Z,"{""rows"": 0}",2026-09-29T15:03:35.435Z,http_post,https://api.divar.ir/v8/postlist/w/search,200,ok,52
1127,measure,succeeded,2026-09-29T15:03:35.526Z,2026-09-29T15:03:38.602Z,"{""rows"": 24}",2026-09-29T15:03:38.503Z,http_post,https://api.divar.ir/v8/postlist/w/search,200,ok,88
1128,measure,succeeded,2026-09-29T15:03:38.612Z,2026-09-29T15:03:41.674Z,"{""rows"": 24}",2026-09-29T15:03:41.607Z,http_post,https://api.divar.ir/v8/postlist/w/search,200,ok,53
1129,measure,succeeded,2026-09-29T15:03:41.690Z,2026-09-29T15:03:44.754Z,"{""rows"": 6}",2026-09-29T15:03:44.677Z,http_post,https://api.divar.ir/v8/postlist/w/search,200,ok,67
1130,measure,succeeded,2026-09-29T15:03:44.767Z,2026-09-29T15:03:47.824Z,"{""rows"": 12}",2026-09-29T15:03:47.759Z,http_post,https://api.divar.ir/v8/postlist/w/search,200,ok,57
1131,measure,succeeded,2026-09-29T15:03:47.835Z,2026-09-29T15:03:50.899Z,"{""rows"": 13}",2026-09-29T15:03:50.828Z,http_post,https://api.divar.ir/v8/postlist/w/search,200,ok,54
1132,measure,succeeded,2026-09-29T15:03:50.914Z,2026-09-29T15:03:53.970Z,"{""rows"": 24}",2026-09-29T15:03:53.902Z,http_post,https://api.divar.ir/v8/postlist/w/search,200,ok,52
1133,measure,succeeded,2026-09-29T15:03:53.989Z,2026-09-29T15:03:57.052Z,"{""rows"": 19}",2026-09-29T15:03:56.969Z,http_post,https://api.divar.ir/v8/postlist/w/search,200,ok,69
1134,measure,succeeded,2026-09-29T15:03:57.071Z,2026-09-29T15:04:00.175Z,"{""rows"": 1}",2026-09-29T15:04:00.055Z,http_post,https://api.divar.ir/v8/postlist/w/search,200,ok,109
1135,measure,succeeded,2026-09-29T15:04:00.194Z,2026-09-29T15:04:03.369Z,"{""rows"": 24}",2026-09-29T15:04:03.181Z,http_post,https://api.divar.ir/v8/postlist/w/search,200,ok,175
1136,measure,succeeded,2026-09-29T15:04:03.391Z,2026-09-29T15:04:06.507Z,"{""rows"": 12}",2026-09-29T15:04:06.373Z,http_post,https://api.divar.ir/v8/postlist/w/search,200,ok,112
1137,measure,succeeded,2026-09-29T15:04:06.540Z,2026-09-29T15:04:09.601Z,"{""rows"": 2}",2026-09-29T15:04:09.506Z,http_post,https://api.divar.ir/v8/postlist/w/search,200,ok,84
1138,measure,succeeded,2026-09-29T15:04:09.633Z,2026-09-29T15:04:12.885Z,"{""rows"": 24}",2026-09-29T15:04:12.607Z,http_post,https://api.divar.ir/v8/postlist/w/search,200,ok,235
1139,measure,succeeded,2026-09-29T15:04:12.941Z,2026-09-29T15:04:15.969Z,"{""rows"": 24}",2026-09-29T15:04:15.876Z,http_post,https://api.divar.ir/v8/postlist/w/search,200,ok,80
1140,measure,succeeded,2026-09-29T15:04:15.987Z,2026-09-29T15:04:19.034Z,"{""rows"": 5}",2026-09-29T15:04:18.972Z,http_post,https://api.divar.ir/v8/postlist/w/search,200,ok,49
1141,measure,succeeded,2026-09-29T15:06:17.117Z,2026-09-29T15:06:17.545Z,"{""rows"": 24}",2026-09-29T15:06:17.120Z,http_post,https://api.divar.ir/v8/postlist/w/search,200,ok,414
1142,measure,succeeded,2026-09-29T15:06:18.119Z,2026-09-29T15:06:20.622Z,"{""rows"": 17}",2026-09-29T15:06:20.545Z,http_post,https://api.divar.ir/v8/postlist/w/search,200,ok,67
1143,measure,succeeded,2026-09-29T15:06:20.638Z,2026-09-29T15:06:23.685Z,"{""rows"": 3}",2026-09-29T15:06:23.627Z,http_post,https://api.divar.ir/v8/postlist/w/search,200,ok,52
1144,measure,succeeded,2026-09-29T15:06:23.695Z,2026-09-29T15:06:26.810Z,"{""rows"": 24}",2026-09-29T15:06:26.691Z,http_post,https://api.divar.ir/v8/postlist/w/search,200,ok,108
1145,measure,succeeded,2026-09-29T15:06:26.818Z,2026-09-29T15:06:29.888Z,"{""rows"": 3}",2026-09-29T15:06:29.813Z,http_post,https://api.divar.ir/v8/postlist/w/search,200,ok,68
1146,measure,succeeded,2026-09-29T15:06:29.897Z,2026-09-29T15:06:33.040Z,"{""rows"": 6}",2026-09-29T15:06:32.892Z,http_post,https://api.divar.ir/v8/postlist/w/search,200,ok,135
1147,measure,succeeded,2026-09-29T15:06:33.049Z,2026-09-29T15:06:36.170Z,"{""rows"": 24}",2026-09-29T15:06:36.042Z,http_post,https://api.divar.ir/v8/postlist/w/search,200,ok,120
1148,measure,succeeded,2026-09-29T15:06:36.178Z,2026-09-29T15:06:39.237Z,"{""rows"": 4}",2026-09-29T15:06:39.175Z,http_post,https://api.divar.ir/v8/postlist/w/search,200,ok,54
1149,measure,succeeded,2026-09-29T15:06:39.245Z,2026-09-29T15:06:42.330Z,"{""rows"": 3}",2026-09-29T15:06:42.243Z,http_post,https://api.divar.ir/v8/postlist/w/search,200,ok,72
1150,measure,succeeded,2026-09-29T15:06:42.341Z,2026-09-29T15:06:45.426Z,"{""rows"": 17}",2026-09-29T15:06:45.332Z,http_post,https://api.divar.ir/v8/postlist/w/search,200,ok,84
1151,measure,succeeded,2026-09-29T15:06:45.439Z,2026-09-29T15:06:48.509Z,"{""rows"": 11}",2026-09-29T15:06:48.429Z,http_post,https://api.divar.ir/v8/postlist/w/search,200,ok,73
1152,measure,succeeded,2026-09-29T15:06:48.517Z,2026-09-29T15:06:51.646Z,"{""rows"": 3}",2026-09-29T15:06:51.514Z,http_post,https://api.divar.ir/v8/postlist/w/search,200,ok,123
1153,measure,succeeded,2026-09-29T15:06:51.657Z,2026-09-29T15:06:54.841Z,"{""rows"": 0}",2026-09-29T15:06:54.648Z,http_post,https://api.divar.ir/v8/postlist/w/search,200,ok,185
1154,measure,succeeded,2026-09-29T15:06:54.848Z,2026-09-29T15:06:58.033Z,"{""rows"": 12}",2026-09-29T15:06:57.847Z,http_post,https://api.divar.ir/v8/postlist/w/search,200,ok,178
1155,measure,succeeded,2026-09-29T15:06:58.039Z,2026-09-29T15:07:01.138Z,"{""rows"": 23}",2026-09-29T15:07:01.034Z,http_post,https://api.divar.ir/v8/postlist/w/search,200,ok,96
1156,measure,succeeded,2026-09-29T15:07:01.144Z,2026-09-29T15:07:04.228Z,"{""rows"": 23}",2026-09-29T15:07:04.141Z,http_post,https://api.divar.ir/v8/postlist/w/search,200,ok,77
1157,measure,succeeded,2026-09-29T15:07:04.237Z,2026-09-29T15:07:07.313Z,"{""rows"": 15}",2026-09-29T15:07:07.231Z,http_post,https://api.divar.ir/v8/postlist/w/search,200,ok,74
1158,measure,succeeded,2026-09-29T15:07:07.320Z,2026-09-29T15:07:10.408Z,"{""rows"": 14}",2026-09-29T15:07:10.318Z,http_post,https://api.divar.ir/v8/postlist/w/search,200,ok,75
1159,measure,succeeded,2026-09-29T15:07:10.426Z,2026-09-29T15:07:13.511Z,"{""rows"": 15}",2026-09-29T15:07:13.410Z,http_post,https://api.divar.ir/v8/postlist/w/search,200,ok,82
1160,measure,succeeded,2026-09-29T15:07:13.527Z,2026-09-29T15:07:16.601Z,"{""rows"": 10}",2026-09-29T15:07:16.511Z,http_post,https://api.divar.ir/v8/postlist/w/search,200,ok,76
1161,measure,succeeded,2026-09-29T15:07:16.622Z,2026-09-29T15:07:19.699Z,"{""rows"": 7}",2026-09-29T15:07:19.603Z,http_post,https://api.divar.ir/v8/postlist/w/search,200,ok,81
1162,measure,succeeded,2026-09-29T15:09:16.773Z,2026-09-29T15:09:16.953Z,"{""rows"": 0}",2026-09-29T15:09:16.776Z,http_post,https://api.divar.ir/v8/postlist/w/search,200,ok,170
1163,measure,succeeded,2026-09-29T15:09:17.777Z,2026-09-29T15:09:20.008Z,"{""rows"": 0}",2026-09-29T15:09:19.959Z,http_post,https://api.divar.ir/v8/postlist/w/search,200,ok,37
1164,measure,succeeded,2026-09-29T15:09:20.031Z,2026-09-29T15:09:23.067Z,"{""rows"": 6}",2026-09-29T15:09:23.013Z,http_post,https://api.divar.ir/v8/postlist/w/search,200,ok,41
1165,measure,succeeded,2026-09-29T15:09:23.089Z,2026-09-29T15:09:26.122Z,"{""rows"": 4}",2026-09-29T15:09:26.070Z,http_post,https://api.divar.ir/v8/postlist/w/search,200,ok,44
1166,measure,succeeded,2026-09-29T15:09:26.134Z,2026-09-29T15:09:29.205Z,"{""rows"": 20}",2026-09-29T15:09:29.129Z,http_post,https://api.divar.ir/v8/postlist/w/search,200,ok,59
1167,measure,succeeded,2026-09-29T15:09:29.225Z,2026-09-29T15:09:32.266Z,"{""rows"": 24}",2026-09-29T15:09:32.206Z,http_post,https://api.divar.ir/v8/postlist/w/search,200,ok,47
1168,measure,succeeded,2026-09-29T15:09:32.280Z,2026-09-29T15:09:35.344Z,"{""rows"": 23}",2026-09-29T15:09:35.273Z,http_post,https://api.divar.ir/v8/postlist/w/search,200,ok,53
1169,measure,succeeded,2026-09-29T15:09:35.366Z,2026-09-29T15:09:38.434Z,"{""rows"": 23}",2026-09-29T15:09:38.343Z,http_post,https://api.divar.ir/v8/postlist/w/search,200,ok,79
1170,measure,succeeded,2026-09-29T15:09:38.445Z,2026-09-29T15:09:41.487Z,"{""rows"": 5}",2026-09-29T15:09:41.436Z,http_post,https://api.divar.ir/v8/postlist/w/search,200,ok,41
1171,measure,succeeded,2026-09-29T15:09:41.502Z,2026-09-29T15:09:44.567Z,"{""rows"": 24}",2026-09-29T15:09:44.491Z,http_post,https://api.divar.ir/v8/postlist/w/search,200,ok,59
1172,measure,succeeded,2026-09-29T15:09:44.588Z,2026-09-29T15:09:47.634Z,"{""rows"": 1}",2026-09-29T15:09:47.568Z,http_post,https://api.divar.ir/v8/postlist/w/search,200,ok,60
1173,measure,succeeded,2026-09-29T15:09:47.641Z,2026-09-29T15:09:50.706Z,"{""rows"": 24}",2026-09-29T15:09:50.641Z,http_post,https://api.divar.ir/v8/postlist/w/search,200,ok,49
1174,measure,succeeded,2026-09-29T15:09:50.717Z,2026-09-29T15:09:53.809Z,"{""rows"": 12}",2026-09-29T15:09:53.709Z,http_post,https://api.divar.ir/v8/postlist/w/search,200,ok,85
1175,measure,succeeded,2026-09-29T15:09:53.831Z,2026-09-29T15:09:56.861Z,"{""rows"": 0}",2026-09-29T15:09:56.809Z,http_post,https://api.divar.ir/v8/postlist/w/search,200,ok,44
1176,measure,succeeded,2026-09-29T15:09:56.868Z,2026-09-29T15:09:59.925Z,"{""rows"": 24}",2026-09-29T15:09:59.865Z,http_post,https://api.divar.ir/v8/postlist/w/search,200,ok,50
1177,measure,succeeded,2026-09-29T15:09:59.947Z,2026-09-29T15:10:02.991Z,"{""rows"": 24}",2026-09-29T15:10:02.929Z,http_post,https://api.divar.ir/v8/postlist/w/search,200,ok,48
1178,measure,succeeded,2026-09-29T15:10:03.004Z,2026-09-29T15:10:06.077Z,"{""rows"": 24}",2026-09-29T15:10:05.993Z,http_post,https://api.divar.ir/v8/postlist/w/search,200,ok,72
1179,measure,succeeded,2026-09-29T15:10:06.088Z,2026-09-29T15:10:09.225Z,"{""rows"": 24}",2026-09-29T15:10:09.082Z,http_post,https://api.divar.ir/v8/postlist/w/search,200,ok,123
1180,measure,succeeded,2026-09-29T15:10:09.245Z,2026-09-29T15:10:12.293Z,"{""rows"": 23}",2026-09-29T15:10:12.224Z,http_post,https://api.divar.ir/v8/postlist/w/search,200,ok,51
1181,measure,succeeded,2026-09-29T15:10:12.307Z,2026-09-29T15:10:15.355Z,"{""rows"": 24}",2026-09-29T15:10:15.294Z,http_post,https://api.divar.ir/v8/postlist/w/search,200,ok,45
1182,measure,succeeded,2026-09-29T15:10:15.376Z,2026-09-29T15:10:18.423Z,"{""rows"": 9}",2026-09-29T15:10:18.357Z,http_post,https://api.divar.ir/v8/postlist/w/search,200,ok,49
1183,measure,succeeded,2026-09-29T15:11:17.465Z,2026-09-29T15:11:17.726Z,"{""rows"": 24}",2026-09-29T15:11:17.468Z,http_post,https://api.divar.ir/v8/postlist/w/search,200,ok,239
1184,measure,succeeded,2026-09-29T15:11:18.466Z,2026-09-29T15:11:20.859Z,"{""rows"": 0}",2026-09-29T15:11:20.723Z,http_post,https://api.divar.ir/v8/postlist/w/search,200,ok,128
1185,measure,succeeded,2026-09-29T15:11:20.867Z,2026-09-29T15:11:23.916Z,"{""rows"": 24}",2026-09-29T15:11:23.863Z,http_post,https://api.divar.ir/v8/postlist/w/search,200,ok,44
1186,measure,succeeded,2026-09-29T15:11:23.927Z,2026-09-29T15:11:26.987Z,"{""rows"": 11}",2026-09-29T15:11:26.920Z,http_post,https://api.divar.ir/v8/postlist/w/search,200,ok,57
1187,measure,succeeded,2026-09-29T15:11:27.001Z,2026-09-29T15:11:30.099Z,"{""rows"": 0}",2026-09-29T15:11:29.991Z,http_post,https://api.divar.ir/v8/postlist/w/search,200,ok,88
1188,measure,succeeded,2026-09-29T15:11:30.117Z,2026-09-29T15:11:33.155Z,"{""rows"": 24}",2026-09-29T15:11:33.097Z,http_post,https://api.divar.ir/v8/postlist/w/search,200,ok,44
1189,measure,succeeded,2026-09-29T15:11:33.176Z,2026-09-29T15:11:36.226Z,"{""rows"": 24}",2026-09-29T15:11:36.160Z,http_post,https://api.divar.ir/v8/postlist/w/search,200,ok,54
1190,measure,succeeded,2026-09-29T15:11:36.249Z,2026-09-29T15:11:39.289Z,"{""rows"": 7}",2026-09-29T15:11:39.229Z,http_post,https://api.divar.ir/v8/postlist/w/search,200,ok,47
1191,measure,succeeded,2026-09-29T15:11:39.308Z,2026-09-29T15:11:42.358Z,"{""rows"": 24}",2026-09-29T15:11:42.291Z,http_post,https://api.divar.ir/v8/postlist/w/search,200,ok,58
1192,measure,succeeded,2026-09-29T15:11:42.367Z,2026-09-29T15:11:45.447Z,"{""rows"": 24}",2026-09-29T15:11:45.363Z,http_post,https://api.divar.ir/v8/postlist/w/search,200,ok,62
1193,measure,succeeded,2026-09-29T15:11:45.472Z,2026-09-29T15:11:48.509Z,"{""rows"": 12}",2026-09-29T15:11:48.443Z,http_post,https://api.divar.ir/v8/postlist/w/search,200,ok,46
1194,measure,succeeded,2026-09-29T15:11:48.518Z,2026-09-29T15:11:51.594Z,"{""rows"": 24}",2026-09-29T15:11:51.514Z,http_post,https://api.divar.ir/v8/postlist/w/search,200,ok,71
1195,measure,succeeded,2026-09-29T15:11:51.603Z,2026-09-29T15:11:54.727Z,"{""rows"": 24}",2026-09-29T15:11:54.598Z,http_post,https://api.divar.ir/v8/postlist/w/search,200,ok,119
1196,measure,succeeded,2026-09-29T15:11:54.744Z,2026-09-29T15:11:57.823Z,"{""rows"": 0}",2026-09-29T15:11:57.732Z,http_post,https://api.divar.ir/v8/postlist/w/search,200,ok,69
1197,measure,succeeded,2026-09-29T15:11:57.844Z,2026-09-29T15:12:00.892Z,"{""rows"": 8}",2026-09-29T15:12:00.819Z,http_post,https://api.divar.ir/v8/postlist/w/search,200,ok,66
1198,measure,succeeded,2026-09-29T15:12:00.901Z,2026-09-29T15:12:03.965Z,"{""rows"": 23}",2026-09-29T15:12:03.898Z,http_post,https://api.divar.ir/v8/postlist/w/search,200,ok,59
1199,measure,succeeded,2026-09-29T15:12:03.973Z,2026-09-29T15:12:07.128Z,"{""rows"": 24}",2026-09-29T15:12:06.970Z,http_post,https://api.divar.ir/v8/postlist/w/search,200,ok,146
1200,measure,succeeded,2026-09-29T15:12:07.138Z,2026-09-29T15:12:10.188Z,"{""rows"": 23}",2026-09-29T15:12:10.131Z,http_post,https://api.divar.ir/v8/postlist/w/search,200,ok,50
1201,measure,succeeded,2026-09-29T15:12:10.197Z,2026-09-29T15:12:13.249Z,"{""rows"": 5}",2026-09-29T15:12:13.195Z,http_post,https://api.divar.ir/v8/postlist/w/search,200,ok,40
1202,measure,succeeded,2026-09-29T15:12:13.273Z,2026-09-29T15:12:16.315Z,"{""rows"": 24}",2026-09-29T15:12:16.251Z,http_post,https://api.divar.ir/v8/postlist/w/search,200,ok,43
1203,measure,succeeded,2026-09-29T15:12:16.340Z,2026-09-29T15:12:19.457Z,"{""rows"": 24}",2026-09-29T15:12:19.312Z,http_post,https://api.divar.ir/v8/postlist/w/search,200,ok,126
1204,measure,succeeded,2026-09-29T15:14:17.521Z,2026-09-29T15:14:17.728Z,"{""rows"": 11}",2026-09-29T15:14:17.534Z,http_post,https://api.divar.ir/v8/postlist/w/search,200,ok,182
1205,measure,succeeded,2026-09-29T15:14:18.519Z,2026-09-29T15:14:20.830Z,"{""rows"": 2}",2026-09-29T15:14:20.731Z,http_post,https://api.divar.ir/v8/postlist/w/search,200,ok,87
1206,measure,succeeded,2026-09-29T15:14:20.851Z,2026-09-29T15:14:23.891Z,"{""rows"": 24}",2026-09-29T15:14:23.836Z,http_post,https://api.divar.ir/v8/postlist/w/search,200,ok,40
1207,measure,succeeded,2026-09-29T15:14:23.905Z,2026-09-29T15:14:26.965Z,"{""rows"": 24}",2026-09-29T15:14:26.896Z,http_post,https://api.divar.ir/v8/postlist/w/search,200,ok,51
1208,measure,succeeded,2026-09-29T15:14:26.985Z,2026-09-29T15:14:30.025Z,"{""rows"": 24}",2026-09-29T15:14:29.967Z,http_post,https://api.divar.ir/v8/postlist/w/search,200,ok,41
1209,measure,succeeded,2026-09-29T15:14:30.046Z,2026-09-29T15:14:33.084Z,"{""rows"": 24}",2026-09-29T15:14:33.028Z,http_post,https://api.divar.ir/v8/postlist/w/search,200,ok,43
1210,measure,succeeded,2026-09-29T15:14:33.101Z,2026-09-29T15:14:36.160Z,"{""rows"": 24}",2026-09-29T15:14:36.090Z,http_post,https://api.divar.ir/v8/postlist/w/search,200,ok,52
1211,measure,succeeded,2026-09-29T15:14:36.180Z,2026-09-29T15:14:39.199Z,"{""rows"": 12}",2026-09-29T15:14:39.161Z,http_post,https://api.divar.ir/v8/postlist/w/search,200,ok,30
1212,measure,succeeded,2026-09-29T15:14:39.205Z,2026-09-29T15:14:42.266Z,"{""rows"": 24}",2026-09-29T15:14:42.203Z,http_post,https://api.divar.ir/v8/postlist/w/search,200,ok,47
1213,measure,succeeded,2026-09-29T15:14:42.289Z,2026-09-29T15:14:45.334Z,"{""rows"": 24}",2026-09-29T15:14:45.268Z,http_post,https://api.divar.ir/v8/postlist/w/search,200,ok,43
1214,measure,succeeded,2026-09-29T15:14:45.350Z,2026-09-29T15:14:48.416Z,"{""rows"": 24}",2026-09-29T15:14:48.333Z,http_post,https://api.divar.ir/v8/postlist/w/search,200,ok,63
1215,measure,succeeded,2026-09-29T15:14:48.435Z,2026-09-29T15:14:51.526Z,"{""rows"": 24}",2026-09-29T15:14:51.413Z,http_post,https://api.divar.ir/v8/postlist/w/search,200,ok,103
1216,measure,succeeded,2026-09-29T15:14:51.534Z,2026-09-29T15:14:54.587Z,"{""rows"": 24}",2026-09-29T15:14:54.529Z,http_post,https://api.divar.ir/v8/postlist/w/search,200,ok,47
1217,measure,succeeded,2026-09-29T15:14:54.601Z,2026-09-29T15:14:57.652Z,"{""rows"": 13}",2026-09-29T15:14:57.592Z,http_post,https://api.divar.ir/v8/postlist/w/search,200,ok,41
1218,measure,succeeded,2026-09-29T15:14:57.673Z,2026-09-29T15:15:00.711Z,"{""rows"": 24}",2026-09-29T15:15:00.652Z,http_post,https://api.divar.ir/v8/postlist/w/search,200,ok,47
1219,measure,succeeded,2026-09-29T15:15:00.721Z,2026-09-29T15:15:03.786Z,"{""rows"": 24}",2026-09-29T15:15:03.715Z,http_post,https://api.divar.ir/v8/postlist/w/search,200,ok,57
1220,measure,succeeded,2026-09-29T15:15:03.808Z,2026-09-29T15:15:06.847Z,"{""rows"": 24}",2026-09-29T15:15:06.789Z,http_post,https://api.divar.ir/v8/postlist/w/search,200,ok,41
1221,measure,succeeded,2026-09-29T15:15:06.869Z,2026-09-29T15:15:09.920Z,"{""rows"": 24}",2026-09-29T15:15:09.848Z,http_post,https://api.divar.ir/v8/postlist/w/search,200,ok,64
1222,measure,succeeded,2026-09-29T15:15:09.928Z,2026-09-29T15:15:13.000Z,"{""rows"": 24}",2026-09-29T15:15:12.925Z,http_post,https://api.divar.ir/v8/postlist/w/search,200,ok,67
1223,measure,succeeded,2026-09-29T15:15:13.008Z,2026-09-29T15:15:16.100Z,"{""rows"": 15}",2026-09-29T15:15:16.004Z,http_post,https://api.divar.ir/v8/postlist/w/search,200,ok,80
1224,measure,succeeded,2026-09-29T15:15:16.118Z,2026-09-29T15:15:19.170Z,"{""rows"": 24}",2026-09-29T15:15:19.102Z,http_post,https://api.divar.ir/v8/postlist/w/search,200,ok,46
1225,measure,succeeded,2026-09-29T15:17:18.271Z,2026-09-29T15:17:18.467Z,"{""rows"": 24}",2026-09-29T15:17:18.274Z,http_post,https://api.divar.ir/v8/postlist/w/search,200,ok,187
1226,measure,succeeded,2026-09-29T15:17:19.269Z,2026-09-29T15:17:21.566Z,"{""rows"": 7}",2026-09-29T15:17:21.472Z,http_post,https://api.divar.ir/v8/postlist/w/search,200,ok,83
1227,measure,succeeded,2026-09-29T15:17:21.577Z,2026-09-29T15:17:24.631Z,"{""rows"": 2}",2026-09-29T15:17:24.568Z,http_post,https://api.divar.ir/v8/postlist/w/search,200,ok,54
1228,measure,succeeded,2026-09-29T15:17:24.651Z,2026-09-29T15:17:27.699Z,"{""rows"": 24}",2026-09-29T15:17:27.635Z,http_post,https://api.divar.ir/v8/postlist/w/search,200,ok,55
1229,measure,succeeded,2026-09-29T15:17:27.716Z,2026-09-29T15:17:30.758Z,"{""rows"": 24}",2026-09-29T15:17:30.702Z,http_post,https://api.divar.ir/v8/postlist/w/search,200,ok,49
1230,measure,succeeded,2026-09-29T15:17:30.767Z,2026-09-29T15:17:33.818Z,"{""rows"": 24}",2026-09-29T15:17:33.766Z,http_post,https://api.divar.ir/v8/postlist/w/search,200,ok,43
1231,measure,succeeded,2026-09-29T15:17:33.828Z,2026-09-29T15:17:36.881Z,"{""rows"": 24}",2026-09-29T15:17:36.822Z,http_post,https://api.divar.ir/v8/postlist/w/search,200,ok,48
1232,measure,succeeded,2026-09-29T15:17:36.891Z,2026-09-29T15:17:39.947Z,"{""rows"": 0}",2026-09-29T15:17:39.884Z,http_post,https://api.divar.ir/v8/postlist/w/search,200,ok,55
1233,measure,succeeded,2026-09-29T15:17:39.957Z,2026-09-29T15:17:42.995Z,"{""rows"": 20}",2026-09-29T15:17:42.951Z,http_post,https://api.divar.ir/v8/postlist/w/search,200,ok,37
1234,measure,succeeded,2026-09-29T15:17:43.004Z,2026-09-29T15:17:46.085Z,"{""rows"": 24}",2026-09-29T15:17:46.001Z,http_post,https://api.divar.ir/v8/postlist/w/search,200,ok,74
1235,measure,succeeded,2026-09-29T15:17:46.101Z,2026-09-29T15:17:49.240Z,"{""rows"": 24}",2026-09-29T15:17:49.091Z,http_post,https://api.divar.ir/v8/postlist/w/search,200,ok,136
1236,measure,succeeded,2026-09-29T15:17:49.266Z,2026-09-29T15:17:52.302Z,"{""rows"": 24}",2026-09-29T15:17:52.244Z,http_post,https://api.divar.ir/v8/postlist/w/search,200,ok,41
1237,measure,succeeded,2026-09-29T15:17:52.320Z,2026-09-29T15:17:55.393Z,"{""rows"": 24}",2026-09-29T15:17:55.304Z,http_post,https://api.divar.ir/v8/postlist/w/search,200,ok,69
1238,measure,succeeded,2026-09-29T15:17:55.410Z,2026-09-29T15:17:58.465Z,"{""rows"": 24}",2026-09-29T15:17:58.392Z,http_post,https://api.divar.ir/v8/postlist/w/search,200,ok,58
1239,measure,succeeded,2026-09-29T15:17:58.488Z,2026-09-29T15:18:01.533Z,"{""rows"": 18}",2026-09-29T15:18:01.470Z,http_post,https://api.divar.ir/v8/postlist/w/search,200,ok,48
1240,measure,succeeded,2026-09-29T15:18:01.554Z,2026-09-29T15:18:04.623Z,"{""rows"": 4}",2026-09-29T15:18:04.534Z,http_post,https://api.divar.ir/v8/postlist/w/search,200,ok,82
1241,measure,succeeded,2026-09-29T15:18:04.636Z,2026-09-29T15:18:07.666Z,"{""rows"": 2}",2026-09-29T15:18:07.628Z,http_post,https://api.divar.ir/v8/postlist/w/search,200,ok,33
1242,measure,succeeded,2026-09-29T15:18:07.676Z,2026-09-29T15:18:10.718Z,"{""rows"": 16}",2026-09-29T15:18:10.671Z,http_post,https://api.divar.ir/v8/postlist/w/search,200,ok,41
1243,measure,succeeded,2026-09-29T15:18:10.725Z,2026-09-29T15:18:13.783Z,"{""rows"": 2}",2026-09-29T15:18:13.726Z,http_post,https://api.divar.ir/v8/postlist/w/search,200,ok,47
1244,measure,succeeded,2026-09-29T15:18:13.794Z,2026-09-29T15:18:16.849Z,"{""rows"": 14}",2026-09-29T15:18:16.787Z,http_post,https://api.divar.ir/v8/postlist/w/search,200,ok,53
1245,measure,succeeded,2026-09-29T15:18:16.867Z,2026-09-29T15:18:19.915Z,"{""rows"": 24}",2026-09-29T15:18:19.855Z,http_post,https://api.divar.ir/v8/postlist/w/search,200,ok,49
1246,measure,succeeded,2026-09-29T15:18:19.933Z,2026-09-29T15:18:22.991Z,"{""rows"": 24}",2026-09-29T15:18:22.919Z,http_post,https://api.divar.ir/v8/postlist/w/search,200,ok,59
1247,measure,succeeded,2026-09-29T15:18:23.011Z,2026-09-29T15:18:26.061Z,"{""rows"": 9}",2026-09-29T15:18:25.994Z,http_post,https://api.divar.ir/v8/postlist/w/search,200,ok,58
1248,measure,succeeded,2026-09-29T15:18:26.074Z,2026-09-29T15:18:29.119Z,"{""rows"": 24}",2026-09-29T15:18:29.066Z,http_post,https://api.divar.ir/v8/postlist/w/search,200,ok,45
1249,measure,succeeded,2026-09-29T15:18:29.128Z,2026-09-29T15:18:32.169Z,"{""rows"": 24}",2026-09-29T15:18:32.124Z,http_post,https://api.divar.ir/v8/postlist/w/search,200,ok,39
1250,measure,succeeded,2026-09-29T15:18:32.180Z,2026-09-29T15:18:35.336Z,"{""rows"": 24}",2026-09-29T15:18:35.174Z,http_post,https://api.divar.ir/v8/postlist/w/search,200,ok,148
1251,measure,succeeded,2026-09-29T15:18:35.358Z,2026-09-29T15:18:38.381Z,"{""rows"": 24}",2026-09-29T15:18:38.336Z,http_post,https://api.divar.ir/v8/postlist/w/search,200,ok,37
1252,measure,succeeded,2026-09-29T15:18:38.391Z,2026-09-29T15:18:41.458Z,"{""rows"": 24}",2026-09-29T15:18:41.387Z,http_post,https://api.divar.ir/v8/postlist/w/search,200,ok,56
1253,measure,succeeded,2026-09-29T15:18:41.480Z,2026-09-29T15:18:44.574Z,"{""rows"": 10}",2026-09-29T15:18:44.460Z,http_post,https://api.divar.ir/v8/postlist/w/search,200,ok,104
1254,measure,succeeded,2026-09-29T15:18:44.585Z,2026-09-29T15:18:47.628Z,"{""rows"": 24}",2026-09-29T15:18:47.577Z,http_post,https://api.divar.ir/v8/postlist/w/search,200,ok,44
1255,measure,succeeded,2026-09-29T15:18:47.637Z,2026-09-29T15:18:50.671Z,"{""rows"": 3}",2026-09-29T15:18:50.633Z,http_post,https://api.divar.ir/v8/postlist/w/search,200,ok,31
1256,measure,succeeded,2026-09-29T15:18:50.680Z,2026-09-29T15:18:53.752Z,"{""rows"": 24}",2026-09-29T15:18:53.681Z,http_post,https://api.divar.ir/v8/postlist/w/search,200,ok,57
1257,measure,succeeded,2026-09-29T15:18:53.770Z,2026-09-29T15:18:56.809Z,"{""rows"": 18}",2026-09-29T15:18:56.759Z,http_post,https://api.divar.ir/v8/postlist/w/search,200,ok,41
1258,measure,succeeded,2026-09-29T15:18:56.818Z,2026-09-29T15:18:59.879Z,"{""rows"": 24}",2026-09-29T15:18:59.816Z,http_post,https://api.divar.ir/v8/postlist/w/search,200,ok,52
1259,measure,succeeded,2026-09-29T15:18:59.893Z,2026-09-29T15:19:02.954Z,"{""rows"": 24}",2026-09-29T15:19:02.882Z,http_post,https://api.divar.ir/v8/postlist/w/search,200,ok,61
1260,measure,succeeded,2026-09-29T15:19:02.968Z,2026-09-29T15:19:06.007Z,"{""rows"": 24}",2026-09-29T15:19:05.958Z,http_post,https://api.divar.ir/v8/postlist/w/search,200,ok,42
1261,measure,succeeded,2026-09-29T15:19:06.016Z,2026-09-29T15:19:09.076Z,"{""rows"": 24}",2026-09-29T15:19:09.012Z,http_post,https://api.divar.ir/v8/postlist/w/search,200,ok,50
1262,measure,succeeded,2026-09-29T15:19:09.109Z,2026-09-29T15:19:12.145Z,"{""rows"": 24}",2026-09-29T15:19:12.079Z,http_post,https://api.divar.ir/v8/postlist/w/search,200,ok,57
1263,measure,succeeded,2026-09-29T15:19:12.156Z,2026-09-29T15:19:15.229Z,"{""rows"": 24}",2026-09-29T15:19:15.149Z,http_post,https://api.divar.ir/v8/postlist/w/search,200,ok,52
1264,measure,succeeded,2026-09-29T15:19:15.286Z,2026-09-29T15:19:18.290Z,"{""rows"": 24}",2026-09-29T15:19:18.228Z,http_post,https://api.divar.ir/v8/postlist/w/search,200,ok,46
1265,measure,succeeded,2026-09-29T15:20:17.357Z,2026-09-29T15:20:17.562Z,"{""rows"": 24}",2026-09-29T15:20:17.362Z,http_post,https://api.divar.ir/v8/postlist/w/search,200,ok,184
1266,measure,succeeded,2026-09-29T15:20:18.357Z,2026-09-29T15:20:20.629Z,"{""rows"": 24}",2026-09-29T15:20:20.562Z,http_post,https://api.divar.ir/v8/postlist/w/search,200,ok,50
1267,measure,succeeded,2026-09-29T15:20:20.652Z,2026-09-29T15:20:23.696Z,"{""rows"": 24}",2026-09-29T15:20:23.630Z,http_post,https://api.divar.ir/v8/postlist/w/search,200,ok,48
1268,measure,succeeded,2026-09-29T15:20:23.719Z,2026-09-29T15:20:26.751Z,"{""rows"": 7}",2026-09-29T15:20:26.700Z,http_post,https://api.divar.ir/v8/postlist/w/search,200,ok,38
1269,measure,succeeded,2026-09-29T15:20:26.774Z,2026-09-29T15:20:29.838Z,"{""rows"": 24}",2026-09-29T15:20:29.757Z,http_post,https://api.divar.ir/v8/postlist/w/search,200,ok,62
1270,measure,succeeded,2026-09-29T15:20:29.864Z,2026-09-29T15:20:32.904Z,"{""rows"": 1}",2026-09-29T15:20:32.840Z,http_post,https://api.divar.ir/v8/postlist/w/search,200,ok,54
1271,measure,succeeded,2026-09-29T15:20:32.922Z,2026-09-29T15:20:35.953Z,"{""rows"": 24}",2026-09-29T15:20:35.910Z,http_post,https://api.divar.ir/v8/postlist/w/search,200,ok,36
1272,measure,succeeded,2026-09-29T15:20:35.962Z,2026-09-29T15:20:39.021Z,"{""rows"": 9}",2026-09-29T15:20:38.957Z,http_post,https://api.divar.ir/v8/postlist/w/search,200,ok,56
1273,measure,succeeded,2026-09-29T15:20:39.032Z,2026-09-29T15:20:42.066Z,"{""rows"": 16}",2026-09-29T15:20:42.025Z,http_post,https://api.divar.ir/v8/postlist/w/search,200,ok,35
1274,measure,succeeded,2026-09-29T15:20:42.074Z,2026-09-29T15:20:45.144Z,"{""rows"": 24}",2026-09-29T15:20:45.072Z,http_post,https://api.divar.ir/v8/postlist/w/search,200,ok,58
1275,measure,succeeded,2026-09-29T15:20:45.165Z,2026-09-29T15:20:48.198Z,"{""rows"": 24}",2026-09-29T15:20:48.145Z,http_post,https://api.divar.ir/v8/postlist/w/search,200,ok,46
1276,measure,succeeded,2026-09-29T15:20:48.209Z,2026-09-29T15:20:51.275Z,"{""rows"": 24}",2026-09-29T15:20:51.204Z,http_post,https://api.divar.ir/v8/postlist/w/search,200,ok,56
1277,measure,succeeded,2026-09-29T15:20:51.308Z,2026-09-29T15:20:54.362Z,"{""rows"": 24}",2026-09-29T15:20:54.280Z,http_post,https://api.divar.ir/v8/postlist/w/search,200,ok,59
1278,measure,succeeded,2026-09-29T15:20:54.391Z,2026-09-29T15:20:57.411Z,"{""rows"": 24}",2026-09-29T15:20:57.358Z,http_post,https://api.divar.ir/v8/postlist/w/search,200,ok,43
1279,measure,succeeded,2026-09-29T15:20:57.430Z,2026-09-29T15:21:00.470Z,"{""rows"": 16}",2026-09-29T15:21:00.414Z,http_post,https://api.divar.ir/v8/postlist/w/search,200,ok,48
1280,measure,succeeded,2026-09-29T15:21:00.480Z,2026-09-29T15:21:03.518Z,"{""rows"": 4}",2026-09-29T15:21:03.474Z,http_post,https://api.divar.ir/v8/postlist/w/search,200,ok,37
1281,measure,succeeded,2026-09-29T15:21:03.526Z,2026-09-29T15:21:06.565Z,"{""rows"": 24}",2026-09-29T15:21:06.523Z,http_post,https://api.divar.ir/v8/postlist/w/search,200,ok,37
1282,measure,succeeded,2026-09-29T15:21:06.575Z,2026-09-29T15:21:09.628Z,"{""rows"": 24}",2026-09-29T15:21:09.571Z,http_post,https://api.divar.ir/v8/postlist/w/search,200,ok,50
1283,measure,succeeded,2026-09-29T15:21:09.639Z,2026-09-29T15:21:12.709Z,"{""rows"": 13}",2026-09-29T15:21:12.635Z,http_post,https://api.divar.ir/v8/postlist/w/search,200,ok,66
1284,measure,succeeded,2026-09-29T15:21:12.720Z,2026-09-29T15:21:15.769Z,"{""rows"": 24}",2026-09-29T15:21:15.716Z,http_post,https://api.divar.ir/v8/postlist/w/search,200,ok,42
1285,measure,succeeded,2026-09-29T15:21:15.783Z,2026-09-29T15:21:18.848Z,"{""rows"": 24}",2026-09-29T15:21:18.776Z,http_post,https://api.divar.ir/v8/postlist/w/search,200,ok,55
1286,measure,succeeded,2026-09-29T15:22:16.917Z,2026-09-29T15:22:17.095Z,"{""rows"": 14}",2026-09-29T15:22:16.921Z,http_post,https://api.divar.ir/v8/postlist/w/search,200,ok,163
1287,measure,succeeded,2026-09-29T15:22:17.915Z,2026-09-29T15:22:20.163Z,"{""rows"": 6}",2026-09-29T15:22:20.101Z,http_post,https://api.divar.ir/v8/postlist/w/search,200,ok,48
1288,measure,succeeded,2026-09-29T15:22:20.193Z,2026-09-29T15:22:23.222Z,"{""rows"": 24}",2026-09-29T15:22:23.168Z,http_post,https://api.divar.ir/v8/postlist/w/search,200,ok,45
1289,measure,succeeded,2026-09-29T15:22:23.238Z,2026-09-29T15:22:26.303Z,"{""rows"": 24}",2026-09-29T15:22:26.229Z,http_post,https://api.divar.ir/v8/postlist/w/search,200,ok,63
1290,measure,succeeded,2026-09-29T15:22:26.318Z,2026-09-29T15:22:29.380Z,"{""rows"": 24}",2026-09-29T15:22:29.307Z,http_post,https://api.divar.ir/v8/postlist/w/search,200,ok,56
1291,measure,succeeded,2026-09-29T15:22:29.406Z,2026-09-29T15:22:32.445Z,"{""rows"": 24}",2026-09-29T15:22:32.381Z,http_post,https://api.divar.ir/v8/postlist/w/search,200,ok,48
1292,measure,succeeded,2026-09-29T15:22:32.468Z,2026-09-29T15:22:35.505Z,"{""rows"": 24}",2026-09-29T15:22:35.449Z,http_post,https://api.divar.ir/v8/postlist/w/search,200,ok,46
1293,measure,succeeded,2026-09-29T15:22:35.521Z,2026-09-29T15:22:38.581Z,"{""rows"": 24}",2026-09-29T15:22:38.511Z,http_post,https://api.divar.ir/v8/postlist/w/search,200,ok,55
1294,measure,succeeded,2026-09-29T15:22:38.602Z,2026-09-29T15:22:41.651Z,"{""rows"": 24}",2026-09-29T15:22:41.589Z,http_post,https://api.divar.ir/v8/postlist/w/search,200,ok,49
1295,measure,succeeded,2026-09-29T15:22:41.675Z,2026-09-29T15:22:44.848Z,"{""rows"": 24}",2026-09-29T15:22:44.655Z,http_post,https://api.divar.ir/v8/postlist/w/search,200,ok,181
1296,measure,succeeded,2026-09-29T15:22:44.868Z,2026-09-29T15:22:47.919Z,"{""rows"": 24}",2026-09-29T15:22:47.852Z,http_post,https://api.divar.ir/v8/postlist/w/search,200,ok,49
1297,measure,succeeded,2026-09-29T15:22:47.940Z,2026-09-29T15:22:50.979Z,"{""rows"": 24}",2026-09-29T15:22:50.922Z,http_post,https://api.divar.ir/v8/postlist/w/search,200,ok,50
1298,measure,succeeded,2026-09-29T15:22:50.987Z,2026-09-29T15:22:54.046Z,"{""rows"": 24}",2026-09-29T15:22:53.985Z,http_post,https://api.divar.ir/v8/postlist/w/search,200,ok,54
1299,measure,succeeded,2026-09-29T15:22:54.054Z,2026-09-29T15:22:57.115Z,"{""rows"": 24}",2026-09-29T15:22:57.050Z,http_post,https://api.divar.ir/v8/postlist/w/search,200,ok,56
1300,measure,succeeded,2026-09-29T15:22:57.129Z,2026-09-29T15:23:00.184Z,"{""rows"": 24}",2026-09-29T15:23:00.121Z,http_post,https://api.divar.ir/v8/postlist/w/search,200,ok,48
1301,measure,succeeded,2026-09-29T15:23:00.204Z,2026-09-29T15:23:03.247Z,"{""rows"": 7}",2026-09-29T15:23:03.188Z,http_post,https://api.divar.ir/v8/postlist/w/search,200,ok,41
1302,measure,succeeded,2026-09-29T15:23:03.285Z,2026-09-29T15:23:06.319Z,"{""rows"": 24}",2026-09-29T15:23:06.250Z,http_post,https://api.divar.ir/v8/postlist/w/search,200,ok,54
1303,measure,succeeded,2026-09-29T15:23:06.340Z,2026-09-29T15:23:09.378Z,"{""rows"": 24}",2026-09-29T15:23:09.324Z,http_post,https://api.divar.ir/v8/postlist/w/search,200,ok,46
1304,measure,succeeded,2026-09-29T15:23:09.397Z,2026-09-29T15:23:12.434Z,"{""rows"": 0}",2026-09-29T15:23:12.384Z,http_post,https://api.divar.ir/v8/postlist/w/search,200,ok,40
1305,measure,succeeded,2026-09-29T15:23:12.444Z,2026-09-29T15:23:15.488Z,"{""rows"": 24}",2026-09-29T15:23:15.438Z,http_post,https://api.divar.ir/v8/postlist/w/search,200,ok,41
1306,measure,succeeded,2026-09-29T15:23:15.500Z,2026-09-29T15:23:18.545Z,"{""rows"": 12}",2026-09-29T15:23:18.492Z,http_post,https://api.divar.ir/v8/postlist/w/search,200,ok,42
1307,measure,succeeded,2026-09-29T15:24:17.590Z,2026-09-29T15:24:17.828Z,"{""rows"": 24}",2026-09-29T15:24:17.601Z,http_post,https://api.divar.ir/v8/postlist/w/search,200,ok,211
1308,measure,succeeded,2026-09-29T15:24:18.586Z,2026-09-29T15:24:20.899Z,"{""rows"": 24}",2026-09-29T15:24:20.830Z,http_post,https://api.divar.ir/v8/postlist/w/search,200,ok,54
1309,measure,succeeded,2026-09-29T15:24:20.916Z,2026-09-29T15:24:23.954Z,"{""rows"": 24}",2026-09-29T15:24:23.901Z,http_post,https://api.divar.ir/v8/postlist/w/search,200,ok,47
1310,measure,succeeded,2026-09-29T15:24:23.960Z,2026-09-29T15:24:27.065Z,"{""rows"": 24}",2026-09-29T15:24:26.959Z,http_post,https://api.divar.ir/v8/postlist/w/search,200,ok,97
1311,measure,succeeded,2026-09-29T15:24:27.076Z,2026-09-29T15:24:30.150Z,"{""rows"": 24}",2026-09-29T15:24:30.069Z,http_post,https://api.divar.ir/v8/postlist/w/search,200,ok,68
1312,measure,succeeded,2026-09-29T15:24:30.174Z,2026-09-29T15:24:33.220Z,"{""rows"": 24}",2026-09-29T15:24:33.153Z,http_post,https://api.divar.ir/v8/postlist/w/search,200,ok,59
1313,measure,succeeded,2026-09-29T15:24:33.230Z,2026-09-29T15:24:36.279Z,"{""rows"": 24}",2026-09-29T15:24:36.227Z,http_post,https://api.divar.ir/v8/postlist/w/search,200,ok,43
1314,measure,succeeded,2026-09-29T15:24:36.291Z,2026-09-29T15:24:39.330Z,"{""rows"": 24}",2026-09-29T15:24:39.282Z,http_post,https://api.divar.ir/v8/postlist/w/search,200,ok,40
1315,measure,succeeded,2026-09-29T15:24:39.342Z,2026-09-29T15:24:42.400Z,"{""rows"": 24}",2026-09-29T15:24:42.334Z,http_post,https://api.divar.ir/v8/postlist/w/search,200,ok,58
1316,measure,succeeded,2026-09-29T15:24:42.409Z,2026-09-29T15:24:45.459Z,"{""rows"": 6}",2026-09-29T15:24:45.406Z,http_post,https://api.divar.ir/v8/postlist/w/search,200,ok,40
1317,measure,succeeded,2026-09-29T15:24:45.479Z,2026-09-29T15:24:48.510Z,"{""rows"": 24}",2026-09-29T15:24:48.461Z,http_post,https://api.divar.ir/v8/postlist/w/search,200,ok,40
1318,measure,succeeded,2026-09-29T15:24:48.523Z,2026-09-29T15:24:51.573Z,"{""rows"": 24}",2026-09-29T15:24:51.514Z,http_post,https://api.divar.ir/v8/postlist/w/search,200,ok,50
1319,measure,succeeded,2026-09-29T15:24:51.584Z,2026-09-29T15:24:54.643Z,"{""rows"": 24}",2026-09-29T15:24:54.578Z,http_post,https://api.divar.ir/v8/postlist/w/search,200,ok,53
1320,measure,succeeded,2026-09-29T15:24:54.662Z,2026-09-29T15:24:57.726Z,"{""rows"": 24}",2026-09-29T15:24:57.648Z,http_post,https://api.divar.ir/v8/postlist/w/search,200,ok,72
1321,measure,succeeded,2026-09-29T15:24:57.736Z,2026-09-29T15:25:00.796Z,"{""rows"": 0}",2026-09-29T15:25:00.731Z,http_post,https://api.divar.ir/v8/postlist/w/search,200,ok,57
1322,measure,succeeded,2026-09-29T15:25:00.809Z,2026-09-29T15:25:03.870Z,"{""rows"": 24}",2026-09-29T15:25:03.800Z,http_post,https://api.divar.ir/v8/postlist/w/search,200,ok,55
1323,measure,succeeded,2026-09-29T15:25:03.891Z,2026-09-29T15:25:06.963Z,"{""rows"": 21}",2026-09-29T15:25:06.874Z,http_post,https://api.divar.ir/v8/postlist/w/search,200,ok,70
1324,measure,succeeded,2026-09-29T15:25:06.982Z,2026-09-29T15:25:10.042Z,"{""rows"": 24}",2026-09-29T15:25:09.961Z,http_post,https://api.divar.ir/v8/postlist/w/search,200,ok,72
1325,measure,succeeded,2026-09-29T15:25:10.050Z,2026-09-29T15:25:13.094Z,"{""rows"": 24}",2026-09-29T15:25:13.046Z,http_post,https://api.divar.ir/v8/postlist/w/search,200,ok,40
1326,measure,succeeded,2026-09-29T15:25:13.106Z,2026-09-29T15:25:16.152Z,"{""rows"": 14}",2026-09-29T15:25:16.101Z,http_post,https://api.divar.ir/v8/postlist/w/search,200,ok,41
1327,measure,succeeded,2026-09-29T15:25:16.175Z,2026-09-29T15:25:19.235Z,"{""rows"": 24}",2026-09-29T15:25:19.154Z,http_post,https://api.divar.ir/v8/postlist/w/search,200,ok,75
1328,measure,succeeded,2026-09-29T15:26:17.277Z,2026-09-29T15:26:17.615Z,"{""rows"": 11}",2026-09-29T15:26:17.286Z,http_post,https://api.divar.ir/v8/postlist/w/search,200,ok,319
1329,measure,succeeded,2026-09-29T15:26:18.279Z,2026-09-29T15:26:20.676Z,"{""rows"": 9}",2026-09-29T15:26:20.619Z,http_post,https://api.divar.ir/v8/postlist/w/search,200,ok,41
1330,measure,succeeded,2026-09-29T15:26:20.691Z,2026-09-29T15:26:23.737Z,"{""rows"": 24}",2026-09-29T15:26:23.677Z,http_post,https://api.divar.ir/v8/postlist/w/search,200,ok,50
1331,measure,succeeded,2026-09-29T15:26:23.750Z,2026-09-29T15:26:26.805Z,"{""rows"": 24}",2026-09-29T15:26:26.740Z,http_post,https://api.divar.ir/v8/postlist/w/search,200,ok,58
1332,measure,succeeded,2026-09-29T15:26:26.813Z,2026-09-29T15:26:29.892Z,"{""rows"": 24}",2026-09-29T15:26:29.811Z,http_post,https://api.divar.ir/v8/postlist/w/search,200,ok,62
1333,measure,succeeded,2026-09-29T15:26:29.912Z,2026-09-29T15:26:32.968Z,"{""rows"": 24}",2026-09-29T15:26:32.889Z,http_post,https://api.divar.ir/v8/postlist/w/search,200,ok,72
1334,measure,succeeded,2026-09-29T15:26:32.978Z,2026-09-29T15:26:36.039Z,"{""rows"": 24}",2026-09-29T15:26:35.974Z,http_post,https://api.divar.ir/v8/postlist/w/search,200,ok,56
1335,measure,succeeded,2026-09-29T15:26:36.057Z,2026-09-29T15:26:39.101Z,"{""rows"": 24}",2026-09-29T15:26:39.046Z,http_post,https://api.divar.ir/v8/postlist/w/search,200,ok,45
1336,measure,succeeded,2026-09-29T15:26:39.111Z,2026-09-29T15:26:42.153Z,"{""rows"": 17}",2026-09-29T15:26:42.105Z,http_post,https://api.divar.ir/v8/postlist/w/search,200,ok,40
1337,measure,succeeded,2026-09-29T15:26:42.162Z,2026-09-29T15:26:45.201Z,"{""rows"": 24}",2026-09-29T15:26:45.157Z,http_post,https://api.divar.ir/v8/postlist/w/search,200,ok,33
1338,measure,succeeded,2026-09-29T15:26:45.238Z,2026-09-29T15:26:48.286Z,"{""rows"": 24}",2026-09-29T15:26:48.204Z,http_post,https://api.divar.ir/v8/postlist/w/search,200,ok,67
1339,measure,succeeded,2026-09-29T15:26:48.308Z,2026-09-29T15:26:51.336Z,"{""rows"": 24}",2026-09-29T15:26:51.288Z,http_post,https://api.divar.ir/v8/postlist/w/search,200,ok,41
1340,measure,succeeded,2026-09-29T15:26:51.344Z,2026-09-29T15:26:54.388Z,"{""rows"": 10}",2026-09-29T15:26:54.343Z,http_post,https://api.divar.ir/v8/postlist/w/search,200,ok,39
1341,measure,succeeded,2026-09-29T15:26:54.397Z,2026-09-29T15:26:57.448Z,"{""rows"": 16}",2026-09-29T15:26:57.393Z,http_post,https://api.divar.ir/v8/postlist/w/search,200,ok,49
1342,measure,succeeded,2026-09-29T15:26:57.461Z,2026-09-29T15:27:00.516Z,"{""rows"": 24}",2026-09-29T15:27:00.456Z,http_post,https://api.divar.ir/v8/postlist/w/search,200,ok,48
1343,measure,succeeded,2026-09-29T15:27:00.537Z,2026-09-29T15:27:03.574Z,"{""rows"": 24}",2026-09-29T15:27:03.519Z,http_post,https://api.divar.ir/v8/postlist/w/search,200,ok,48
1344,measure,succeeded,2026-09-29T15:27:03.583Z,2026-09-29T15:27:06.638Z,"{""rows"": 24}",2026-09-29T15:27:06.578Z,http_post,https://api.divar.ir/v8/postlist/w/search,200,ok,51
1345,measure,succeeded,2026-09-29T15:27:06.650Z,2026-09-29T15:27:09.697Z,"{""rows"": 24}",2026-09-29T15:27:09.641Z,http_post,https://api.divar.ir/v8/postlist/w/search,200,ok,49
1346,measure,succeeded,2026-09-29T15:27:09.706Z,2026-09-29T15:27:12.768Z,"{""rows"": 5}",2026-09-29T15:27:12.706Z,http_post,https://api.divar.ir/v8/postlist/w/search,200,ok,57
1347,measure,succeeded,2026-09-29T15:27:12.779Z,2026-09-29T15:27:15.826Z,"{""rows"": 24}",2026-09-29T15:27:15.774Z,http_post,https://api.divar.ir/v8/postlist/w/search,200,ok,43
1348,measure,succeeded,2026-09-29T15:27:15.838Z,2026-09-29T15:27:18.886Z,"{""rows"": 24}",2026-09-29T15:27:18.832Z,http_post,https://api.divar.ir/v8/postlist/w/search,200,ok,42
1349,measure,succeeded,2026-09-29T15:28:16.934Z,2026-09-29T15:28:17.135Z,"{""rows"": 24}",2026-09-29T15:28:16.945Z,http_post,https://api.divar.ir/v8/postlist/w/search,200,ok,178
1350,measure,succeeded,2026-09-29T15:28:17.935Z,2026-09-29T15:28:20.229Z,"{""rows"": 24}",2026-09-29T15:28:20.139Z,http_post,https://api.divar.ir/v8/postlist/w/search,200,ok,74
1351,measure,succeeded,2026-09-29T15:28:20.255Z,2026-09-29T15:28:23.334Z,"{""rows"": 21}",2026-09-29T15:28:23.231Z,http_post,https://api.divar.ir/v8/postlist/w/search,200,ok,93
1352,measure,succeeded,2026-09-29T15:28:23.352Z,2026-09-29T15:28:26.619Z,"{""rows"": 24}",2026-09-29T15:28:26.339Z,http_post,https://api.divar.ir/v8/postlist/w/search,200,ok,262
1353,measure,succeeded,2026-09-29T15:28:26.644Z,2026-09-29T15:28:29.677Z,"{""rows"": 22}",2026-09-29T15:28:29.619Z,http_post,https://api.divar.ir/v8/postlist/w/search,200,ok,51
1354,measure,succeeded,2026-09-29T15:28:29.689Z,2026-09-29T15:28:32.731Z,"{""rows"": 5}",2026-09-29T15:28:32.683Z,http_post,https://api.divar.ir/v8/postlist/w/search,200,ok,34
1355,measure,succeeded,2026-09-29T15:28:32.756Z,2026-09-29T15:28:35.804Z,"{""rows"": 24}",2026-09-29T15:28:35.738Z,http_post,https://api.divar.ir/v8/postlist/w/search,200,ok,52
1356,measure,succeeded,2026-09-29T15:28:35.818Z,2026-09-29T15:28:38.904Z,"{""rows"": 24}",2026-09-29T15:28:38.808Z,http_post,https://api.divar.ir/v8/postlist/w/search,200,ok,78
1357,measure,succeeded,2026-09-29T15:28:38.921Z,2026-09-29T15:28:41.956Z,"{""rows"": 13}",2026-09-29T15:28:41.906Z,http_post,https://api.divar.ir/v8/postlist/w/search,200,ok,41
1358,measure,succeeded,2026-09-29T15:28:41.966Z,2026-09-29T15:28:45.040Z,"{""rows"": 1}",2026-09-29T15:28:44.963Z,http_post,https://api.divar.ir/v8/postlist/w/search,200,ok,66
1359,measure,succeeded,2026-09-29T15:28:45.060Z,2026-09-29T15:28:48.108Z,"{""rows"": 24}",2026-09-29T15:28:48.045Z,http_post,https://api.divar.ir/v8/postlist/w/search,200,ok,50
1360,measure,succeeded,2026-09-29T15:28:48.125Z,2026-09-29T15:28:51.172Z,"{""rows"": 0}",2026-09-29T15:28:51.111Z,http_post,https://api.divar.ir/v8/postlist/w/search,200,ok,54
1361,measure,succeeded,2026-09-29T15:28:51.181Z,2026-09-29T15:28:54.234Z,"{""rows"": 24}",2026-09-29T15:28:54.178Z,http_post,https://api.divar.ir/v8/postlist/w/search,200,ok,50
1362,measure,succeeded,2026-09-29T15:28:54.242Z,2026-09-29T15:28:57.305Z,"{""rows"": 24}",2026-09-29T15:28:57.241Z,http_post,https://api.divar.ir/v8/postlist/w/search,200,ok,48
1363,measure,succeeded,2026-09-29T15:28:57.326Z,2026-09-29T15:29:00.360Z,"{""rows"": 24}",2026-09-29T15:29:00.306Z,http_post,https://api.divar.ir/v8/postlist/w/search,200,ok,47
1364,measure,succeeded,2026-09-29T15:29:00.370Z,2026-09-29T15:29:03.439Z,"{""rows"": 24}",2026-09-29T15:29:03.370Z,http_post,https://api.divar.ir/v8/postlist/w/search,200,ok,58
1365,measure,succeeded,2026-09-29T15:29:03.454Z,2026-09-29T15:29:06.492Z,"{""rows"": 24}",2026-09-29T15:29:06.440Z,http_post,https://api.divar.ir/v8/postlist/w/search,200,ok,44
1366,measure,succeeded,2026-09-29T15:29:06.506Z,2026-09-29T15:29:09.554Z,"{""rows"": 24}",2026-09-29T15:29:09.497Z,http_post,https://api.divar.ir/v8/postlist/w/search,200,ok,46
1367,measure,succeeded,2026-09-29T15:29:09.564Z,2026-09-29T15:29:12.604Z,"{""rows"": 24}",2026-09-29T15:29:12.557Z,http_post,https://api.divar.ir/v8/postlist/w/search,200,ok,41
1368,measure,succeeded,2026-09-29T15:29:12.613Z,2026-09-29T15:29:15.684Z,"{""rows"": 24}",2026-09-29T15:29:15.608Z,http_post,https://api.divar.ir/v8/postlist/w/search,200,ok,70
1369,measure,succeeded,2026-09-29T15:29:15.692Z,2026-09-29T15:29:18.777Z,"{""rows"": 24}",2026-09-29T15:29:18.689Z,http_post,https://api.divar.ir/v8/postlist/w/search,200,ok,75
1370,measure,succeeded,2026-09-29T15:30:16.825Z,2026-09-29T15:30:17.025Z,"{""rows"": 0}",2026-09-29T15:30:16.835Z,http_post,https://api.divar.ir/v8/postlist/w/search,200,ok,182
1371,measure,succeeded,2026-09-29T15:30:17.827Z,2026-09-29T15:30:20.095Z,"{""rows"": 0}",2026-09-29T15:30:20.032Z,http_post,https://api.divar.ir/v8/postlist/w/search,200,ok,49
1372,measure,succeeded,2026-09-29T15:30:20.115Z,2026-09-29T15:30:23.161Z,"{""rows"": 2}",2026-09-29T15:30:23.098Z,http_post,https://api.divar.ir/v8/postlist/w/search,200,ok,51
1373,measure,succeeded,2026-09-29T15:30:23.183Z,2026-09-29T15:30:26.227Z,"{""rows"": 24}",2026-09-29T15:30:26.167Z,http_post,https://api.divar.ir/v8/postlist/w/search,200,ok,44
1374,measure,succeeded,2026-09-29T15:30:26.252Z,2026-09-29T15:30:29.298Z,"{""rows"": 11}",2026-09-29T15:30:29.231Z,http_post,https://api.divar.ir/v8/postlist/w/search,200,ok,55
1375,measure,succeeded,2026-09-29T15:30:30.323Z,2026-09-29T15:30:32.356Z,"{""rows"": 16}",2026-09-29T15:30:32.301Z,http_post,https://api.divar.ir/v8/postlist/w/search,200,ok,41
1376,measure,succeeded,2026-09-29T15:30:32.376Z,2026-09-29T15:30:35.434Z,"{""rows"": 24}",2026-09-29T15:30:35.361Z,http_post,https://api.divar.ir/v8/postlist/w/search,200,ok,56
1377,measure,succeeded,2026-09-29T15:30:35.462Z,2026-09-29T15:30:38.497Z,"{""rows"": 6}",2026-09-29T15:30:38.435Z,http_post,https://api.divar.ir/v8/postlist/w/search,200,ok,49
1378,measure,succeeded,2026-09-29T15:30:38.518Z,2026-09-29T15:30:41.554Z,"{""rows"": 7}",2026-09-29T15:30:41.502Z,http_post,https://api.divar.ir/v8/postlist/w/search,200,ok,39
1379,measure,succeeded,2026-09-29T15:30:41.578Z,2026-09-29T15:30:44.615Z,"{""rows"": 24}",2026-09-29T15:30:44.559Z,http_post,https://api.divar.ir/v8/postlist/w/search,200,ok,48
1380,measure,succeeded,2026-09-29T15:30:44.624Z,2026-09-29T15:30:47.704Z,"{""rows"": 24}",2026-09-29T15:30:47.623Z,http_post,https://api.divar.ir/v8/postlist/w/search,200,ok,63
1381,measure,succeeded,2026-09-29T15:30:47.731Z,2026-09-29T15:30:50.781Z,"{""rows"": 24}",2026-09-29T15:30:50.704Z,http_post,https://api.divar.ir/v8/postlist/w/search,200,ok,58
1382,measure,succeeded,2026-09-29T15:30:50.798Z,2026-09-29T15:30:53.844Z,"{""rows"": 24}",2026-09-29T15:30:53.783Z,http_post,https://api.divar.ir/v8/postlist/w/search,200,ok,45
1383,measure,succeeded,2026-09-29T15:30:53.868Z,2026-09-29T15:30:56.910Z,"{""rows"": 10}",2026-09-29T15:30:56.846Z,http_post,https://api.divar.ir/v8/postlist/w/search,200,ok,58
1384,measure,succeeded,2026-09-29T15:30:56.917Z,2026-09-29T15:30:59.967Z,"{""rows"": 24}",2026-09-29T15:30:59.916Z,http_post,https://api.divar.ir/v8/postlist/w/search,200,ok,45
1385,measure,succeeded,2026-09-29T15:30:59.976Z,2026-09-29T15:31:03.033Z,"{""rows"": 24}",2026-09-29T15:31:02.972Z,http_post,https://api.divar.ir/v8/postlist/w/search,200,ok,53
1386,measure,succeeded,2026-09-29T15:31:03.045Z,2026-09-29T15:31:06.252Z,"{""rows"": 24}",2026-09-29T15:31:06.038Z,http_post,https://api.divar.ir/v8/postlist/w/search,200,ok,207
1387,measure,succeeded,2026-09-29T15:31:06.262Z,2026-09-29T15:31:09.309Z,"{""rows"": 24}",2026-09-29T15:31:09.258Z,http_post,https://api.divar.ir/v8/postlist/w/search,200,ok,47
1388,measure,succeeded,2026-09-29T15:31:09.322Z,2026-09-29T15:31:12.372Z,"{""rows"": 24}",2026-09-29T15:31:12.315Z,http_post,https://api.divar.ir/v8/postlist/w/search,200,ok,52
1389,measure,succeeded,2026-09-29T15:31:12.380Z,2026-09-29T15:31:15.464Z,"{""rows"": 24}",2026-09-29T15:31:15.380Z,http_post,https://api.divar.ir/v8/postlist/w/search,200,ok,66
1390,measure,succeeded,2026-09-29T15:31:15.479Z,2026-09-29T15:31:18.518Z,"{""rows"": 24}",2026-09-29T15:31:18.464Z,http_post,https://api.divar.ir/v8/postlist/w/search,200,ok,43
1391,measure,succeeded,2026-09-29T15:32:17.576Z,2026-09-29T15:32:17.764Z,"{""rows"": 24}",2026-09-29T15:32:17.581Z,http_post,https://api.divar.ir/v8/postlist/w/search,200,ok,176
1392,measure,succeeded,2026-09-29T15:32:18.580Z,2026-09-29T15:32:20.819Z,"{""rows"": 24}",2026-09-29T15:32:20.768Z,http_post,https://api.divar.ir/v8/postlist/w/search,200,ok,44
1393,measure,succeeded,2026-09-29T15:32:20.827Z,2026-09-29T15:32:23.890Z,"{""rows"": 11}",2026-09-29T15:32:23.827Z,http_post,https://api.divar.ir/v8/postlist/w/search,200,ok,48
1394,measure,succeeded,2026-09-29T15:32:23.909Z,2026-09-29T15:32:26.957Z,"{""rows"": 20}",2026-09-29T15:32:26.892Z,http_post,https://api.divar.ir/v8/postlist/w/search,200,ok,49
1395,measure,succeeded,2026-09-29T15:32:26.979Z,2026-09-29T15:32:30.036Z,"{""rows"": 24}",2026-09-29T15:32:29.961Z,http_post,https://api.divar.ir/v8/postlist/w/search,200,ok,59
1396,measure,succeeded,2026-09-29T15:32:30.069Z,2026-09-29T15:32:33.099Z,"{""rows"": 24}",2026-09-29T15:32:33.039Z,http_post,https://api.divar.ir/v8/postlist/w/search,200,ok,53
1397,measure,succeeded,2026-09-29T15:32:33.111Z,2026-09-29T15:32:36.235Z,"{""rows"": 24}",2026-09-29T15:32:36.104Z,http_post,https://api.divar.ir/v8/postlist/w/search,200,ok,117
1398,measure,succeeded,2026-09-29T15:32:36.254Z,2026-09-29T15:32:39.295Z,"{""rows"": 24}",2026-09-29T15:32:39.237Z,http_post,https://api.divar.ir/v8/postlist/w/search,200,ok,43
1399,measure,succeeded,2026-09-29T15:32:39.317Z,2026-09-29T15:32:42.371Z,"{""rows"": 24}",2026-09-29T15:32:42.297Z,http_post,https://api.divar.ir/v8/postlist/w/search,200,ok,63
1400,measure,succeeded,2026-09-29T15:32:42.386Z,2026-09-29T15:32:45.449Z,"{""rows"": 24}",2026-09-29T15:32:45.376Z,http_post,https://api.divar.ir/v8/postlist/w/search,200,ok,58
1401,measure,succeeded,2026-09-29T15:32:45.471Z,2026-09-29T15:32:48.511Z,"{""rows"": 24}",2026-09-29T15:32:48.452Z,http_post,https://api.divar.ir/v8/postlist/w/search,200,ok,46
1402,measure,succeeded,2026-09-29T15:32:48.527Z,2026-09-29T15:32:51.566Z,"{""rows"": 24}",2026-09-29T15:32:51.515Z,http_post,https://api.divar.ir/v8/postlist/w/search,200,ok,43
1403,measure,succeeded,2026-09-29T15:32:51.579Z,2026-09-29T15:32:54.631Z,"{""rows"": 24}",2026-09-29T15:32:54.573Z,http_post,https://api.divar.ir/v8/postlist/w/search,200,ok,47
1404,measure,succeeded,2026-09-29T15:32:54.645Z,2026-09-29T15:32:57.711Z,"{""rows"": 24}",2026-09-29T15:32:57.637Z,http_post,https://api.divar.ir/v8/postlist/w/search,200,ok,65
1405,measure,succeeded,2026-09-29T15:32:57.724Z,2026-09-29T15:33:00.788Z,"{""rows"": 24}",2026-09-29T15:33:00.717Z,http_post,https://api.divar.ir/v8/postlist/w/search,200,ok,54
1406,measure,succeeded,2026-09-29T15:33:00.805Z,2026-09-29T15:33:03.853Z,"{""rows"": 8}",2026-09-29T15:33:03.790Z,http_post,https://api.divar.ir/v8/postlist/w/search,200,ok,50
1407,measure,succeeded,2026-09-29T15:33:03.875Z,2026-09-29T15:33:06.948Z,"{""rows"": 24}",2026-09-29T15:33:06.854Z,http_post,https://api.divar.ir/v8/postlist/w/search,200,ok,84
1408,measure,succeeded,2026-09-29T15:33:06.961Z,2026-09-29T15:33:10.026Z,"{""rows"": 24}",2026-09-29T15:33:09.957Z,http_post,https://api.divar.ir/v8/postlist/w/search,200,ok,49
1409,measure,succeeded,2026-09-29T15:33:10.052Z,2026-09-29T15:33:13.105Z,"{""rows"": 15}",2026-09-29T15:33:13.027Z,http_post,https://api.divar.ir/v8/postlist/w/search,200,ok,70
1410,measure,succeeded,2026-09-29T15:33:13.114Z,2026-09-29T15:33:16.179Z,"{""rows"": 24}",2026-09-29T15:33:16.112Z,http_post,https://api.divar.ir/v8/postlist/w/search,200,ok,50
1411,measure,succeeded,2026-09-29T15:33:16.199Z,2026-09-29T15:33:19.236Z,"{""rows"": 24}",2026-09-29T15:33:19.180Z,http_post,https://api.divar.ir/v8/postlist/w/search,200,ok,47
1412,measure,succeeded,2026-09-29T15:34:17.284Z,2026-09-29T15:34:17.406Z,"{""rows"": 1}",2026-09-29T15:34:17.294Z,http_post,https://api.divar.ir/v8/postlist/w/search,200,ok,101
1413,measure,succeeded,2026-09-29T15:34:18.286Z,2026-09-29T15:34:20.470Z,"{""rows"": 24}",2026-09-29T15:34:20.409Z,http_post,https://api.divar.ir/v8/postlist/w/search,200,ok,48
1414,measure,succeeded,2026-09-29T15:34:20.500Z,2026-09-29T15:34:23.530Z,"{""rows"": 24}",2026-09-29T15:34:23.473Z,http_post,https://api.divar.ir/v8/postlist/w/search,200,ok,50
1415,measure,succeeded,2026-09-29T15:34:23.539Z,2026-09-29T15:34:26.598Z,"{""rows"": 24}",2026-09-29T15:34:26.536Z,http_post,https://api.divar.ir/v8/postlist/w/search,200,ok,53
1416,measure,succeeded,2026-09-29T15:34:26.608Z,2026-09-29T15:34:29.717Z,"{""rows"": 24}",2026-09-29T15:34:29.603Z,http_post,https://api.divar.ir/v8/postlist/w/search,200,ok,101
1417,measure,succeeded,2026-09-29T15:34:29.738Z,2026-09-29T15:34:32.818Z,"{""rows"": 24}",2026-09-29T15:34:32.720Z,http_post,https://api.divar.ir/v8/postlist/w/search,200,ok,81
1418,measure,succeeded,2026-09-29T15:34:32.838Z,2026-09-29T15:34:35.867Z,"{""rows"": 2}",2026-09-29T15:34:35.819Z,http_post,https://api.divar.ir/v8/postlist/w/search,200,ok,43
1419,measure,succeeded,2026-09-29T15:34:35.880Z,2026-09-29T15:34:38.936Z,"{""rows"": 10}",2026-09-29T15:34:38.874Z,http_post,https://api.divar.ir/v8/postlist/w/search,200,ok,49
1420,measure,succeeded,2026-09-29T15:34:38.954Z,2026-09-29T15:34:42.022Z,"{""rows"": 22}",2026-09-29T15:34:41.940Z,http_post,https://api.divar.ir/v8/postlist/w/search,200,ok,65
1421,measure,succeeded,2026-09-29T15:34:42.045Z,2026-09-29T15:34:45.104Z,"{""rows"": 21}",2026-09-29T15:34:45.023Z,http_post,https://api.divar.ir/v8/postlist/w/search,200,ok,64
1422,measure,succeeded,2026-09-29T15:34:45.126Z,2026-09-29T15:34:48.151Z,"{""rows"": 24}",2026-09-29T15:34:48.104Z,http_post,https://api.divar.ir/v8/postlist/w/search,200,ok,41
1423,measure,succeeded,2026-09-29T15:34:48.159Z,2026-09-29T15:34:51.222Z,"{""rows"": 24}",2026-09-29T15:34:51.158Z,http_post,https://api.divar.ir/v8/postlist/w/search,200,ok,48
1424,measure,succeeded,2026-09-29T15:34:51.245Z,2026-09-29T15:34:54.295Z,"{""rows"": 1}",2026-09-29T15:34:54.224Z,http_post,https://api.divar.ir/v8/postlist/w/search,200,ok,65
1425,measure,succeeded,2026-09-29T15:34:54.304Z,2026-09-29T15:34:57.367Z,"{""rows"": 24}",2026-09-29T15:34:57.302Z,http_post,https://api.divar.ir/v8/postlist/w/search,200,ok,48
1426,measure,succeeded,2026-09-29T15:34:57.392Z,2026-09-29T15:35:00.442Z,"{""rows"": 21}",2026-09-29T15:35:00.368Z,http_post,https://api.divar.ir/v8/postlist/w/search,200,ok,65
1427,measure,succeeded,2026-09-29T15:35:00.455Z,2026-09-29T15:35:03.511Z,"{""rows"": 24}",2026-09-29T15:35:03.448Z,http_post,https://api.divar.ir/v8/postlist/w/search,200,ok,47
1428,measure,succeeded,2026-09-29T15:35:03.536Z,2026-09-29T15:35:06.563Z,"{""rows"": 0}",2026-09-29T15:35:06.514Z,http_post,https://api.divar.ir/v8/postlist/w/search,200,ok,37
1429,measure,succeeded,2026-09-29T15:35:06.590Z,2026-09-29T15:35:09.630Z,"{""rows"": 24}",2026-09-29T15:35:09.569Z,http_post,https://api.divar.ir/v8/postlist/w/search,200,ok,45
1430,measure,succeeded,2026-09-29T15:35:09.653Z,2026-09-29T15:35:12.686Z,"{""rows"": 7}",2026-09-29T15:35:12.632Z,http_post,https://api.divar.ir/v8/postlist/w/search,200,ok,42
1431,measure,succeeded,2026-09-29T15:35:12.711Z,2026-09-29T15:35:15.753Z,"{""rows"": 1}",2026-09-29T15:35:15.690Z,http_post,https://api.divar.ir/v8/postlist/w/search,200,ok,53
1432,measure,succeeded,2026-09-29T15:35:15.775Z,2026-09-29T15:35:18.830Z,"{""rows"": 24}",2026-09-29T15:35:18.759Z,http_post,https://api.divar.ir/v8/postlist/w/search,200,ok,51
1433,measure,succeeded,2026-09-29T15:36:16.876Z,2026-09-29T15:36:17.073Z,"{""rows"": 24}",2026-09-29T15:36:16.879Z,http_post,https://api.divar.ir/v8/postlist/w/search,200,ok,186
1434,measure,succeeded,2026-09-29T15:36:17.875Z,2026-09-29T15:36:20.127Z,"{""rows"": 24}",2026-09-29T15:36:20.078Z,http_post,https://api.divar.ir/v8/postlist/w/search,200,ok,42
1435,measure,succeeded,2026-09-29T15:36:20.134Z,2026-09-29T15:36:23.192Z,"{""rows"": 20}",2026-09-29T15:36:23.132Z,http_post,https://api.divar.ir/v8/postlist/w/search,200,ok,46
1436,measure,succeeded,2026-09-29T15:36:23.212Z,2026-09-29T15:36:26.261Z,"{""rows"": 24}",2026-09-29T15:36:26.195Z,http_post,https://api.divar.ir/v8/postlist/w/search,200,ok,58
1437,measure,succeeded,2026-09-29T15:36:26.273Z,2026-09-29T15:36:29.338Z,"{""rows"": 24}",2026-09-29T15:36:29.265Z,http_post,https://api.divar.ir/v8/postlist/w/search,200,ok,55
1438,measure,succeeded,2026-09-29T15:36:29.352Z,2026-09-29T15:36:32.391Z,"{""rows"": 24}",2026-09-29T15:36:32.338Z,http_post,https://api.divar.ir/v8/postlist/w/search,200,ok,45
1439,measure,succeeded,2026-09-29T15:36:32.404Z,2026-09-29T15:36:35.450Z,"{""rows"": 24}",2026-09-29T15:36:35.395Z,http_post,https://api.divar.ir/v8/postlist/w/search,200,ok,47
1440,measure,succeeded,2026-09-29T15:36:35.460Z,2026-09-29T15:36:38.512Z,"{""rows"": 24}",2026-09-29T15:36:38.455Z,http_post,https://api.divar.ir/v8/postlist/w/search,200,ok,51
1441,measure,succeeded,2026-09-29T15:36:38.522Z,2026-09-29T15:36:41.583Z,"{""rows"": 11}",2026-09-29T15:36:41.518Z,http_post,https://api.divar.ir/v8/postlist/w/search,200,ok,55
1442,measure,succeeded,2026-09-29T15:36:41.593Z,2026-09-29T15:36:44.678Z,"{""rows"": 24}",2026-09-29T15:36:44.588Z,http_post,https://api.divar.ir/v8/postlist/w/search,200,ok,83
1443,measure,succeeded,2026-09-29T15:36:44.688Z,2026-09-29T15:36:47.773Z,"{""rows"": 15}",2026-09-29T15:36:47.683Z,http_post,https://api.divar.ir/v8/postlist/w/search,200,ok,82
1444,measure,succeeded,2026-09-29T15:36:47.782Z,2026-09-29T15:36:50.835Z,"{""rows"": 24}",2026-09-29T15:36:50.776Z,http_post,https://api.divar.ir/v8/postlist/w/search,200,ok,50
1445,measure,succeeded,2026-09-29T15:36:50.851Z,2026-09-29T15:36:53.890Z,"{""rows"": 24}",2026-09-29T15:36:53.841Z,http_post,https://api.divar.ir/v8/postlist/w/search,200,ok,42
1446,measure,succeeded,2026-09-29T15:36:53.900Z,2026-09-29T15:36:56.932Z,"{""rows"": 9}",2026-09-29T15:36:56.894Z,http_post,https://api.divar.ir/v8/postlist/w/search,200,ok,31
1447,measure,succeeded,2026-09-29T15:36:56.939Z,2026-09-29T15:36:59.996Z,"{""rows"": 24}",2026-09-29T15:36:59.939Z,http_post,https://api.divar.ir/v8/postlist/w/search,200,ok,48
1448,measure,succeeded,2026-09-29T15:37:00.022Z,2026-09-29T15:37:03.061Z,"{""rows"": 24}",2026-09-29T15:37:03.001Z,http_post,https://api.divar.ir/v8/postlist/w/search,200,ok,53
1449,measure,succeeded,2026-09-29T15:37:03.071Z,2026-09-29T15:37:06.206Z,"{""rows"": 24}",2026-09-29T15:37:06.068Z,http_post,https://api.divar.ir/v8/postlist/w/search,200,ok,127
1450,measure,succeeded,2026-09-29T15:37:06.224Z,2026-09-29T15:37:09.283Z,"{""rows"": 24}",2026-09-29T15:37:09.214Z,http_post,https://api.divar.ir/v8/postlist/w/search,200,ok,58
1451,measure,succeeded,2026-09-29T15:37:09.303Z,2026-09-29T15:37:12.341Z,"{""rows"": 24}",2026-09-29T15:37:12.287Z,http_post,https://api.divar.ir/v8/postlist/w/search,200,ok,46
1452,measure,succeeded,2026-09-29T15:37:12.356Z,2026-09-29T15:37:15.412Z,"{""rows"": 24}",2026-09-29T15:37:15.345Z,http_post,https://api.divar.ir/v8/postlist/w/search,200,ok,60
1453,measure,succeeded,2026-09-29T15:37:15.437Z,2026-09-29T15:37:18.474Z,"{""rows"": 24}",2026-09-29T15:37:18.415Z,http_post,https://api.divar.ir/v8/postlist/w/search,200,ok,52
1454,measure,succeeded,2026-09-29T15:38:17.513Z,2026-09-29T15:38:17.721Z,"{""rows"": 24}",2026-09-29T15:38:17.519Z,http_post,https://api.divar.ir/v8/postlist/w/search,200,ok,196
1455,measure,succeeded,2026-09-29T15:38:18.512Z,2026-09-29T15:38:20.790Z,"{""rows"": 24}",2026-09-29T15:38:20.725Z,http_post,https://api.divar.ir/v8/postlist/w/search,200,ok,50
1456,measure,succeeded,2026-09-29T15:38:20.817Z,2026-09-29T15:38:23.850Z,"{""rows"": 24}",2026-09-29T15:38:23.791Z,http_post,https://api.divar.ir/v8/postlist/w/search,200,ok,50
1457,measure,succeeded,2026-09-29T15:38:23.859Z,2026-09-29T15:38:26.911Z,"{""rows"": 4}",2026-09-29T15:38:26.854Z,http_post,https://api.divar.ir/v8/postlist/w/search,200,ok,51
1458,measure,succeeded,2026-09-29T15:38:26.921Z,2026-09-29T15:38:29.959Z,"{""rows"": 24}",2026-09-29T15:38:29.918Z,http_post,https://api.divar.ir/v8/postlist/w/search,200,ok,34
1459,measure,succeeded,2026-09-29T15:38:29.971Z,2026-09-29T15:38:33.026Z,"{""rows"": 24}",2026-09-29T15:38:32.964Z,http_post,https://api.divar.ir/v8/postlist/w/search,200,ok,51
1460,measure,succeeded,2026-09-29T15:38:33.041Z,2026-09-29T15:38:36.086Z,"{""rows"": 24}",2026-09-29T15:38:36.032Z,http_post,https://api.divar.ir/v8/postlist/w/search,200,ok,39
1461,measure,succeeded,2026-09-29T15:38:36.129Z,2026-09-29T15:38:39.151Z,"{""rows"": 18}",2026-09-29T15:38:39.088Z,http_post,https://api.divar.ir/v8/postlist/w/search,200,ok,53
1462,measure,succeeded,2026-09-29T15:38:39.158Z,2026-09-29T15:38:42.212Z,"{""rows"": 24}",2026-09-29T15:38:42.156Z,http_post,https://api.divar.ir/v8/postlist/w/search,200,ok,41
1463,measure,succeeded,2026-09-29T15:38:42.234Z,2026-09-29T15:38:45.290Z,"{""rows"": 24}",2026-09-29T15:38:45.213Z,http_post,https://api.divar.ir/v8/postlist/w/search,200,ok,70
1464,measure,succeeded,2026-09-29T15:38:45.303Z,2026-09-29T15:38:48.347Z,"{""rows"": 24}",2026-09-29T15:38:48.295Z,http_post,https://api.divar.ir/v8/postlist/w/search,200,ok,46
1465,measure,succeeded,2026-09-29T15:38:48.356Z,2026-09-29T15:38:51.417Z,"{""rows"": 24}",2026-09-29T15:38:51.354Z,http_post,https://api.divar.ir/v8/postlist/w/search,200,ok,48
1466,measure,succeeded,2026-09-29T15:38:51.463Z,2026-09-29T15:38:54.466Z,"{""rows"": 24}",2026-09-29T15:38:54.420Z,http_post,https://api.divar.ir/v8/postlist/w/search,200,ok,38
1467,measure,succeeded,2026-09-29T15:38:54.476Z,2026-09-29T15:38:57.559Z,"{""rows"": 10}",2026-09-29T15:38:57.470Z,http_post,https://api.divar.ir/v8/postlist/w/search,200,ok,79
1468,measure,succeeded,2026-09-29T15:38:57.573Z,2026-09-29T15:39:00.623Z,"{""rows"": 24}",2026-09-29T15:39:00.562Z,http_post,https://api.divar.ir/v8/postlist/w/search,200,ok,48
1469,measure,succeeded,2026-09-29T15:39:00.642Z,2026-09-29T15:39:03.702Z,"{""rows"": 24}",2026-09-29T15:39:03.627Z,http_post,https://api.divar.ir/v8/postlist/w/search,200,ok,60
1470,measure,succeeded,2026-09-29T15:39:03.724Z,2026-09-29T15:39:06.769Z,"{""rows"": 24}",2026-09-29T15:39:06.705Z,http_post,https://api.divar.ir/v8/postlist/w/search,200,ok,50
1471,measure,succeeded,2026-09-29T15:39:06.794Z,2026-09-29T15:39:09.823Z,"{""rows"": 3}",2026-09-29T15:39:09.773Z,http_post,https://api.divar.ir/v8/postlist/w/search,200,ok,37
1472,measure,succeeded,2026-09-29T15:39:09.851Z,2026-09-29T15:39:12.901Z,"{""rows"": 17}",2026-09-29T15:39:12.828Z,http_post,https://api.divar.ir/v8/postlist/w/search,200,ok,58
1473,measure,succeeded,2026-09-29T15:39:12.921Z,2026-09-29T15:39:15.958Z,"{""rows"": 24}",2026-09-29T15:39:15.904Z,http_post,https://api.divar.ir/v8/postlist/w/search,200,ok,44
1474,measure,succeeded,2026-09-29T15:39:15.967Z,2026-09-29T15:39:19.039Z,"{""rows"": 24}",2026-09-29T15:39:18.963Z,http_post,https://api.divar.ir/v8/postlist/w/search,200,ok,55
1475,measure,succeeded,2026-09-29T15:40:17.093Z,2026-09-29T15:40:17.305Z,"{""rows"": 24}",2026-09-29T15:40:17.105Z,http_post,https://api.divar.ir/v8/postlist/w/search,200,ok,192
1476,measure,succeeded,2026-09-29T15:40:18.088Z,2026-09-29T15:40:20.366Z,"{""rows"": 24}",2026-09-29T15:40:20.310Z,http_post,https://api.divar.ir/v8/postlist/w/search,200,ok,47
1477,measure,succeeded,2026-09-29T15:40:20.378Z,2026-09-29T15:40:23.441Z,"{""rows"": 24}",2026-09-29T15:40:23.375Z,http_post,https://api.divar.ir/v8/postlist/w/search,200,ok,50
1478,measure,succeeded,2026-09-29T15:40:23.471Z,2026-09-29T15:40:26.515Z,"{""rows"": 24}",2026-09-29T15:40:26.445Z,http_post,https://api.divar.ir/v8/postlist/w/search,200,ok,58
1479,measure,succeeded,2026-09-29T15:40:26.531Z,2026-09-29T15:40:29.596Z,"{""rows"": 24}",2026-09-29T15:40:29.519Z,http_post,https://api.divar.ir/v8/postlist/w/search,200,ok,59
1480,measure,succeeded,2026-09-29T15:40:29.624Z,2026-09-29T15:40:32.656Z,"{""rows"": 10}",2026-09-29T15:40:32.598Z,http_post,https://api.divar.ir/v8/postlist/w/search,200,ok,43
1481,measure,succeeded,2026-09-29T15:40:32.680Z,2026-09-29T15:40:35.727Z,"{""rows"": 24}",2026-09-29T15:40:35.660Z,http_post,https://api.divar.ir/v8/postlist/w/search,200,ok,55
1482,measure,succeeded,2026-09-29T15:40:35.743Z,2026-09-29T15:40:38.789Z,"{""rows"": 24}",2026-09-29T15:40:38.732Z,http_post,https://api.divar.ir/v8/postlist/w/search,200,ok,39
1483,measure,succeeded,2026-09-29T15:40:38.802Z,2026-09-29T15:40:41.833Z,"{""rows"": 13}",2026-09-29T15:40:41.790Z,http_post,https://api.divar.ir/v8/postlist/w/search,200,ok,37
1484,measure,succeeded,2026-09-29T15:40:41.840Z,2026-09-29T15:40:44.903Z,"{""rows"": 24}",2026-09-29T15:40:44.839Z,http_post,https://api.divar.ir/v8/postlist/w/search,200,ok,51
1485,measure,succeeded,2026-09-29T15:40:44.928Z,2026-09-29T15:40:47.953Z,"{""rows"": 24}",2026-09-29T15:40:47.905Z,http_post,https://api.divar.ir/v8/postlist/w/search,200,ok,40
1486,measure,succeeded,2026-09-29T15:40:47.962Z,2026-09-29T15:40:51.025Z,"{""rows"": 24}",2026-09-29T15:40:50.959Z,http_post,https://api.divar.ir/v8/postlist/w/search,200,ok,50
1487,measure,succeeded,2026-09-29T15:40:51.051Z,2026-09-29T15:40:54.088Z,"{""rows"": 24}",2026-09-29T15:40:54.028Z,http_post,https://api.divar.ir/v8/postlist/w/search,200,ok,46
1488,measure,succeeded,2026-09-29T15:40:54.112Z,2026-09-29T15:40:57.163Z,"{""rows"": 24}",2026-09-29T15:40:57.090Z,http_post,https://api.divar.ir/v8/postlist/w/search,200,ok,59
1489,measure,succeeded,2026-09-29T15:40:57.186Z,2026-09-29T15:41:00.238Z,"{""rows"": 24}",2026-09-29T15:41:00.166Z,http_post,https://api.divar.ir/v8/postlist/w/search,200,ok,57
1490,measure,succeeded,2026-09-29T15:41:00.262Z,2026-09-29T15:41:03.283Z,"{""rows"": 24}",2026-09-29T15:41:03.240Z,http_post,https://api.divar.ir/v8/postlist/w/search,200,ok,36
1491,measure,succeeded,2026-09-29T15:41:03.292Z,2026-09-29T15:41:06.338Z,"{""rows"": 24}",2026-09-29T15:41:06.288Z,http_post,https://api.divar.ir/v8/postlist/w/search,200,ok,42
1492,measure,succeeded,2026-09-29T15:41:06.347Z,2026-09-29T15:41:09.408Z,"{""rows"": 24}",2026-09-29T15:41:09.344Z,http_post,https://api.divar.ir/v8/postlist/w/search,200,ok,47
1493,measure,succeeded,2026-09-29T15:41:09.433Z,2026-09-29T15:41:12.487Z,"{""rows"": 24}",2026-09-29T15:41:12.411Z,http_post,https://api.divar.ir/v8/postlist/w/search,200,ok,60
1494,measure,succeeded,2026-09-29T15:41:12.513Z,2026-09-29T15:41:15.556Z,"{""rows"": 24}",2026-09-29T15:41:15.492Z,http_post,https://api.divar.ir/v8/postlist/w/search,200,ok,46
1495,measure,succeeded,2026-09-29T15:41:15.585Z,2026-09-29T15:41:18.628Z,"{""rows"": 24}",2026-09-29T15:41:18.558Z,http_post,https://api.divar.ir/v8/postlist/w/search,200,ok,53
1496,measure,succeeded,2026-09-29T15:42:17.687Z,2026-09-29T15:42:17.866Z,"{""rows"": 24}",2026-09-29T15:42:17.692Z,http_post,https://api.divar.ir/v8/postlist/w/search,200,ok,166
1497,measure,succeeded,2026-09-29T15:42:18.685Z,2026-09-29T15:42:20.923Z,"{""rows"": 24}",2026-09-29T15:42:20.872Z,http_post,https://api.divar.ir/v8/postlist/w/search,200,ok,38
1498,measure,succeeded,2026-09-29T15:42:20.938Z,2026-09-29T15:42:23.993Z,"{""rows"": 24}",2026-09-29T15:42:23.926Z,http_post,https://api.divar.ir/v8/postlist/w/search,200,ok,56
1499,measure,succeeded,2026-09-29T15:42:24.011Z,2026-09-29T15:42:27.062Z,"{""rows"": 4}",2026-09-29T15:42:26.996Z,http_post,https://api.divar.ir/v8/postlist/w/search,200,ok,57
1500,measure,succeeded,2026-09-29T15:42:27.076Z,2026-09-29T15:42:30.123Z,"{""rows"": 24}",2026-09-29T15:42:30.068Z,http_post,https://api.divar.ir/v8/postlist/w/search,200,ok,44
1501,measure,succeeded,2026-09-29T15:42:30.138Z,2026-09-29T15:42:33.175Z,"{""rows"": 5}",2026-09-29T15:42:33.127Z,http_post,https://api.divar.ir/v8/postlist/w/search,200,ok,42
1502,measure,succeeded,2026-09-29T15:42:33.190Z,2026-09-29T15:42:36.259Z,"{""rows"": 24}",2026-09-29T15:42:36.180Z,http_post,https://api.divar.ir/v8/postlist/w/search,200,ok,72
1503,measure,succeeded,2026-09-29T15:42:36.271Z,2026-09-29T15:42:39.320Z,"{""rows"": 24}",2026-09-29T15:42:39.265Z,http_post,https://api.divar.ir/v8/postlist/w/search,200,ok,47
1504,measure,succeeded,2026-09-29T15:42:39.329Z,2026-09-29T15:42:42.403Z,"{""rows"": 24}",2026-09-29T15:42:42.324Z,http_post,https://api.divar.ir/v8/postlist/w/search,200,ok,72
1505,measure,succeeded,2026-09-29T15:42:42.417Z,2026-09-29T15:42:45.456Z,"{""rows"": 24}",2026-09-29T15:42:45.407Z,http_post,https://api.divar.ir/v8/postlist/w/search,200,ok,39
1506,measure,succeeded,2026-09-29T15:42:45.471Z,2026-09-29T15:42:48.544Z,"{""rows"": 24}",2026-09-29T15:42:48.459Z,http_post,https://api.divar.ir/v8/postlist/w/search,200,ok,73
1507,measure,succeeded,2026-09-29T15:42:48.564Z,2026-09-29T15:42:51.601Z,"{""rows"": 18}",2026-09-29T15:42:51.546Z,http_post,https://api.divar.ir/v8/postlist/w/search,200,ok,43
1508,measure,succeeded,2026-09-29T15:42:51.626Z,2026-09-29T15:42:54.687Z,"{""rows"": 18}",2026-09-29T15:42:54.604Z,http_post,https://api.divar.ir/v8/postlist/w/search,200,ok,65
1509,measure,succeeded,2026-09-29T15:42:54.706Z,2026-09-29T15:42:57.773Z,"{""rows"": 24}",2026-09-29T15:42:57.687Z,http_post,https://api.divar.ir/v8/postlist/w/search,200,ok,78
1510,measure,succeeded,2026-09-29T15:42:57.783Z,2026-09-29T15:43:00.848Z,"{""rows"": 24}",2026-09-29T15:43:00.777Z,http_post,https://api.divar.ir/v8/postlist/w/search,200,ok,61
1511,measure,succeeded,2026-09-29T15:43:00.867Z,2026-09-29T15:43:03.921Z,"{""rows"": 24}",2026-09-29T15:43:03.854Z,http_post,https://api.divar.ir/v8/postlist/w/search,200,ok,49
1512,measure,succeeded,2026-09-29T15:43:03.949Z,2026-09-29T15:43:06.974Z,"{""rows"": 24}",2026-09-29T15:43:06.922Z,http_post,https://api.divar.ir/v8/postlist/w/search,200,ok,44
1513,measure,succeeded,2026-09-29T15:43:06.983Z,2026-09-29T15:43:10.049Z,"{""rows"": 24}",2026-09-29T15:43:09.981Z,http_post,https://api.divar.ir/v8/postlist/w/search,200,ok,58
1514,measure,succeeded,2026-09-29T15:43:10.072Z,2026-09-29T15:43:13.096Z,"{""rows"": 24}",2026-09-29T15:43:13.052Z,http_post,https://api.divar.ir/v8/postlist/w/search,200,ok,37
1515,measure,succeeded,2026-09-29T15:43:13.119Z,2026-09-29T15:43:16.153Z,"{""rows"": 24}",2026-09-29T15:43:16.102Z,http_post,https://api.divar.ir/v8/postlist/w/search,200,ok,38
1516,measure,succeeded,2026-09-29T15:43:16.167Z,2026-09-29T15:43:19.211Z,"{""rows"": 3}",2026-09-29T15:43:19.155Z,http_post,https://api.divar.ir/v8/postlist/w/search,200,ok,47
1517,measure,succeeded,2026-09-29T15:44:17.258Z,2026-09-29T15:44:17.401Z,"{""rows"": 24}",2026-09-29T15:44:17.262Z,http_post,https://api.divar.ir/v8/postlist/w/search,200,ok,125
1518,measure,succeeded,2026-09-29T15:44:18.257Z,2026-09-29T15:44:20.451Z,"{""rows"": 24}",2026-09-29T15:44:20.401Z,http_post,https://api.divar.ir/v8/postlist/w/search,200,ok,43
1519,measure,succeeded,2026-09-29T15:44:20.459Z,2026-09-29T15:44:23.505Z,"{""rows"": 24}",2026-09-29T15:44:23.456Z,http_post,https://api.divar.ir/v8/postlist/w/search,200,ok,42
1520,measure,succeeded,2026-09-29T15:44:23.513Z,2026-09-29T15:44:26.559Z,"{""rows"": 24}",2026-09-29T15:44:26.509Z,http_post,https://api.divar.ir/v8/postlist/w/search,200,ok,41
1521,measure,succeeded,2026-09-29T15:44:26.573Z,2026-09-29T15:44:29.638Z,"{""rows"": 24}",2026-09-29T15:44:29.565Z,http_post,https://api.divar.ir/v8/postlist/w/search,200,ok,53
1522,measure,succeeded,2026-09-29T15:44:29.678Z,2026-09-29T15:44:32.720Z,"{""rows"": 24}",2026-09-29T15:44:32.642Z,http_post,https://api.divar.ir/v8/postlist/w/search,200,ok,67
1523,measure,succeeded,2026-09-29T15:44:32.731Z,2026-09-29T15:44:35.778Z,"{""rows"": 24}",2026-09-29T15:44:35.725Z,http_post,https://api.divar.ir/v8/postlist/w/search,200,ok,39
1524,measure,succeeded,2026-09-29T15:44:35.799Z,2026-09-29T15:44:38.858Z,"{""rows"": 24}",2026-09-29T15:44:38.781Z,http_post,https://api.divar.ir/v8/postlist/w/search,200,ok,64
1525,measure,succeeded,2026-09-29T15:44:38.884Z,2026-09-29T15:44:41.906Z,"{""rows"": 24}",2026-09-29T15:44:41.859Z,http_post,https://api.divar.ir/v8/postlist/w/search,200,ok,41
1526,measure,succeeded,2026-09-29T15:44:41.920Z,2026-09-29T15:44:44.956Z,"{""rows"": 15}",2026-09-29T15:44:44.910Z,http_post,https://api.divar.ir/v8/postlist/w/search,200,ok,40
1527,measure,succeeded,2026-09-29T15:44:44.965Z,2026-09-29T15:44:48.012Z,"{""rows"": 11}",2026-09-29T15:44:47.961Z,http_post,https://api.divar.ir/v8/postlist/w/search,200,ok,44
1528,measure,succeeded,2026-09-29T15:44:48.026Z,2026-09-29T15:44:51.072Z,"{""rows"": 24}",2026-09-29T15:44:51.018Z,http_post,https://api.divar.ir/v8/postlist/w/search,200,ok,43
1529,measure,succeeded,2026-09-29T15:44:51.086Z,2026-09-29T15:44:54.133Z,"{""rows"": 11}",2026-09-29T15:44:54.075Z,http_post,https://api.divar.ir/v8/postlist/w/search,200,ok,50
1530,measure,succeeded,2026-09-29T15:44:54.143Z,2026-09-29T15:44:57.199Z,"{""rows"": 24}",2026-09-29T15:44:57.137Z,http_post,https://api.divar.ir/v8/postlist/w/search,200,ok,54
1531,measure,succeeded,2026-09-29T15:44:57.209Z,2026-09-29T15:45:00.257Z,"{""rows"": 7}",2026-09-29T15:45:00.204Z,http_post,https://api.divar.ir/v8/postlist/w/search,200,ok,45
1532,measure,succeeded,2026-09-29T15:45:00.273Z,2026-09-29T15:45:03.303Z,"{""rows"": 1}",2026-09-29T15:45:03.263Z,http_post,https://api.divar.ir/v8/postlist/w/search,200,ok,30
1533,measure,succeeded,2026-09-29T15:45:03.324Z,2026-09-29T15:45:06.368Z,"{""rows"": 24}",2026-09-29T15:45:06.308Z,http_post,https://api.divar.ir/v8/postlist/w/search,200,ok,48
1534,measure,succeeded,2026-09-29T15:45:06.392Z,2026-09-29T15:45:09.419Z,"{""rows"": 24}",2026-09-29T15:45:09.371Z,http_post,https://api.divar.ir/v8/postlist/w/search,200,ok,36
1535,measure,succeeded,2026-09-29T15:45:09.441Z,2026-09-29T15:45:12.471Z,"{""rows"": 9}",2026-09-29T15:45:12.421Z,http_post,https://api.divar.ir/v8/postlist/w/search,200,ok,43
1536,measure,succeeded,2026-09-29T15:45:12.479Z,2026-09-29T15:45:15.536Z,"{""rows"": 24}",2026-09-29T15:45:15.477Z,http_post,https://api.divar.ir/v8/postlist/w/search,200,ok,43
1537,measure,succeeded,2026-09-29T15:45:15.555Z,2026-09-29T15:45:18.596Z,"{""rows"": 24}",2026-09-29T15:45:18.540Z,http_post,https://api.divar.ir/v8/postlist/w/search,200,ok,40
1538,measure,succeeded,2026-09-29T15:46:18.655Z,2026-09-29T15:46:19.050Z,"{""rows"": 24}",2026-09-29T15:46:18.658Z,http_post,https://api.divar.ir/v8/postlist/w/search,200,ok,375
1539,measure,succeeded,2026-09-29T15:46:19.661Z,2026-09-29T15:46:22.103Z,"{""rows"": 24}",2026-09-29T15:46:22.048Z,http_post,https://api.divar.ir/v8/postlist/w/search,200,ok,48
1540,measure,succeeded,2026-09-29T15:46:22.114Z,2026-09-29T15:46:25.162Z,"{""rows"": 24}",2026-09-29T15:46:25.107Z,http_post,https://api.divar.ir/v8/postlist/w/search,200,ok,45
1541,measure,succeeded,2026-09-29T15:46:25.182Z,2026-09-29T15:46:28.213Z,"{""rows"": 24}",2026-09-29T15:46:28.165Z,http_post,https://api.divar.ir/v8/postlist/w/search,200,ok,40
1542,measure,succeeded,2026-09-29T15:46:28.222Z,2026-09-29T15:46:31.302Z,"{""rows"": 24}",2026-09-29T15:46:31.218Z,http_post,https://api.divar.ir/v8/postlist/w/search,200,ok,68
1543,measure,succeeded,2026-09-29T15:46:31.328Z,2026-09-29T15:46:34.374Z,"{""rows"": 24}",2026-09-29T15:46:34.306Z,http_post,https://api.divar.ir/v8/postlist/w/search,200,ok,51
1544,measure,succeeded,2026-09-29T15:46:34.397Z,2026-09-29T15:46:37.435Z,"{""rows"": 24}",2026-09-29T15:46:37.375Z,http_post,https://api.divar.ir/v8/postlist/w/search,200,ok,51
1545,measure,succeeded,2026-09-29T15:46:37.446Z,2026-09-29T15:46:40.496Z,"{""rows"": 24}",2026-09-29T15:46:40.441Z,http_post,https://api.divar.ir/v8/postlist/w/search,200,ok,46
1546,measure,succeeded,2026-09-29T15:46:40.506Z,2026-09-29T15:46:43.548Z,"{""rows"": 16}",2026-09-29T15:46:43.500Z,http_post,https://api.divar.ir/v8/postlist/w/search,200,ok,41
1547,measure,succeeded,2026-09-29T15:46:43.557Z,2026-09-29T15:46:46.626Z,"{""rows"": 24}",2026-09-29T15:46:46.555Z,http_post,https://api.divar.ir/v8/postlist/w/search,200,ok,58
1548,measure,succeeded,2026-09-29T15:46:46.646Z,2026-09-29T15:46:49.692Z,"{""rows"": 24}",2026-09-29T15:46:49.629Z,http_post,https://api.divar.ir/v8/postlist/w/search,200,ok,44
1549,measure,succeeded,2026-09-29T15:46:49.719Z,2026-09-29T15:46:52.775Z,"{""rows"": 24}",2026-09-29T15:46:52.690Z,http_post,https://api.divar.ir/v8/postlist/w/search,200,ok,69
1550,measure,succeeded,2026-09-29T15:46:52.798Z,2026-09-29T15:46:55.837Z,"{""rows"": 9}",2026-09-29T15:46:55.781Z,http_post,https://api.divar.ir/v8/postlist/w/search,200,ok,41
1551,measure,succeeded,2026-09-29T15:46:55.858Z,2026-09-29T15:46:58.890Z,"{""rows"": 7}",2026-09-29T15:46:58.840Z,http_post,https://api.divar.ir/v8/postlist/w/search,200,ok,36
1552,measure,succeeded,2026-09-29T15:46:58.907Z,2026-09-29T15:47:01.939Z,"{""rows"": 11}",2026-09-29T15:47:01.892Z,http_post,https://api.divar.ir/v8/postlist/w/search,200,ok,40
1553,measure,succeeded,2026-09-29T15:47:01.947Z,2026-09-29T15:47:05.003Z,"{""rows"": 24}",2026-09-29T15:47:04.945Z,http_post,https://api.divar.ir/v8/postlist/w/search,200,ok,44
1554,measure,succeeded,2026-09-29T15:47:05.027Z,2026-09-29T15:47:08.082Z,"{""rows"": 24}",2026-09-29T15:47:08.005Z,http_post,https://api.divar.ir/v8/postlist/w/search,200,ok,70
1555,measure,succeeded,2026-09-29T15:47:08.090Z,2026-09-29T15:47:11.151Z,"{""rows"": 8}",2026-09-29T15:47:11.087Z,http_post,https://api.divar.ir/v8/postlist/w/search,200,ok,50
1556,measure,succeeded,2026-09-29T15:47:11.171Z,2026-09-29T15:47:14.204Z,"{""rows"": 24}",2026-09-29T15:47:14.155Z,http_post,https://api.divar.ir/v8/postlist/w/search,200,ok,40
1557,measure,succeeded,2026-09-29T15:47:14.211Z,2026-09-29T15:47:17.283Z,"{""rows"": 10}",2026-09-29T15:47:17.210Z,http_post,https://api.divar.ir/v8/postlist/w/search,200,ok,59
1558,measure,succeeded,2026-09-29T15:48:17.322Z,2026-09-29T15:48:17.513Z,"{""rows"": 24}",2026-09-29T15:48:17.326Z,http_post,https://api.divar.ir/v8/postlist/w/search,200,ok,179
1559,measure,succeeded,2026-09-29T15:48:18.320Z,2026-09-29T15:48:20.583Z,"{""rows"": 24}",2026-09-29T15:48:20.516Z,http_post,https://api.divar.ir/v8/postlist/w/search,200,ok,57
1560,measure,succeeded,2026-09-29T15:48:20.606Z,2026-09-29T15:48:23.641Z,"{""rows"": 24}",2026-09-29T15:48:23.586Z,http_post,https://api.divar.ir/v8/postlist/w/search,200,ok,47
1561,measure,succeeded,2026-09-29T15:48:23.658Z,2026-09-29T15:48:26.709Z,"{""rows"": 24}",2026-09-29T15:48:26.645Z,http_post,https://api.divar.ir/v8/postlist/w/search,200,ok,54
1562,measure,succeeded,2026-09-29T15:48:26.727Z,2026-09-29T15:48:29.764Z,"{""rows"": 24}",2026-09-29T15:48:29.714Z,http_post,https://api.divar.ir/v8/postlist/w/search,200,ok,43
1563,measure,succeeded,2026-09-29T15:48:29.772Z,2026-09-29T15:48:32.817Z,"{""rows"": 24}",2026-09-29T15:48:32.770Z,http_post,https://api.divar.ir/v8/postlist/w/search,200,ok,39
1564,measure,succeeded,2026-09-29T15:48:32.828Z,2026-09-29T15:48:35.889Z,"{""rows"": 24}",2026-09-29T15:48:35.823Z,http_post,https://api.divar.ir/v8/postlist/w/search,200,ok,58
1565,measure,succeeded,2026-09-29T15:48:35.901Z,2026-09-29T15:48:38.945Z,"{""rows"": 24}",2026-09-29T15:48:38.893Z,http_post,https://api.divar.ir/v8/postlist/w/search,200,ok,46
1566,measure,succeeded,2026-09-29T15:48:38.954Z,2026-09-29T15:48:42.018Z,"{""rows"": 13}",2026-09-29T15:48:41.950Z,http_post,https://api.divar.ir/v8/postlist/w/search,200,ok,55
1567,measure,succeeded,2026-09-29T15:48:42.037Z,2026-09-29T15:48:45.073Z,"{""rows"": 24}",2026-09-29T15:48:45.019Z,http_post,https://api.divar.ir/v8/postlist/w/search,200,ok,47
1568,measure,succeeded,2026-09-29T15:48:45.081Z,2026-09-29T15:48:48.128Z,"{""rows"": 13}",2026-09-29T15:48:48.078Z,http_post,https://api.divar.ir/v8/postlist/w/search,200,ok,42
1569,measure,succeeded,2026-09-29T15:48:48.140Z,2026-09-29T15:48:51.188Z,"{""rows"": 24}",2026-09-29T15:48:51.133Z,http_post,https://api.divar.ir/v8/postlist/w/search,200,ok,47
1570,measure,succeeded,2026-09-29T15:48:51.204Z,2026-09-29T15:48:54.264Z,"{""rows"": 24}",2026-09-29T15:48:54.196Z,http_post,https://api.divar.ir/v8/postlist/w/search,200,ok,54
1571,measure,succeeded,2026-09-29T15:48:54.276Z,2026-09-29T15:48:57.312Z,"{""rows"": 24}",2026-09-29T15:48:57.266Z,http_post,https://api.divar.ir/v8/postlist/w/search,200,ok,39
1572,measure,succeeded,2026-09-29T15:48:57.327Z,2026-09-29T15:49:00.408Z,"{""rows"": 11}",2026-09-29T15:49:00.319Z,http_post,https://api.divar.ir/v8/postlist/w/search,200,ok,70
1573,measure,succeeded,2026-09-29T15:49:00.440Z,2026-09-29T15:49:03.468Z,"{""rows"": 4}",2026-09-29T15:49:03.408Z,http_post,https://api.divar.ir/v8/postlist/w/search,200,ok,53
1574,measure,succeeded,2026-09-29T15:49:03.482Z,2026-09-29T15:49:06.549Z,"{""rows"": 24}",2026-09-29T15:49:06.472Z,http_post,https://api.divar.ir/v8/postlist/w/search,200,ok,69
1575,measure,succeeded,2026-09-29T15:49:06.562Z,2026-09-29T15:49:09.659Z,"{""rows"": 24}",2026-09-29T15:49:09.555Z,http_post,https://api.divar.ir/v8/postlist/w/search,200,ok,86
1576,measure,succeeded,2026-09-29T15:49:09.692Z,2026-09-29T15:49:12.714Z,"{""rows"": 24}",2026-09-29T15:49:12.663Z,http_post,https://api.divar.ir/v8/postlist/w/search,200,ok,43
1577,measure,succeeded,2026-09-29T15:49:12.732Z,2026-09-29T15:49:15.880Z,"{""rows"": 24}",2026-09-29T15:49:15.717Z,http_post,https://api.divar.ir/v8/postlist/w/search,200,ok,152
1578,measure,succeeded,2026-09-29T15:49:15.892Z,2026-09-29T15:49:18.944Z,"{""rows"": 24}",2026-09-29T15:49:18.883Z,http_post,https://api.divar.ir/v8/postlist/w/search,200,ok,54
1579,measure,succeeded,2026-09-29T15:50:16.982Z,2026-09-29T15:50:17.111Z,"{""rows"": 24}",2026-09-29T15:50:16.986Z,http_post,https://api.divar.ir/v8/postlist/w/search,200,ok,116
1580,measure,succeeded,2026-09-29T15:50:17.983Z,2026-09-29T15:50:20.168Z,"{""rows"": 24}",2026-09-29T15:50:20.113Z,http_post,https://api.divar.ir/v8/postlist/w/search,200,ok,46
1581,measure,succeeded,2026-09-29T15:50:20.184Z,2026-09-29T15:50:23.241Z,"{""rows"": 24}",2026-09-29T15:50:23.172Z,http_post,https://api.divar.ir/v8/postlist/w/search,200,ok,61
1582,measure,succeeded,2026-09-29T15:50:23.249Z,2026-09-29T15:50:26.302Z,"{""rows"": 19}",2026-09-29T15:50:26.246Z,http_post,https://api.divar.ir/v8/postlist/w/search,200,ok,43
1583,measure,succeeded,2026-09-29T15:50:26.329Z,2026-09-29T15:50:29.484Z,"{""rows"": 7}",2026-09-29T15:50:29.310Z,http_post,https://api.divar.ir/v8/postlist/w/search,200,ok,165
1584,measure,succeeded,2026-09-29T15:50:29.492Z,2026-09-29T15:50:32.741Z,"{""rows"": 24}",2026-09-29T15:50:32.488Z,http_post,https://api.divar.ir/v8/postlist/w/search,200,ok,243
1585,measure,succeeded,2026-09-29T15:50:32.760Z,2026-09-29T15:50:35.853Z,"{""rows"": 19}",2026-09-29T15:50:35.744Z,http_post,https://api.divar.ir/v8/postlist/w/search,200,ok,100
1586,measure,succeeded,2026-09-29T15:50:35.860Z,2026-09-29T15:50:38.919Z,"{""rows"": 0}",2026-09-29T15:50:38.858Z,http_post,https://api.divar.ir/v8/postlist/w/search,200,ok,55
1587,measure,succeeded,2026-09-29T15:50:38.926Z,2026-09-29T15:50:42.162Z,"{""rows"": 24}",2026-09-29T15:50:41.924Z,http_post,https://api.divar.ir/v8/postlist/w/search,200,ok,231
1588,measure,succeeded,2026-09-29T15:50:42.170Z,2026-09-29T15:50:45.334Z,"{""rows"": 24}",2026-09-29T15:50:45.166Z,http_post,https://api.divar.ir/v8/postlist/w/search,200,ok,153
1589,measure,succeeded,2026-09-29T15:50:45.352Z,2026-09-29T15:50:48.442Z,"{""rows"": 24}",2026-09-29T15:50:48.334Z,http_post,https://api.divar.ir/v8/postlist/w/search,200,ok,101
1590,measure,succeeded,2026-09-29T15:50:48.457Z,2026-09-29T15:50:51.850Z,"{""rows"": 24}",2026-09-29T15:50:51.453Z,http_post,https://api.divar.ir/v8/postlist/w/search,200,ok,381
1591,measure,succeeded,2026-09-29T15:50:51.870Z,2026-09-29T15:50:55.235Z,"{""rows"": 24}",2026-09-29T15:50:54.852Z,http_post,https://api.divar.ir/v8/postlist/w/search,200,ok,374
1592,measure,succeeded,2026-09-29T15:50:55.243Z,2026-09-29T15:50:58.322Z,"{""rows"": 24}",2026-09-29T15:50:58.239Z,http_post,https://api.divar.ir/v8/postlist/w/search,200,ok,75
1593,measure,succeeded,2026-09-29T15:50:58.337Z,2026-09-29T15:51:01.378Z,"{""rows"": 24}",2026-09-29T15:51:01.326Z,http_post,https://api.divar.ir/v8/postlist/w/search,200,ok,44
1594,measure,succeeded,2026-09-29T15:51:01.389Z,2026-09-29T15:51:04.439Z,"{""rows"": 24}",2026-09-29T15:51:04.384Z,http_post,https://api.divar.ir/v8/postlist/w/search,200,ok,41
1595,measure,succeeded,2026-09-29T15:51:04.455Z,2026-09-29T15:51:07.495Z,"{""rows"": 15}",2026-09-29T15:51:07.443Z,http_post,https://api.divar.ir/v8/postlist/w/search,200,ok,38
1596,measure,succeeded,2026-09-29T15:51:07.515Z,2026-09-29T15:51:10.575Z,"{""rows"": 24}",2026-09-29T15:51:10.499Z,http_post,https://api.divar.ir/v8/postlist/w/search,200,ok,61
1597,measure,succeeded,2026-09-29T15:51:10.603Z,2026-09-29T15:51:13.641Z,"{""rows"": 24}",2026-09-29T15:51:13.575Z,http_post,https://api.divar.ir/v8/postlist/w/search,200,ok,59
1598,measure,succeeded,2026-09-29T15:51:13.653Z,2026-09-29T15:51:16.692Z,"{""rows"": 24}",2026-09-29T15:51:16.646Z,http_post,https://api.divar.ir/v8/postlist/w/search,200,ok,39
1599,measure,succeeded,2026-09-29T15:51:16.702Z,2026-09-29T15:51:19.741Z,"{""rows"": 24}",2026-09-29T15:51:19.697Z,http_post,https://api.divar.ir/v8/postlist/w/search,200,ok,39
1600,measure,succeeded,2026-09-29T15:52:16.827Z,2026-09-29T15:52:17.048Z,"{""rows"": 24}",2026-09-29T15:52:16.842Z,http_post,https://api.divar.ir/v8/postlist/w/search,200,ok,195
1601,measure,succeeded,2026-09-29T15:52:17.828Z,2026-09-29T15:52:20.124Z,"{""rows"": 18}",2026-09-29T15:52:20.060Z,http_post,https://api.divar.ir/v8/postlist/w/search,200,ok,46
1602,measure,succeeded,2026-09-29T15:52:20.146Z,2026-09-29T15:52:23.210Z,"{""rows"": 24}",2026-09-29T15:52:23.144Z,http_post,https://api.divar.ir/v8/postlist/w/search,200,ok,41
1603,measure,succeeded,2026-09-29T15:52:23.230Z,2026-09-29T15:52:26.258Z,"{""rows"": 24}",2026-09-29T15:52:26.210Z,http_post,https://api.divar.ir/v8/postlist/w/search,200,ok,38
1604,measure,succeeded,2026-09-29T15:52:26.275Z,2026-09-29T15:52:29.326Z,"{""rows"": 24}",2026-09-29T15:52:29.262Z,http_post,https://api.divar.ir/v8/postlist/w/search,200,ok,55
1605,measure,succeeded,2026-09-29T15:52:29.334Z,2026-09-29T15:52:32.412Z,"{""rows"": 19}",2026-09-29T15:52:32.331Z,http_post,https://api.divar.ir/v8/postlist/w/search,200,ok,75
1606,measure,succeeded,2026-09-29T15:52:32.421Z,2026-09-29T15:52:35.482Z,"{""rows"": 24}",2026-09-29T15:52:35.417Z,http_post,https://api.divar.ir/v8/postlist/w/search,200,ok,58
1607,measure,succeeded,2026-09-29T15:52:35.501Z,2026-09-29T15:52:38.529Z,"{""rows"": 24}",2026-09-29T15:52:38.487Z,http_post,https://api.divar.ir/v8/postlist/w/search,200,ok,34
1608,measure,succeeded,2026-09-29T15:52:38.539Z,2026-09-29T15:52:41.584Z,"{""rows"": 24}",2026-09-29T15:52:41.533Z,http_post,https://api.divar.ir/v8/postlist/w/search,200,ok,39
1609,measure,succeeded,2026-09-29T15:52:41.592Z,2026-09-29T15:52:44.633Z,"{""rows"": 8}",2026-09-29T15:52:44.585Z,http_post,https://api.divar.ir/v8/postlist/w/search,200,ok,40
1610,measure,succeeded,2026-09-29T15:52:44.643Z,2026-09-29T15:52:47.697Z,"{""rows"": 19}",2026-09-29T15:52:47.638Z,http_post,https://api.divar.ir/v8/postlist/w/search,200,ok,53
1611,measure,succeeded,2026-09-29T15:52:47.706Z,2026-09-29T15:52:50.801Z,"{""rows"": 24}",2026-09-29T15:52:50.703Z,http_post,https://api.divar.ir/v8/postlist/w/search,200,ok,91
1612,measure,succeeded,2026-09-29T15:52:50.813Z,2026-09-29T15:52:53.854Z,"{""rows"": 24}",2026-09-29T15:52:53.805Z,http_post,https://api.divar.ir/v8/postlist/w/search,200,ok,40
1613,measure,succeeded,2026-09-29T15:52:53.865Z,2026-09-29T15:52:56.918Z,"{""rows"": 24}",2026-09-29T15:52:56.859Z,http_post,https://api.divar.ir/v8/postlist/w/search,200,ok,49
1614,measure,succeeded,2026-09-29T15:52:56.942Z,2026-09-29T15:53:00.034Z,"{""rows"": 24}",2026-09-29T15:52:59.922Z,http_post,https://api.divar.ir/v8/postlist/w/search,200,ok,101
1615,measure,succeeded,2026-09-29T15:53:00.044Z,2026-09-29T15:53:03.139Z,"{""rows"": 24}",2026-09-29T15:53:03.040Z,http_post,https://api.divar.ir/v8/postlist/w/search,200,ok,73
1616,measure,succeeded,2026-09-29T15:53:03.163Z,2026-09-29T15:53:06.212Z,"{""rows"": 21}",2026-09-29T15:53:06.136Z,http_post,https://api.divar.ir/v8/postlist/w/search,200,ok,59
1617,measure,succeeded,2026-09-29T15:53:06.235Z,2026-09-29T15:53:09.290Z,"{""rows"": 24}",2026-09-29T15:53:09.217Z,http_post,https://api.divar.ir/v8/postlist/w/search,200,ok,55
1618,measure,succeeded,2026-09-29T15:53:09.314Z,2026-09-29T15:53:12.347Z,"{""rows"": 24}",2026-09-29T15:53:12.290Z,http_post,https://api.divar.ir/v8/postlist/w/search,200,ok,47
1619,measure,succeeded,2026-09-29T15:53:12.362Z,2026-09-29T15:53:15.436Z,"{""rows"": 19}",2026-09-29T15:53:15.354Z,http_post,https://api.divar.ir/v8/postlist/w/search,200,ok,68
1620,measure,succeeded,2026-09-29T15:53:15.461Z,2026-09-29T15:53:18.489Z,"{""rows"": 2}",2026-09-29T15:53:18.437Z,http_post,https://api.divar.ir/v8/postlist/w/search,200,ok,45
1621,measure,succeeded,2026-09-29T15:54:17.528Z,2026-09-29T15:54:17.726Z,"{""rows"": 17}",2026-09-29T15:54:17.534Z,http_post,https://api.divar.ir/v8/postlist/w/search,200,ok,177
1622,measure,succeeded,2026-09-29T15:54:18.530Z,2026-09-29T15:54:20.827Z,"{""rows"": 24}",2026-09-29T15:54:20.740Z,http_post,https://api.divar.ir/v8/postlist/w/search,200,ok,75
1623,measure,succeeded,2026-09-29T15:54:20.848Z,2026-09-29T15:54:23.899Z,"{""rows"": 24}",2026-09-29T15:54:23.834Z,http_post,https://api.divar.ir/v8/postlist/w/search,200,ok,56
1624,measure,succeeded,2026-09-29T15:54:23.907Z,2026-09-29T15:54:26.963Z,"{""rows"": 24}",2026-09-29T15:54:26.903Z,http_post,https://api.divar.ir/v8/postlist/w/search,200,ok,52
1625,measure,succeeded,2026-09-29T15:54:26.973Z,2026-09-29T15:54:30.025Z,"{""rows"": 24}",2026-09-29T15:54:29.968Z,http_post,https://api.divar.ir/v8/postlist/w/search,200,ok,52
1626,measure,succeeded,2026-09-29T15:54:30.035Z,2026-09-29T15:54:33.072Z,"{""rows"": 24}",2026-09-29T15:54:33.030Z,http_post,https://api.divar.ir/v8/postlist/w/search,200,ok,35
1627,measure,succeeded,2026-09-29T15:54:33.081Z,2026-09-29T15:54:36.140Z,"{""rows"": 24}",2026-09-29T15:54:36.076Z,http_post,https://api.divar.ir/v8/postlist/w/search,200,ok,55
1628,measure,succeeded,2026-09-29T15:54:36.147Z,2026-09-29T15:54:39.196Z,"{""rows"": 24}",2026-09-29T15:54:39.143Z,http_post,https://api.divar.ir/v8/postlist/w/search,200,ok,46
1629,measure,succeeded,2026-09-29T15:54:39.207Z,2026-09-29T15:54:42.270Z,"{""rows"": 24}",2026-09-29T15:54:42.203Z,http_post,https://api.divar.ir/v8/postlist/w/search,200,ok,55
1630,measure,succeeded,2026-09-29T15:54:42.290Z,2026-09-29T15:54:45.330Z,"{""rows"": 24}",2026-09-29T15:54:45.274Z,http_post,https://api.divar.ir/v8/postlist/w/search,200,ok,46
1631,measure,succeeded,2026-09-29T15:54:45.341Z,2026-09-29T15:54:48.404Z,"{""rows"": 24}",2026-09-29T15:54:48.336Z,http_post,https://api.divar.ir/v8/postlist/w/search,200,ok,51
1632,measure,succeeded,2026-09-29T15:54:48.427Z,2026-09-29T15:54:51.466Z,"{""rows"": 24}",2026-09-29T15:54:51.404Z,http_post,https://api.divar.ir/v8/postlist/w/search,200,ok,55
1633,measure,succeeded,2026-09-29T15:54:51.477Z,2026-09-29T15:54:54.533Z,"{""rows"": 24}",2026-09-29T15:54:54.470Z,http_post,https://api.divar.ir/v8/postlist/w/search,200,ok,52
1634,measure,succeeded,2026-09-29T15:54:54.544Z,2026-09-29T15:54:57.586Z,"{""rows"": 24}",2026-09-29T15:54:57.533Z,http_post,https://api.divar.ir/v8/postlist/w/search,200,ok,45
1635,measure,succeeded,2026-09-29T15:54:57.596Z,2026-09-29T15:55:00.642Z,"{""rows"": 24}",2026-09-29T15:55:00.592Z,http_post,https://api.divar.ir/v8/postlist/w/search,200,ok,42
1636,measure,succeeded,2026-09-29T15:55:00.657Z,2026-09-29T15:55:03.772Z,"{""rows"": 24}",2026-09-29T15:55:03.648Z,http_post,https://api.divar.ir/v8/postlist/w/search,200,ok,112
1637,measure,succeeded,2026-09-29T15:55:03.790Z,2026-09-29T15:55:06.835Z,"{""rows"": 24}",2026-09-29T15:55:06.774Z,http_post,https://api.divar.ir/v8/postlist/w/search,200,ok,47
1638,measure,succeeded,2026-09-29T15:55:06.858Z,2026-09-29T15:55:09.914Z,"{""rows"": 24}",2026-09-29T15:55:09.840Z,http_post,https://api.divar.ir/v8/postlist/w/search,200,ok,58
1639,measure,succeeded,2026-09-29T15:55:09.939Z,2026-09-29T15:55:12.971Z,"{""rows"": 24}",2026-09-29T15:55:12.915Z,http_post,https://api.divar.ir/v8/postlist/w/search,200,ok,44
1640,measure,succeeded,2026-09-29T15:55:12.989Z,2026-09-29T15:55:16.034Z,"{""rows"": 24}",2026-09-29T15:55:15.975Z,http_post,https://api.divar.ir/v8/postlist/w/search,200,ok,47
1641,measure,succeeded,2026-09-29T15:55:16.055Z,2026-09-29T15:55:19.105Z,"{""rows"": 9}",2026-09-29T15:55:19.036Z,http_post,https://api.divar.ir/v8/postlist/w/search,200,ok,62
1642,measure,succeeded,2026-09-29T15:56:17.134Z,2026-09-29T15:56:17.321Z,"{""rows"": 5}",2026-09-29T15:56:17.143Z,http_post,https://api.divar.ir/v8/postlist/w/search,200,ok,167
1643,measure,succeeded,2026-09-29T15:56:18.132Z,2026-09-29T15:56:20.412Z,"{""rows"": 24}",2026-09-29T15:56:20.321Z,http_post,https://api.divar.ir/v8/postlist/w/search,200,ok,85
1644,measure,succeeded,2026-09-29T15:56:20.421Z,2026-09-29T15:56:23.480Z,"{""rows"": 24}",2026-09-29T15:56:23.417Z,http_post,https://api.divar.ir/v8/postlist/w/search,200,ok,57
1645,measure,succeeded,2026-09-29T15:56:23.490Z,2026-09-29T15:56:26.542Z,"{""rows"": 24}",2026-09-29T15:56:26.487Z,http_post,https://api.divar.ir/v8/postlist/w/search,200,ok,49
1646,measure,succeeded,2026-09-29T15:56:26.549Z,2026-09-29T15:56:29.602Z,"{""rows"": 4}",2026-09-29T15:56:29.547Z,http_post,https://api.divar.ir/v8/postlist/w/search,200,ok,46
1647,measure,succeeded,2026-09-29T15:56:29.620Z,2026-09-29T15:56:32.750Z,"{""rows"": 24}",2026-09-29T15:56:32.606Z,http_post,https://api.divar.ir/v8/postlist/w/search,200,ok,135
1648,measure,succeeded,2026-09-29T15:56:32.758Z,2026-09-29T15:56:35.826Z,"{""rows"": 24}",2026-09-29T15:56:35.754Z,http_post,https://api.divar.ir/v8/postlist/w/search,200,ok,58
1649,measure,succeeded,2026-09-29T15:56:35.841Z,2026-09-29T15:56:38.919Z,"{""rows"": 24}",2026-09-29T15:56:38.832Z,http_post,https://api.divar.ir/v8/postlist/w/search,200,ok,67
1650,measure,succeeded,2026-09-29T15:56:38.950Z,2026-09-29T15:56:42.024Z,"{""rows"": 24}",2026-09-29T15:56:41.922Z,http_post,https://api.divar.ir/v8/postlist/w/search,200,ok,85
1651,measure,succeeded,2026-09-29T15:56:42.058Z,2026-09-29T15:56:45.083Z,"{""rows"": 24}",2026-09-29T15:56:45.027Z,http_post,https://api.divar.ir/v8/postlist/w/search,200,ok,43
1652,measure,succeeded,2026-09-29T15:56:45.116Z,2026-09-29T15:56:48.152Z,"{""rows"": 24}",2026-09-29T15:56:48.089Z,http_post,https://api.divar.ir/v8/postlist/w/search,200,ok,43
1653,measure,succeeded,2026-09-29T15:56:48.176Z,2026-09-29T15:56:51.227Z,"{""rows"": 24}",2026-09-29T15:56:51.159Z,http_post,https://api.divar.ir/v8/postlist/w/search,200,ok,51
1654,measure,succeeded,2026-09-29T15:56:51.262Z,2026-09-29T15:56:54.433Z,"{""rows"": 24}",2026-09-29T15:56:54.236Z,http_post,https://api.divar.ir/v8/postlist/w/search,200,ok,172
1655,measure,succeeded,2026-09-29T15:56:54.447Z,2026-09-29T15:56:57.490Z,"{""rows"": 24}",2026-09-29T15:56:57.435Z,http_post,https://api.divar.ir/v8/postlist/w/search,200,ok,41
1656,measure,succeeded,2026-09-29T15:56:57.514Z,2026-09-29T15:57:00.581Z,"{""rows"": 24}",2026-09-29T15:57:00.498Z,http_post,https://api.divar.ir/v8/postlist/w/search,200,ok,67
1657,measure,succeeded,2026-09-29T15:57:00.602Z,2026-09-29T15:57:03.662Z,"{""rows"": 24}",2026-09-29T15:57:03.586Z,http_post,https://api.divar.ir/v8/postlist/w/search,200,ok,64
1658,measure,succeeded,2026-09-29T15:57:03.689Z,2026-09-29T15:57:06.750Z,"{""rows"": 24}",2026-09-29T15:57:06.666Z,http_post,https://api.divar.ir/v8/postlist/w/search,200,ok,71
1659,measure,succeeded,2026-09-29T15:57:06.782Z,2026-09-29T15:57:09.906Z,"{""rows"": 0}",2026-09-29T15:57:09.756Z,http_post,https://api.divar.ir/v8/postlist/w/search,200,ok,141
1660,measure,succeeded,2026-09-29T15:57:09.926Z,2026-09-29T15:57:12.984Z,"{""rows"": 24}",2026-09-29T15:57:12.911Z,http_post,https://api.divar.ir/v8/postlist/w/search,200,ok,54
1661,measure,succeeded,2026-09-29T15:57:13.011Z,2026-09-29T15:57:16.247Z,"{""rows"": 24}",2026-09-29T15:57:15.994Z,http_post,https://api.divar.ir/v8/postlist/w/search,200,ok,233
1662,measure,succeeded,2026-09-29T15:57:16.278Z,2026-09-29T15:57:19.306Z,"{""rows"": 16}",2026-09-29T15:57:19.243Z,http_post,https://api.divar.ir/v8/postlist/w/search,200,ok,55
1663,measure,succeeded,2026-09-29T15:58:17.340Z,2026-09-29T15:58:17.514Z,"{""rows"": 24}",2026-09-29T15:58:17.344Z,http_post,https://api.divar.ir/v8/postlist/w/search,200,ok,164
1664,measure,succeeded,2026-09-29T15:58:18.339Z,2026-09-29T15:58:20.568Z,"{""rows"": 24}",2026-09-29T15:58:20.519Z,http_post,https://api.divar.ir/v8/postlist/w/search,200,ok,42
1665,measure,succeeded,2026-09-29T15:58:20.578Z,2026-09-29T15:58:23.668Z,"{""rows"": 24}",2026-09-29T15:58:23.575Z,http_post,https://api.divar.ir/v8/postlist/w/search,200,ok,78
1666,measure,succeeded,2026-09-29T15:58:23.690Z,2026-09-29T15:58:26.721Z,"{""rows"": 24}",2026-09-29T15:58:26.670Z,http_post,https://api.divar.ir/v8/postlist/w/search,200,ok,44
1667,measure,succeeded,2026-09-29T15:58:26.731Z,2026-09-29T15:58:29.800Z,"{""rows"": 24}",2026-09-29T15:58:29.725Z,http_post,https://api.divar.ir/v8/postlist/w/search,200,ok,69
1668,measure,succeeded,2026-09-29T15:58:29.810Z,2026-09-29T15:58:32.874Z,"{""rows"": 24}",2026-09-29T15:58:32.805Z,http_post,https://api.divar.ir/v8/postlist/w/search,200,ok,64
1669,measure,succeeded,2026-09-29T15:58:32.882Z,2026-09-29T15:58:35.933Z,"{""rows"": 24}",2026-09-29T15:58:35.879Z,http_post,https://api.divar.ir/v8/postlist/w/search,200,ok,44
1670,measure,succeeded,2026-09-29T15:58:35.950Z,2026-09-29T15:58:39.001Z,"{""rows"": 24}",2026-09-29T15:58:38.939Z,http_post,https://api.divar.ir/v8/postlist/w/search,200,ok,48
1671,measure,succeeded,2026-09-29T15:58:39.026Z,2026-09-29T15:58:42.098Z,"{""rows"": 24}",2026-09-29T15:58:42.002Z,http_post,https://api.divar.ir/v8/postlist/w/search,200,ok,87
1672,measure,succeeded,2026-09-29T15:58:42.114Z,2026-09-29T15:58:45.168Z,"{""rows"": 24}",2026-09-29T15:58:45.104Z,http_post,https://api.divar.ir/v8/postlist/w/search,200,ok,51
1673,measure,succeeded,2026-09-29T15:58:45.193Z,2026-09-29T15:58:48.245Z,"{""rows"": 24}",2026-09-29T15:58:48.172Z,http_post,https://api.divar.ir/v8/postlist/w/search,200,ok,66
1674,measure,succeeded,2026-09-29T15:58:48.257Z,2026-09-29T15:58:51.318Z,"{""rows"": 24}",2026-09-29T15:58:51.251Z,http_post,https://api.divar.ir/v8/postlist/w/search,200,ok,50
1675,measure,succeeded,2026-09-29T15:58:51.334Z,2026-09-29T15:58:54.369Z,"{""rows"": 3}",2026-09-29T15:58:54.320Z,http_post,https://api.divar.ir/v8/postlist/w/search,200,ok,35
1676,measure,succeeded,2026-09-29T15:58:54.395Z,2026-09-29T15:58:57.470Z,"{""rows"": 24}",2026-09-29T15:58:57.370Z,http_post,https://api.divar.ir/v8/postlist/w/search,200,ok,84
1677,measure,succeeded,2026-09-29T15:58:57.496Z,2026-09-29T15:59:00.549Z,"{""rows"": 24}",2026-09-29T15:59:00.471Z,http_post,https://api.divar.ir/v8/postlist/w/search,200,ok,65
1678,measure,succeeded,2026-09-29T15:59:00.571Z,2026-09-29T15:59:03.637Z,"{""rows"": 24}",2026-09-29T15:59:03.552Z,http_post,https://api.divar.ir/v8/postlist/w/search,200,ok,66
1679,measure,succeeded,2026-09-29T15:59:03.661Z,2026-09-29T15:59:06.776Z,"{""rows"": 24}",2026-09-29T15:59:06.637Z,http_post,https://api.divar.ir/v8/postlist/w/search,200,ok,122
1680,measure,succeeded,2026-09-29T15:59:06.804Z,2026-09-29T15:59:09.841Z,"{""rows"": 24}",2026-09-29T15:59:09.779Z,http_post,https://api.divar.ir/v8/postlist/w/search,200,ok,46
1681,measure,succeeded,2026-09-29T15:59:09.866Z,2026-09-29T15:59:12.916Z,"{""rows"": 24}",2026-09-29T15:59:12.842Z,http_post,https://api.divar.ir/v8/postlist/w/search,200,ok,64
1682,measure,succeeded,2026-09-29T15:59:12.935Z,2026-09-29T15:59:15.994Z,"{""rows"": 24}",2026-09-29T15:59:15.921Z,http_post,https://api.divar.ir/v8/postlist/w/search,200,ok,59
1683,measure,succeeded,2026-09-29T15:59:16.019Z,2026-09-29T15:59:19.042Z,"{""rows"": 9}",2026-09-29T15:59:18.997Z,http_post,https://api.divar.ir/v8/postlist/w/search,200,ok,39
1684,measure,succeeded,2026-09-29T16:00:17.085Z,2026-09-29T16:00:17.254Z,"{""rows"": 24}",2026-09-29T16:00:17.089Z,http_post,https://api.divar.ir/v8/postlist/w/search,200,ok,161
1685,measure,succeeded,2026-09-29T16:00:18.086Z,2026-09-29T16:00:20.306Z,"{""rows"": 24}",2026-09-29T16:00:20.259Z,http_post,https://api.divar.ir/v8/postlist/w/search,200,ok,40
1686,measure,succeeded,2026-09-29T16:00:20.315Z,2026-09-29T16:00:23.361Z,"{""rows"": 24}",2026-09-29T16:00:23.310Z,http_post,https://api.divar.ir/v8/postlist/w/search,200,ok,44
1687,measure,succeeded,2026-09-29T16:00:23.371Z,2026-09-29T16:00:26.428Z,"{""rows"": 24}",2026-09-29T16:00:26.365Z,http_post,https://api.divar.ir/v8/postlist/w/search,200,ok,57
1688,measure,succeeded,2026-09-29T16:00:26.439Z,2026-09-29T16:00:29.493Z,"{""rows"": 24}",2026-09-29T16:00:29.434Z,http_post,https://api.divar.ir/v8/postlist/w/search,200,ok,53
1689,measure,succeeded,2026-09-29T16:00:30.504Z,2026-09-29T16:00:32.551Z,"{""rows"": 24}",2026-09-29T16:00:32.499Z,http_post,https://api.divar.ir/v8/postlist/w/search,200,ok,45
1690,measure,succeeded,2026-09-29T16:00:32.561Z,2026-09-29T16:00:35.734Z,"{""rows"": 1}",2026-09-29T16:00:35.555Z,http_post,https://api.divar.ir/v8/postlist/w/search,200,ok,172
1691,measure,succeeded,2026-09-29T16:00:35.743Z,2026-09-29T16:00:38.789Z,"{""rows"": 24}",2026-09-29T16:00:38.737Z,http_post,https://api.divar.ir/v8/postlist/w/search,200,ok,45
1692,measure,succeeded,2026-09-29T16:00:38.799Z,2026-09-29T16:00:41.851Z,"{""rows"": 24}",2026-09-29T16:00:41.794Z,http_post,https://api.divar.ir/v8/postlist/w/search,200,ok,49
1693,measure,succeeded,2026-09-29T16:00:41.861Z,2026-09-29T16:00:44.933Z,"{""rows"": 24}",2026-09-29T16:00:44.855Z,http_post,https://api.divar.ir/v8/postlist/w/search,200,ok,70
1694,measure,succeeded,2026-09-29T16:00:44.944Z,2026-09-29T16:00:48.008Z,"{""rows"": 24}",2026-09-29T16:00:47.938Z,http_post,https://api.divar.ir/v8/postlist/w/search,200,ok,53
1695,measure,succeeded,2026-09-29T16:00:48.037Z,2026-09-29T16:00:51.081Z,"{""rows"": 24}",2026-09-29T16:00:51.008Z,http_post,https://api.divar.ir/v8/postlist/w/search,200,ok,54
1696,measure,succeeded,2026-09-29T16:00:51.108Z,2026-09-29T16:00:54.197Z,"{""rows"": 24}",2026-09-29T16:00:54.079Z,http_post,https://api.divar.ir/v8/postlist/w/search,200,ok,107
1697,measure,succeeded,2026-09-29T16:00:54.217Z,2026-09-29T16:00:57.261Z,"{""rows"": 24}",2026-09-29T16:00:57.202Z,http_post,https://api.divar.ir/v8/postlist/w/search,200,ok,51
1698,measure,succeeded,2026-09-29T16:00:57.275Z,2026-09-29T16:01:00.331Z,"{""rows"": 24}",2026-09-29T16:01:00.266Z,http_post,https://api.divar.ir/v8/postlist/w/search,200,ok,56
1699,measure,succeeded,2026-09-29T16:01:00.350Z,2026-09-29T16:01:03.403Z,"{""rows"": 24}",2026-09-29T16:01:03.336Z,http_post,https://api.divar.ir/v8/postlist/w/search,200,ok,56
1700,measure,succeeded,2026-09-29T16:01:03.417Z,2026-09-29T16:01:06.464Z,"{""rows"": 24}",2026-09-29T16:01:06.407Z,http_post,https://api.divar.ir/v8/postlist/w/search,200,ok,46
1701,measure,succeeded,2026-09-29T16:01:06.491Z,2026-09-29T16:01:09.532Z,"{""rows"": 24}",2026-09-29T16:01:09.468Z,http_post,https://api.divar.ir/v8/postlist/w/search,200,ok,54
1702,measure,succeeded,2026-09-29T16:01:09.545Z,2026-09-29T16:01:12.595Z,"{""rows"": 24}",2026-09-29T16:01:12.536Z,http_post,https://api.divar.ir/v8/postlist/w/search,200,ok,50
1703,measure,succeeded,2026-09-29T16:01:12.606Z,2026-09-29T16:01:15.662Z,"{""rows"": 15}",2026-09-29T16:01:15.601Z,http_post,https://api.divar.ir/v8/postlist/w/search,200,ok,54
1704,measure,succeeded,2026-09-29T16:01:15.678Z,2026-09-29T16:01:18.744Z,"{""rows"": 24}",2026-09-29T16:01:18.670Z,http_post,https://api.divar.ir/v8/postlist/w/search,200,ok,58
1705,measure,succeeded,2026-09-29T16:02:16.801Z,2026-09-29T16:02:16.927Z,"{""rows"": 24}",2026-09-29T16:02:16.812Z,http_post,https://api.divar.ir/v8/postlist/w/search,200,ok,97
1706,measure,succeeded,2026-09-29T16:02:17.801Z,2026-09-29T16:02:19.972Z,"{""rows"": 24}",2026-09-29T16:02:19.927Z,http_post,https://api.divar.ir/v8/postlist/w/search,200,ok,37
1707,measure,succeeded,2026-09-29T16:02:19.982Z,2026-09-29T16:02:23.038Z,"{""rows"": 24}",2026-09-29T16:02:22.979Z,http_post,https://api.divar.ir/v8/postlist/w/search,200,ok,46
1708,measure,succeeded,2026-09-29T16:02:23.051Z,2026-09-29T16:02:26.117Z,"{""rows"": 12}",2026-09-29T16:02:26.038Z,http_post,https://api.divar.ir/v8/postlist/w/search,200,ok,73
1709,measure,succeeded,2026-09-29T16:02:26.128Z,2026-09-29T16:02:29.185Z,"{""rows"": 24}",2026-09-29T16:02:29.124Z,http_post,https://api.divar.ir/v8/postlist/w/search,200,ok,45
1710,measure,succeeded,2026-09-29T16:02:29.213Z,2026-09-29T16:02:32.239Z,"{""rows"": 24}",2026-09-29T16:02:32.185Z,http_post,https://api.divar.ir/v8/postlist/w/search,200,ok,46
1711,measure,succeeded,2026-09-29T16:02:32.248Z,2026-09-29T16:02:35.296Z,"{""rows"": 24}",2026-09-29T16:02:35.244Z,http_post,https://api.divar.ir/v8/postlist/w/search,200,ok,43
1712,measure,succeeded,2026-09-29T16:02:35.314Z,2026-09-29T16:02:38.360Z,"{""rows"": 24}",2026-09-29T16:02:38.302Z,http_post,https://api.divar.ir/v8/postlist/w/search,200,ok,46
1713,measure,succeeded,2026-09-29T16:02:38.377Z,2026-09-29T16:02:41.429Z,"{""rows"": 24}",2026-09-29T16:02:41.365Z,http_post,https://api.divar.ir/v8/postlist/w/search,200,ok,55
1714,measure,succeeded,2026-09-29T16:02:41.440Z,2026-09-29T16:02:44.493Z,"{""rows"": 7}",2026-09-29T16:02:44.435Z,http_post,https://api.divar.ir/v8/postlist/w/search,200,ok,51
1715,measure,succeeded,2026-09-29T16:02:44.509Z,2026-09-29T16:02:47.584Z,"{""rows"": 24}",2026-09-29T16:02:47.498Z,http_post,https://api.divar.ir/v8/postlist/w/search,200,ok,77
1716,measure,succeeded,2026-09-29T16:02:47.595Z,2026-09-29T16:02:50.680Z,"{""rows"": 20}",2026-09-29T16:02:50.588Z,http_post,https://api.divar.ir/v8/postlist/w/search,200,ok,77
1717,measure,succeeded,2026-09-29T16:02:50.706Z,2026-09-29T16:02:53.738Z,"{""rows"": 24}",2026-09-29T16:02:53.687Z,http_post,https://api.divar.ir/v8/postlist/w/search,200,ok,45
1718,measure,succeeded,2026-09-29T16:02:53.745Z,2026-09-29T16:02:56.796Z,"{""rows"": 24}",2026-09-29T16:02:56.743Z,http_post,https://api.divar.ir/v8/postlist/w/search,200,ok,46
1719,measure,succeeded,2026-09-29T16:02:56.811Z,2026-09-29T16:02:59.866Z,"{""rows"": 24}",2026-09-29T16:02:59.801Z,http_post,https://api.divar.ir/v8/postlist/w/search,200,ok,59
1720,measure,succeeded,2026-09-29T16:02:59.876Z,2026-09-29T16:03:02.953Z,"{""rows"": 24}",2026-09-29T16:03:02.872Z,http_post,https://api.divar.ir/v8/postlist/w/search,200,ok,70
1721,measure,succeeded,2026-09-29T16:03:02.972Z,2026-09-29T16:03:06.048Z,"{""rows"": 24}",2026-09-29T16:03:05.956Z,http_post,https://api.divar.ir/v8/postlist/w/search,200,ok,84
1722,measure,succeeded,2026-09-29T16:03:06.070Z,2026-09-29T16:03:09.139Z,"{""rows"": 24}",2026-09-29T16:03:09.052Z,http_post,https://api.divar.ir/v8/postlist/w/search,200,ok,72
1723,measure,succeeded,2026-09-29T16:03:09.160Z,2026-09-29T16:03:12.191Z,"{""rows"": 24}",2026-09-29T16:03:12.141Z,http_post,https://api.divar.ir/v8/postlist/w/search,200,ok,43
1724,measure,succeeded,2026-09-29T16:03:12.199Z,2026-09-29T16:03:15.259Z,"{""rows"": 7}",2026-09-29T16:03:15.195Z,http_post,https://api.divar.ir/v8/postlist/w/search,200,ok,57
1725,measure,succeeded,2026-09-29T16:03:15.272Z,2026-09-29T16:03:18.326Z,"{""rows"": 17}",2026-09-29T16:03:18.264Z,http_post,https://api.divar.ir/v8/postlist/w/search,200,ok,49
1726,measure,succeeded,2026-09-29T16:04:17.360Z,2026-09-29T16:04:17.568Z,"{""rows"": 24}",2026-09-29T16:04:17.368Z,http_post,https://api.divar.ir/v8/postlist/w/search,200,ok,188
1727,measure,succeeded,2026-09-29T16:04:18.360Z,2026-09-29T16:04:20.646Z,"{""rows"": 24}",2026-09-29T16:04:20.571Z,http_post,https://api.divar.ir/v8/postlist/w/search,200,ok,67
1728,measure,succeeded,2026-09-29T16:04:20.655Z,2026-09-29T16:04:23.710Z,"{""rows"": 24}",2026-09-29T16:04:23.652Z,http_post,https://api.divar.ir/v8/postlist/w/search,200,ok,46
1729,measure,succeeded,2026-09-29T16:04:23.725Z,2026-09-29T16:04:26.759Z,"{""rows"": 24}",2026-09-29T16:04:26.713Z,http_post,https://api.divar.ir/v8/postlist/w/search,200,ok,40
1730,measure,succeeded,2026-09-29T16:04:26.770Z,2026-09-29T16:04:29.858Z,"{""rows"": 24}",2026-09-29T16:04:29.763Z,http_post,https://api.divar.ir/v8/postlist/w/search,200,ok,87
1731,measure,succeeded,2026-09-29T16:04:29.868Z,2026-09-29T16:04:32.926Z,"{""rows"": 24}",2026-09-29T16:04:32.862Z,http_post,https://api.divar.ir/v8/postlist/w/search,200,ok,58
1732,measure,succeeded,2026-09-29T16:04:32.937Z,2026-09-29T16:04:35.976Z,"{""rows"": 24}",2026-09-29T16:04:35.932Z,http_post,https://api.divar.ir/v8/postlist/w/search,200,ok,35
1733,measure,succeeded,2026-09-29T16:04:35.988Z,2026-09-29T16:04:39.043Z,"{""rows"": 24}",2026-09-29T16:04:38.980Z,http_post,https://api.divar.ir/v8/postlist/w/search,200,ok,53
1734,measure,succeeded,2026-09-29T16:04:39.062Z,2026-09-29T16:04:42.099Z,"{""rows"": 24}",2026-09-29T16:04:42.046Z,http_post,https://api.divar.ir/v8/postlist/w/search,200,ok,46
1735,measure,succeeded,2026-09-29T16:04:42.109Z,2026-09-29T16:04:45.170Z,"{""rows"": 14}",2026-09-29T16:04:45.103Z,http_post,https://api.divar.ir/v8/postlist/w/search,200,ok,59
1736,measure,succeeded,2026-09-29T16:04:45.179Z,2026-09-29T16:04:48.294Z,"{""rows"": 24}",2026-09-29T16:04:48.177Z,http_post,https://api.divar.ir/v8/postlist/w/search,200,ok,95
1737,measure,succeeded,2026-09-29T16:04:48.319Z,2026-09-29T16:04:51.358Z,"{""rows"": 24}",2026-09-29T16:04:51.287Z,http_post,https://api.divar.ir/v8/postlist/w/search,200,ok,60
1738,measure,succeeded,2026-09-29T16:04:51.369Z,2026-09-29T16:04:54.461Z,"{""rows"": 24}",2026-09-29T16:04:54.362Z,http_post,https://api.divar.ir/v8/postlist/w/search,200,ok,87
1739,measure,succeeded,2026-09-29T16:04:54.480Z,2026-09-29T16:04:57.554Z,"{""rows"": 24}",2026-09-29T16:04:57.464Z,http_post,https://api.divar.ir/v8/postlist/w/search,200,ok,53
1740,measure,succeeded,2026-09-29T16:04:57.612Z,2026-09-29T16:05:00.589Z,"{""rows"": 24}",2026-09-29T16:05:00.535Z,http_post,https://api.divar.ir/v8/postlist/w/search,200,ok,44
1741,measure,succeeded,2026-09-29T16:05:00.598Z,2026-09-29T16:05:03.664Z,"{""rows"": 24}",2026-09-29T16:05:03.592Z,http_post,https://api.divar.ir/v8/postlist/w/search,200,ok,67
1742,measure,succeeded,2026-09-29T16:05:03.672Z,2026-09-29T16:05:06.727Z,"{""rows"": 24}",2026-09-29T16:05:06.669Z,http_post,https://api.divar.ir/v8/postlist/w/search,200,ok,50
1743,measure,succeeded,2026-09-29T16:05:06.739Z,2026-09-29T16:05:09.777Z,"{""rows"": 24}",2026-09-29T16:05:09.731Z,http_post,https://api.divar.ir/v8/postlist/w/search,200,ok,38
1744,measure,succeeded,2026-09-29T16:05:09.792Z,2026-09-29T16:05:12.834Z,"{""rows"": 8}",2026-09-29T16:05:12.784Z,http_post,https://api.divar.ir/v8/postlist/w/search,200,ok,35
1745,measure,succeeded,2026-09-29T16:05:12.849Z,2026-09-29T16:05:15.899Z,"{""rows"": 10}",2026-09-29T16:05:15.837Z,http_post,https://api.divar.ir/v8/postlist/w/search,200,ok,49
1746,measure,succeeded,2026-09-29T16:05:15.918Z,2026-09-29T16:05:18.984Z,"{""rows"": 24}",2026-09-29T16:05:18.900Z,http_post,https://api.divar.ir/v8/postlist/w/search,200,ok,76
1747,measure,succeeded,2026-09-29T16:06:17.038Z,2026-09-29T16:06:17.258Z,"{""rows"": 24}",2026-09-29T16:06:17.046Z,http_post,https://api.divar.ir/v8/postlist/w/search,200,ok,206
1748,measure,succeeded,2026-09-29T16:06:18.029Z,2026-09-29T16:06:20.324Z,"{""rows"": 24}",2026-09-29T16:06:20.261Z,http_post,https://api.divar.ir/v8/postlist/w/search,200,ok,55
1749,measure,succeeded,2026-09-29T16:06:20.346Z,2026-09-29T16:06:23.478Z,"{""rows"": 24}",2026-09-29T16:06:23.327Z,http_post,https://api.divar.ir/v8/postlist/w/search,200,ok,134
1750,measure,succeeded,2026-09-29T16:06:23.492Z,2026-09-29T16:06:26.564Z,"{""rows"": 24}",2026-09-29T16:06:26.478Z,http_post,https://api.divar.ir/v8/postlist/w/search,200,ok,75
1751,measure,succeeded,2026-09-29T16:06:26.582Z,2026-09-29T16:06:29.842Z,"{""rows"": 24}",2026-09-29T16:06:29.565Z,http_post,https://api.divar.ir/v8/postlist/w/search,200,ok,261
1752,measure,succeeded,2026-09-29T16:06:29.861Z,2026-09-29T16:06:33.146Z,"{""rows"": 24}",2026-09-29T16:06:32.842Z,http_post,https://api.divar.ir/v8/postlist/w/search,200,ok,296
1753,measure,succeeded,2026-09-29T16:06:33.154Z,2026-09-29T16:06:36.297Z,"{""rows"": 24}",2026-09-29T16:06:36.149Z,http_post,https://api.divar.ir/v8/postlist/w/search,200,ok,140
1754,measure,succeeded,2026-09-29T16:06:36.307Z,2026-09-29T16:06:39.475Z,"{""rows"": 24}",2026-09-29T16:06:39.300Z,http_post,https://api.divar.ir/v8/postlist/w/search,200,ok,166
1755,measure,succeeded,2026-09-29T16:06:39.487Z,2026-09-29T16:06:42.771Z,"{""rows"": 24}",2026-09-29T16:06:42.476Z,http_post,https://api.divar.ir/v8/postlist/w/search,200,ok,284
1756,measure,succeeded,2026-09-29T16:06:42.781Z,2026-09-29T16:06:46.055Z,"{""rows"": 24}",2026-09-29T16:06:45.774Z,http_post,https://api.divar.ir/v8/postlist/w/search,200,ok,272
1757,measure,succeeded,2026-09-29T16:06:46.065Z,2026-09-29T16:06:49.305Z,"{""rows"": 24}",2026-09-29T16:06:49.060Z,http_post,https://api.divar.ir/v8/postlist/w/search,200,ok,230
1758,measure,succeeded,2026-09-29T16:06:49.328Z,2026-09-29T16:06:52.389Z,"{""rows"": 24}",2026-09-29T16:06:52.306Z,http_post,https://api.divar.ir/v8/postlist/w/search,200,ok,70
1759,measure,succeeded,2026-09-29T16:06:52.411Z,2026-09-29T16:06:55.477Z,"{""rows"": 24}",2026-09-29T16:06:55.392Z,http_post,https://api.divar.ir/v8/postlist/w/search,200,ok,69
1760,measure,succeeded,2026-09-29T16:06:55.505Z,2026-09-29T16:06:58.609Z,"{""rows"": 24}",2026-09-29T16:06:58.479Z,http_post,https://api.divar.ir/v8/postlist/w/search,200,ok,118
1761,measure,succeeded,2026-09-29T16:06:58.620Z,2026-09-29T16:07:01.712Z,"{""rows"": 24}",2026-09-29T16:07:01.612Z,http_post,https://api.divar.ir/v8/postlist/w/search,200,ok,87
1762,measure,succeeded,2026-09-29T16:07:01.732Z,2026-09-29T16:07:04.763Z,"{""rows"": 24}",2026-09-29T16:07:04.715Z,http_post,https://api.divar.ir/v8/postlist/w/search,200,ok,39
1763,measure,succeeded,2026-09-29T16:07:04.774Z,2026-09-29T16:07:07.852Z,"{""rows"": 24}",2026-09-29T16:07:07.770Z,http_post,https://api.divar.ir/v8/postlist/w/search,200,ok,64
1764,measure,succeeded,2026-09-29T16:07:07.878Z,2026-09-29T16:07:10.906Z,"{""rows"": 5}",2026-09-29T16:07:10.854Z,http_post,https://api.divar.ir/v8/postlist/w/search,200,ok,39
1765,measure,succeeded,2026-09-29T16:07:10.929Z,2026-09-29T16:07:14.006Z,"{""rows"": 24}",2026-09-29T16:07:13.911Z,http_post,https://api.divar.ir/v8/postlist/w/search,200,ok,80
1766,measure,succeeded,2026-09-29T16:07:14.029Z,2026-09-29T16:07:17.068Z,"{""rows"": 24}",2026-09-29T16:07:17.007Z,http_post,https://api.divar.ir/v8/postlist/w/search,200,ok,48
1767,measure,succeeded,2026-09-29T16:08:17.135Z,2026-09-29T16:08:17.225Z,"{""rows"": 24}",2026-09-29T16:08:17.140Z,http_post,https://api.divar.ir/v8/postlist/w/search,200,ok,76
1768,measure,succeeded,2026-09-29T16:08:18.136Z,2026-09-29T16:08:20.299Z,"{""rows"": 24}",2026-09-29T16:08:20.229Z,http_post,https://api.divar.ir/v8/postlist/w/search,200,ok,61
1769,measure,succeeded,2026-09-29T16:08:20.311Z,2026-09-29T16:08:23.362Z,"{""rows"": 24}",2026-09-29T16:08:23.302Z,http_post,https://api.divar.ir/v8/postlist/w/search,200,ok,53
1770,measure,succeeded,2026-09-29T16:08:23.373Z,2026-09-29T16:08:26.422Z,"{""rows"": 24}",2026-09-29T16:08:26.370Z,http_post,https://api.divar.ir/v8/postlist/w/search,200,ok,42
1771,measure,succeeded,2026-09-29T16:08:26.435Z,2026-09-29T16:08:29.479Z,"{""rows"": 24}",2026-09-29T16:08:29.427Z,http_post,https://api.divar.ir/v8/postlist/w/search,200,ok,44
1772,measure,succeeded,2026-09-29T16:08:29.493Z,2026-09-29T16:08:32.552Z,"{""rows"": 24}",2026-09-29T16:08:32.484Z,http_post,https://api.divar.ir/v8/postlist/w/search,200,ok,56
1773,measure,succeeded,2026-09-29T16:08:32.570Z,2026-09-29T16:08:35.607Z,"{""rows"": 24}",2026-09-29T16:08:35.555Z,http_post,https://api.divar.ir/v8/postlist/w/search,200,ok,42
1774,measure,succeeded,2026-09-29T16:08:35.621Z,2026-09-29T16:08:38.667Z,"{""rows"": 24}",2026-09-29T16:08:38.612Z,http_post,https://api.divar.ir/v8/postlist/w/search,200,ok,45
1775,measure,succeeded,2026-09-29T16:08:38.681Z,2026-09-29T16:08:41.825Z,"{""rows"": 24}",2026-09-29T16:08:41.671Z,http_post,https://api.divar.ir/v8/postlist/w/search,200,ok,140
1776,measure,succeeded,2026-09-29T16:08:41.847Z,2026-09-29T16:08:44.891Z,"{""rows"": 7}",2026-09-29T16:08:44.828Z,http_post,https://api.divar.ir/v8/postlist/w/search,200,ok,53
1777,measure,succeeded,2026-09-29T16:08:44.901Z,2026-09-29T16:08:48.039Z,"{""rows"": 24}",2026-09-29T16:08:47.898Z,http_post,https://api.divar.ir/v8/postlist/w/search,200,ok,120
1778,measure,succeeded,2026-09-29T16:08:48.062Z,2026-09-29T16:08:51.142Z,"{""rows"": 24}",2026-09-29T16:08:51.040Z,http_post,https://api.divar.ir/v8/postlist/w/search,200,ok,87
1779,measure,succeeded,2026-09-29T16:08:51.163Z,2026-09-29T16:08:54.206Z,"{""rows"": 19}",2026-09-29T16:08:54.146Z,http_post,https://api.divar.ir/v8/postlist/w/search,200,ok,48
1780,measure,succeeded,2026-09-29T16:08:54.220Z,2026-09-29T16:08:57.286Z,"{""rows"": 24}",2026-09-29T16:08:57.211Z,http_post,https://api.divar.ir/v8/postlist/w/search,200,ok,60
1781,measure,succeeded,2026-09-29T16:08:57.301Z,2026-09-29T16:09:00.353Z,"{""rows"": 24}",2026-09-29T16:09:00.288Z,http_post,https://api.divar.ir/v8/postlist/w/search,200,ok,57
1782,measure,succeeded,2026-09-29T16:09:00.365Z,2026-09-29T16:09:03.400Z,"{""rows"": 24}",2026-09-29T16:09:03.357Z,http_post,https://api.divar.ir/v8/postlist/w/search,200,ok,34
1783,measure,succeeded,2026-09-29T16:09:03.415Z,2026-09-29T16:09:06.463Z,"{""rows"": 24}",2026-09-29T16:09:06.405Z,http_post,https://api.divar.ir/v8/postlist/w/search,200,ok,50
1784,measure,succeeded,2026-09-29T16:09:06.473Z,2026-09-29T16:09:09.517Z,"{""rows"": 24}",2026-09-29T16:09:09.468Z,http_post,https://api.divar.ir/v8/postlist/w/search,200,ok,39
1785,measure,succeeded,2026-09-29T16:09:09.529Z,2026-09-29T16:09:12.584Z,"{""rows"": 24}",2026-09-29T16:09:12.522Z,http_post,https://api.divar.ir/v8/postlist/w/search,200,ok,45
1786,measure,succeeded,2026-09-29T16:09:12.609Z,2026-09-29T16:09:15.655Z,"{""rows"": 24}",2026-09-29T16:09:15.587Z,http_post,https://api.divar.ir/v8/postlist/w/search,200,ok,59
1787,measure,succeeded,2026-09-29T16:09:15.666Z,2026-09-29T16:09:18.732Z,"{""rows"": 24}",2026-09-29T16:09:18.660Z,http_post,https://api.divar.ir/v8/postlist/w/search,200,ok,65
1788,measure,succeeded,2026-09-29T16:10:16.772Z,2026-09-29T16:10:16.999Z,"{""rows"": 24}",2026-09-29T16:10:16.780Z,http_post,https://api.divar.ir/v8/postlist/w/search,200,ok,207
1789,measure,succeeded,2026-09-29T16:10:17.773Z,2026-09-29T16:10:20.101Z,"{""rows"": 24}",2026-09-29T16:10:20.004Z,http_post,https://api.divar.ir/v8/postlist/w/search,200,ok,85
1790,measure,succeeded,2026-09-29T16:10:20.119Z,2026-09-29T16:10:23.179Z,"{""rows"": 24}",2026-09-29T16:10:23.107Z,http_post,https://api.divar.ir/v8/postlist/w/search,200,ok,62
1791,measure,succeeded,2026-09-29T16:10:23.191Z,2026-09-29T16:10:26.253Z,"{""rows"": 24}",2026-09-29T16:10:26.185Z,http_post,https://api.divar.ir/v8/postlist/w/search,200,ok,53
1792,measure,succeeded,2026-09-29T16:10:26.278Z,2026-09-29T16:10:29.313Z,"{""rows"": 24}",2026-09-29T16:10:29.256Z,http_post,https://api.divar.ir/v8/postlist/w/search,200,ok,47
1793,measure,succeeded,2026-09-29T16:10:29.325Z,2026-09-29T16:10:32.432Z,"{""rows"": 24}",2026-09-29T16:10:32.317Z,http_post,https://api.divar.ir/v8/postlist/w/search,200,ok,99
1794,measure,succeeded,2026-09-29T16:10:32.449Z,2026-09-29T16:10:35.505Z,"{""rows"": 23}",2026-09-29T16:10:35.432Z,http_post,https://api.divar.ir/v8/postlist/w/search,200,ok,65
1795,measure,succeeded,2026-09-29T16:10:35.516Z,2026-09-29T16:10:38.573Z,"{""rows"": 24}",2026-09-29T16:10:38.509Z,http_post,https://api.divar.ir/v8/postlist/w/search,200,ok,56
1796,measure,succeeded,2026-09-29T16:10:38.583Z,2026-09-29T16:10:41.663Z,"{""rows"": 24}",2026-09-29T16:10:41.580Z,http_post,https://api.divar.ir/v8/postlist/w/search,200,ok,75
1797,measure,succeeded,2026-09-29T16:10:41.670Z,2026-09-29T16:10:44.735Z,"{""rows"": 24}",2026-09-29T16:10:44.669Z,http_post,https://api.divar.ir/v8/postlist/w/search,200,ok,56
1798,measure,succeeded,2026-09-29T16:10:44.744Z,2026-09-29T16:10:47.803Z,"{""rows"": 24}",2026-09-29T16:10:47.739Z,http_post,https://api.divar.ir/v8/postlist/w/search,200,ok,57
1799,measure,succeeded,2026-09-29T16:10:47.814Z,2026-09-29T16:10:50.855Z,"{""rows"": 24}",2026-09-29T16:10:50.810Z,http_post,https://api.divar.ir/v8/postlist/w/search,200,ok,36
1800,measure,succeeded,2026-09-29T16:10:50.866Z,2026-09-29T16:10:53.908Z,"{""rows"": 20}",2026-09-29T16:10:53.859Z,http_post,https://api.divar.ir/v8/postlist/w/search,200,ok,40
1801,measure,succeeded,2026-09-29T16:10:53.922Z,2026-09-29T16:10:56.981Z,"{""rows"": 24}",2026-09-29T16:10:56.913Z,http_post,https://api.divar.ir/v8/postlist/w/search,200,ok,57
1802,measure,succeeded,2026-09-29T16:10:56.995Z,2026-09-29T16:11:00.040Z,"{""rows"": 24}",2026-09-29T16:10:59.985Z,http_post,https://api.divar.ir/v8/postlist/w/search,200,ok,46
1803,measure,succeeded,2026-09-29T16:11:00.054Z,2026-09-29T16:11:03.112Z,"{""rows"": 21}",2026-09-29T16:11:03.045Z,http_post,https://api.divar.ir/v8/postlist/w/search,200,ok,53
1804,measure,succeeded,2026-09-29T16:11:03.138Z,2026-09-29T16:11:06.167Z,"{""rows"": 24}",2026-09-29T16:11:06.115Z,http_post,https://api.divar.ir/v8/postlist/w/search,200,ok,44
1805,measure,succeeded,2026-09-29T16:11:06.182Z,2026-09-29T16:11:09.232Z,"{""rows"": 24}",2026-09-29T16:11:09.172Z,http_post,https://api.divar.ir/v8/postlist/w/search,200,ok,52
1806,measure,succeeded,2026-09-29T16:11:09.242Z,2026-09-29T16:11:12.286Z,"{""rows"": 24}",2026-09-29T16:11:12.236Z,http_post,https://api.divar.ir/v8/postlist/w/search,200,ok,40
1807,measure,succeeded,2026-09-29T16:11:12.299Z,2026-09-29T16:11:15.345Z,"{""rows"": 24}",2026-09-29T16:11:15.290Z,http_post,https://api.divar.ir/v8/postlist/w/search,200,ok,41
1808,measure,succeeded,2026-09-29T16:11:15.366Z,2026-09-29T16:11:18.403Z,"{""rows"": 24}",2026-09-29T16:11:18.345Z,http_post,https://api.divar.ir/v8/postlist/w/search,200,ok,51
1809,measure,succeeded,2026-09-29T16:12:17.465Z,2026-09-29T16:12:17.724Z,"{""rows"": 24}",2026-09-29T16:12:17.472Z,http_post,https://api.divar.ir/v8/postlist/w/search,200,ok,218
1810,measure,succeeded,2026-09-29T16:12:18.469Z,2026-09-29T16:12:20.761Z,"{""rows"": 24}",2026-09-29T16:12:20.704Z,http_post,https://api.divar.ir/v8/postlist/w/search,200,ok,49
1811,measure,succeeded,2026-09-29T16:12:20.780Z,2026-09-29T16:12:23.862Z,"{""rows"": 24}",2026-09-29T16:12:23.765Z,http_post,https://api.divar.ir/v8/postlist/w/search,200,ok,80
1812,measure,succeeded,2026-09-29T16:12:23.880Z,2026-09-29T16:12:26.939Z,"{""rows"": 24}",2026-09-29T16:12:26.865Z,http_post,https://api.divar.ir/v8/postlist/w/search,200,ok,60
1813,measure,succeeded,2026-09-29T16:12:26.959Z,2026-09-29T16:12:29.994Z,"{""rows"": 24}",2026-09-29T16:12:29.945Z,http_post,https://api.divar.ir/v8/postlist/w/search,200,ok,39
1814,measure,succeeded,2026-09-29T16:12:30.011Z,2026-09-29T16:12:33.066Z,"{""rows"": 24}",2026-09-29T16:12:32.998Z,http_post,https://api.divar.ir/v8/postlist/w/search,200,ok,57
1815,measure,succeeded,2026-09-29T16:12:33.079Z,2026-09-29T16:12:36.119Z,"{""rows"": 24}",2026-09-29T16:12:36.070Z,http_post,https://api.divar.ir/v8/postlist/w/search,200,ok,40
1816,measure,succeeded,2026-09-29T16:12:36.140Z,2026-09-29T16:12:39.212Z,"{""rows"": 24}",2026-09-29T16:12:39.125Z,http_post,https://api.divar.ir/v8/postlist/w/search,200,ok,68
1817,measure,succeeded,2026-09-29T16:12:39.235Z,2026-09-29T16:12:42.268Z,"{""rows"": 24}",2026-09-29T16:12:42.212Z,http_post,https://api.divar.ir/v8/postlist/w/search,200,ok,45
1818,measure,succeeded,2026-09-29T16:12:42.289Z,2026-09-29T16:12:45.357Z,"{""rows"": 24}",2026-09-29T16:12:45.270Z,http_post,https://api.divar.ir/v8/postlist/w/search,200,ok,80
1819,measure,succeeded,2026-09-29T16:12:45.364Z,2026-09-29T16:12:48.416Z,"{""rows"": 5}",2026-09-29T16:12:48.364Z,http_post,https://api.divar.ir/v8/postlist/w/search,200,ok,45
1820,measure,succeeded,2026-09-29T16:12:48.423Z,2026-09-29T16:12:51.482Z,"{""rows"": 24}",2026-09-29T16:12:51.422Z,http_post,https://api.divar.ir/v8/postlist/w/search,200,ok,48
1821,measure,succeeded,2026-09-29T16:12:51.502Z,2026-09-29T16:12:54.602Z,"{""rows"": 24}",2026-09-29T16:12:54.484Z,http_post,https://api.divar.ir/v8/postlist/w/search,200,ok,111
1822,measure,succeeded,2026-09-29T16:12:54.613Z,2026-09-29T16:12:57.662Z,"{""rows"": 24}",2026-09-29T16:12:57.610Z,http_post,https://api.divar.ir/v8/postlist/w/search,200,ok,40
1823,measure,succeeded,2026-09-29T16:12:57.674Z,2026-09-29T16:13:00.728Z,"{""rows"": 24}",2026-09-29T16:13:00.669Z,http_post,https://api.divar.ir/v8/postlist/w/search,200,ok,48
1824,measure,succeeded,2026-09-29T16:13:00.738Z,2026-09-29T16:13:03.806Z,"{""rows"": 24}",2026-09-29T16:13:03.732Z,http_post,https://api.divar.ir/v8/postlist/w/search,200,ok,57
1825,measure,succeeded,2026-09-29T16:13:03.828Z,2026-09-29T16:13:06.881Z,"{""rows"": 24}",2026-09-29T16:13:06.808Z,http_post,https://api.divar.ir/v8/postlist/w/search,200,ok,56
1826,measure,succeeded,2026-09-29T16:13:06.896Z,2026-09-29T16:13:09.947Z,"{""rows"": 24}",2026-09-29T16:13:09.882Z,http_post,https://api.divar.ir/v8/postlist/w/search,200,ok,60
1827,measure,succeeded,2026-09-29T16:13:09.956Z,2026-09-29T16:13:13.017Z,"{""rows"": 24}",2026-09-29T16:13:12.954Z,http_post,https://api.divar.ir/v8/postlist/w/search,200,ok,48
1828,measure,succeeded,2026-09-29T16:13:13.042Z,2026-09-29T16:13:16.063Z,"{""rows"": 24}",2026-09-29T16:13:16.018Z,http_post,https://api.divar.ir/v8/postlist/w/search,200,ok,38
1829,measure,succeeded,2026-09-29T16:13:16.071Z,2026-09-29T16:13:19.126Z,"{""rows"": 24}",2026-09-29T16:13:19.068Z,http_post,https://api.divar.ir/v8/postlist/w/search,200,ok,51
1830,measure,succeeded,2026-09-29T16:14:17.164Z,2026-09-29T16:14:17.353Z,"{""rows"": 24}",2026-09-29T16:14:17.168Z,http_post,https://api.divar.ir/v8/postlist/w/search,200,ok,176
1831,measure,succeeded,2026-09-29T16:14:18.162Z,2026-09-29T16:14:20.400Z,"{""rows"": 24}",2026-09-29T16:14:20.356Z,http_post,https://api.divar.ir/v8/postlist/w/search,200,ok,39
1832,measure,succeeded,2026-09-29T16:14:20.420Z,2026-09-29T16:14:23.451Z,"{""rows"": 24}",2026-09-29T16:14:23.406Z,http_post,https://api.divar.ir/v8/postlist/w/search,200,ok,37
1833,measure,succeeded,2026-09-29T16:14:23.464Z,2026-09-29T16:14:26.494Z,"{""rows"": 8}",2026-09-29T16:14:26.455Z,http_post,https://api.divar.ir/v8/postlist/w/search,200,ok,34
1834,measure,succeeded,2026-09-29T16:14:26.505Z,2026-09-29T16:14:29.561Z,"{""rows"": 24}",2026-09-29T16:14:29.499Z,http_post,https://api.divar.ir/v8/postlist/w/search,200,ok,45
1835,measure,succeeded,2026-09-29T16:14:29.593Z,2026-09-29T16:14:32.618Z,"{""rows"": 24}",2026-09-29T16:14:32.561Z,http_post,https://api.divar.ir/v8/postlist/w/search,200,ok,48
1836,measure,succeeded,2026-09-29T16:14:32.630Z,2026-09-29T16:14:35.669Z,"{""rows"": 24}",2026-09-29T16:14:35.624Z,http_post,https://api.divar.ir/v8/postlist/w/search,200,ok,36
1837,measure,succeeded,2026-09-29T16:14:35.684Z,2026-09-29T16:14:38.741Z,"{""rows"": 2}",2026-09-29T16:14:38.682Z,http_post,https://api.divar.ir/v8/postlist/w/search,200,ok,41
1838,measure,succeeded,2026-09-29T16:14:38.758Z,2026-09-29T16:14:41.793Z,"{""rows"": 24}",2026-09-29T16:14:41.743Z,http_post,https://api.divar.ir/v8/postlist/w/search,200,ok,43
1839,measure,succeeded,2026-09-29T16:14:41.802Z,2026-09-29T16:14:44.900Z,"{""rows"": 24}",2026-09-29T16:14:44.799Z,http_post,https://api.divar.ir/v8/postlist/w/search,200,ok,90
1840,measure,succeeded,2026-09-29T16:14:44.916Z,2026-09-29T16:14:47.983Z,"{""rows"": 24}",2026-09-29T16:14:47.904Z,http_post,https://api.divar.ir/v8/postlist/w/search,200,ok,60
1841,measure,succeeded,2026-09-29T16:14:48.022Z,2026-09-29T16:14:51.052Z,"{""rows"": 24}",2026-09-29T16:14:50.984Z,http_post,https://api.divar.ir/v8/postlist/w/search,200,ok,58
1842,measure,succeeded,2026-09-29T16:14:51.067Z,2026-09-29T16:14:54.111Z,"{""rows"": 24}",2026-09-29T16:14:54.058Z,http_post,https://api.divar.ir/v8/postlist/w/search,200,ok,44
1843,measure,succeeded,2026-09-29T16:14:54.122Z,2026-09-29T16:14:57.167Z,"{""rows"": 24}",2026-09-29T16:14:57.115Z,http_post,https://api.divar.ir/v8/postlist/w/search,200,ok,44
1844,measure,succeeded,2026-09-29T16:14:57.178Z,2026-09-29T16:15:00.230Z,"{""rows"": 9}",2026-09-29T16:15:00.171Z,http_post,https://api.divar.ir/v8/postlist/w/search,200,ok,53
1845,measure,succeeded,2026-09-29T16:15:00.237Z,2026-09-29T16:15:03.311Z,"{""rows"": 24}",2026-09-29T16:15:03.236Z,http_post,https://api.divar.ir/v8/postlist/w/search,200,ok,68
1846,measure,succeeded,2026-09-29T16:15:03.320Z,2026-09-29T16:15:06.359Z,"{""rows"": 24}",2026-09-29T16:15:06.315Z,http_post,https://api.divar.ir/v8/postlist/w/search,200,ok,37
1847,measure,succeeded,2026-09-29T16:15:06.370Z,2026-09-29T16:15:09.432Z,"{""rows"": 24}",2026-09-29T16:15:09.366Z,http_post,https://api.divar.ir/v8/postlist/w/search,200,ok,59
1848,measure,succeeded,2026-09-29T16:15:09.444Z,2026-09-29T16:15:12.501Z,"{""rows"": 24}",2026-09-29T16:15:12.440Z,http_post,https://api.divar.ir/v8/postlist/w/search,200,ok,49
1849,measure,succeeded,2026-09-29T16:15:12.547Z,2026-09-29T16:15:15.613Z,"{""rows"": 24}",2026-09-29T16:15:15.503Z,http_post,https://api.divar.ir/v8/postlist/w/search,200,ok,96
1850,measure,succeeded,2026-09-29T16:15:15.630Z,2026-09-29T16:15:18.675Z,"{""rows"": 24}",2026-09-29T16:15:18.615Z,http_post,https://api.divar.ir/v8/postlist/w/search,200,ok,53
1851,measure,succeeded,2026-09-29T16:16:17.781Z,2026-09-29T16:16:17.964Z,"{""rows"": 24}",2026-09-29T16:16:17.797Z,http_post,https://api.divar.ir/v8/postlist/w/search,200,ok,153
1852,measure,succeeded,2026-09-29T16:16:18.782Z,2026-09-29T16:16:21.046Z,"{""rows"": 24}",2026-09-29T16:16:20.971Z,http_post,https://api.divar.ir/v8/postlist/w/search,200,ok,59
1853,measure,succeeded,2026-09-29T16:16:21.070Z,2026-09-29T16:16:24.113Z,"{""rows"": 24}",2026-09-29T16:16:24.050Z,http_post,https://api.divar.ir/v8/postlist/w/search,200,ok,49
1854,measure,succeeded,2026-09-29T16:16:24.152Z,2026-09-29T16:16:27.179Z,"{""rows"": 24}",2026-09-29T16:16:27.117Z,http_post,https://api.divar.ir/v8/postlist/w/search,200,ok,43
1855,measure,succeeded,2026-09-29T16:16:27.202Z,2026-09-29T16:16:30.327Z,"{""rows"": 24}",2026-09-29T16:16:30.182Z,http_post,https://api.divar.ir/v8/postlist/w/search,200,ok,103
1856,measure,succeeded,2026-09-29T16:16:30.387Z,2026-09-29T16:16:33.380Z,"{""rows"": 24}",2026-09-29T16:16:33.322Z,http_post,https://api.divar.ir/v8/postlist/w/search,200,ok,44
1857,measure,succeeded,2026-09-29T16:16:33.407Z,2026-09-29T16:16:36.557Z,"{""rows"": 24}",2026-09-29T16:16:36.384Z,http_post,https://api.divar.ir/v8/postlist/w/search,200,ok,113
1858,measure,succeeded,2026-09-29T16:16:36.659Z,2026-09-29T16:16:39.610Z,"{""rows"": 24}",2026-09-29T16:16:39.535Z,http_post,https://api.divar.ir/v8/postlist/w/search,200,ok,48
1859,measure,succeeded,2026-09-29T16:16:39.640Z,2026-09-29T16:16:42.754Z,"{""rows"": 24}",2026-09-29T16:16:42.609Z,http_post,https://api.divar.ir/v8/postlist/w/search,200,ok,114
1860,measure,succeeded,2026-09-29T16:16:42.780Z,2026-09-29T16:16:45.884Z,"{""rows"": 5}",2026-09-29T16:16:45.770Z,http_post,https://api.divar.ir/v8/postlist/w/search,200,ok,94
1861,measure,succeeded,2026-09-29T16:16:45.911Z,2026-09-29T16:16:48.986Z,"{""rows"": 24}",2026-09-29T16:16:48.882Z,http_post,https://api.divar.ir/v8/postlist/w/search,200,ok,67
1862,measure,succeeded,2026-09-29T16:16:49.020Z,2026-09-29T16:16:52.104Z,"{""rows"": 0}",2026-09-29T16:16:51.983Z,http_post,https://api.divar.ir/v8/postlist/w/search,200,ok,102
1863,measure,succeeded,2026-09-29T16:16:52.130Z,2026-09-29T16:16:55.168Z,"{""rows"": 24}",2026-09-29T16:16:55.108Z,http_post,https://api.divar.ir/v8/postlist/w/search,200,ok,51
1864,measure,succeeded,2026-09-29T16:16:55.203Z,2026-09-29T16:16:58.270Z,"{""rows"": 0}",2026-09-29T16:16:58.179Z,http_post,https://api.divar.ir/v8/postlist/w/search,200,ok,68
1865,measure,succeeded,2026-09-29T16:16:58.306Z,2026-09-29T16:17:01.351Z,"{""rows"": 24}",2026-09-29T16:17:01.276Z,http_post,https://api.divar.ir/v8/postlist/w/search,200,ok,54
1866,measure,succeeded,2026-09-29T16:17:01.374Z,2026-09-29T16:17:04.529Z,"{""rows"": 24}",2026-09-29T16:17:04.427Z,http_post,https://api.divar.ir/v8/postlist/w/search,200,ok,67
1867,measure,succeeded,2026-09-29T16:17:04.560Z,2026-09-29T16:17:07.578Z,"{""rows"": 24}",2026-09-29T16:17:07.523Z,http_post,https://api.divar.ir/v8/postlist/w/search,200,ok,44
1868,measure,succeeded,2026-09-29T16:17:07.597Z,2026-09-29T16:17:10.647Z,"{""rows"": 24}",2026-09-29T16:17:10.592Z,http_post,https://api.divar.ir/v8/postlist/w/search,200,ok,49
1869,measure,succeeded,2026-09-29T16:17:10.657Z,2026-09-29T16:17:13.708Z,"{""rows"": 24}",2026-09-29T16:17:13.652Z,http_post,https://api.divar.ir/v8/postlist/w/search,200,ok,48
1870,measure,succeeded,2026-09-29T16:17:13.720Z,2026-09-29T16:17:16.754Z,"{""rows"": 5}",2026-09-29T16:17:16.712Z,http_post,https://api.divar.ir/v8/postlist/w/search,200,ok,37
1871,measure,succeeded,2026-09-29T16:18:16.790Z,2026-09-29T16:18:16.963Z,"{""rows"": 2}",2026-09-29T16:18:16.796Z,http_post,https://api.divar.ir/v8/postlist/w/search,200,ok,157
1872,measure,succeeded,2026-09-29T16:18:17.790Z,2026-09-29T16:18:20.049Z,"{""rows"": 21}",2026-09-29T16:18:19.965Z,http_post,https://api.divar.ir/v8/postlist/w/search,200,ok,73
1873,measure,succeeded,2026-09-29T16:18:20.065Z,2026-09-29T16:18:23.144Z,"{""rows"": 12}",2026-09-29T16:18:23.054Z,http_post,https://api.divar.ir/v8/postlist/w/search,200,ok,82
1874,measure,succeeded,2026-09-29T16:18:23.152Z,2026-09-29T16:18:26.199Z,"{""rows"": 24}",2026-09-29T16:18:26.148Z,http_post,https://api.divar.ir/v8/postlist/w/search,200,ok,42
1875,measure,succeeded,2026-09-29T16:18:26.217Z,2026-09-29T16:18:29.278Z,"{""rows"": 16}",2026-09-29T16:18:29.209Z,http_post,https://api.divar.ir/v8/postlist/w/search,200,ok,60
1876,measure,succeeded,2026-09-29T16:18:29.296Z,2026-09-29T16:18:32.345Z,"{""rows"": 24}",2026-09-29T16:18:32.283Z,http_post,https://api.divar.ir/v8/postlist/w/search,200,ok,57
1877,measure,succeeded,2026-09-29T16:18:32.354Z,2026-09-29T16:18:35.415Z,"{""rows"": 5}",2026-09-29T16:18:35.351Z,http_post,https://api.divar.ir/v8/postlist/w/search,200,ok,56
1878,measure,succeeded,2026-09-29T16:18:35.429Z,2026-09-29T16:18:38.468Z,"{""rows"": 24}",2026-09-29T16:18:38.419Z,http_post,https://api.divar.ir/v8/postlist/w/search,200,ok,41
1879,measure,succeeded,2026-09-29T16:18:38.480Z,2026-09-29T16:18:41.516Z,"{""rows"": 24}",2026-09-29T16:18:41.472Z,http_post,https://api.divar.ir/v8/postlist/w/search,200,ok,36
1880,measure,succeeded,2026-09-29T16:18:41.526Z,2026-09-29T16:18:44.605Z,"{""rows"": 14}",2026-09-29T16:18:44.523Z,http_post,https://api.divar.ir/v8/postlist/w/search,200,ok,70
1881,measure,succeeded,2026-09-29T16:18:44.621Z,2026-09-29T16:18:47.655Z,"{""rows"": 24}",2026-09-29T16:18:47.607Z,http_post,https://api.divar.ir/v8/postlist/w/search,200,ok,36
1882,measure,succeeded,2026-09-29T16:18:47.677Z,2026-09-29T16:18:50.715Z,"{""rows"": 24}",2026-09-29T16:18:50.658Z,http_post,https://api.divar.ir/v8/postlist/w/search,200,ok,50
1883,measure,succeeded,2026-09-29T16:18:50.730Z,2026-09-29T16:18:53.811Z,"{""rows"": 14}",2026-09-29T16:18:53.719Z,http_post,https://api.divar.ir/v8/postlist/w/search,200,ok,79
1884,measure,succeeded,2026-09-29T16:18:53.830Z,2026-09-29T16:18:56.859Z,"{""rows"": 24}",2026-09-29T16:18:56.813Z,http_post,https://api.divar.ir/v8/postlist/w/search,200,ok,39
1885,measure,succeeded,2026-09-29T16:18:56.869Z,2026-09-29T16:18:59.945Z,"{""rows"": 12}",2026-09-29T16:18:59.865Z,http_post,https://api.divar.ir/v8/postlist/w/search,200,ok,66
1886,measure,succeeded,2026-09-29T16:18:59.962Z,2026-09-29T16:19:03.040Z,"{""rows"": 24}",2026-09-29T16:19:02.950Z,http_post,https://api.divar.ir/v8/postlist/w/search,200,ok,61
1887,measure,succeeded,2026-09-29T16:19:03.067Z,2026-09-29T16:19:06.156Z,"{""rows"": 24}",2026-09-29T16:19:06.030Z,http_post,https://api.divar.ir/v8/postlist/w/search,200,ok,106
1888,measure,succeeded,2026-09-29T16:19:06.195Z,2026-09-29T16:19:09.206Z,"{""rows"": 24}",2026-09-29T16:19:09.156Z,http_post,https://api.divar.ir/v8/postlist/w/search,200,ok,39
1889,measure,succeeded,2026-09-29T16:19:09.222Z,2026-09-29T16:19:12.615Z,"{""rows"": 24}",2026-09-29T16:19:12.210Z,http_post,https://api.divar.ir/v8/postlist/w/search,200,ok,43
1890,measure,succeeded,2026-09-29T16:19:12.628Z,2026-09-29T16:19:15.692Z,"{""rows"": 24}",2026-09-29T16:19:15.619Z,http_post,https://api.divar.ir/v8/postlist/w/search,200,ok,62
1891,measure,succeeded,2026-09-29T16:19:15.701Z,2026-09-29T16:19:18.746Z,"{""rows"": 14}",2026-09-29T16:19:18.696Z,http_post,https://api.divar.ir/v8/postlist/w/search,200,ok,43
1892,measure,succeeded,2026-09-29T16:20:16.770Z,2026-09-29T16:20:22.179Z,"{""rows"": 1}",2026-09-29T16:20:16.779Z,http_post,https://api.divar.ir/v8/postlist/w/search,200,ok,5393
1893,measure,succeeded,2026-09-29T16:20:22.185Z,2026-09-29T16:20:49.390Z,"{""rows"": 24}",2026-09-29T16:20:49.153Z,http_post,https://api.divar.ir/v8/postlist/w/search,200,ok,214
1894,measure,succeeded,2026-09-29T16:20:49.407Z,2026-09-29T16:20:52.466Z,"{""rows"": 24}",2026-09-29T16:20:52.393Z,http_post,https://api.divar.ir/v8/postlist/w/search,200,ok,59
1895,measure,succeeded,2026-09-29T16:20:52.498Z,2026-09-29T16:20:55.538Z,"{""rows"": 24}",2026-09-29T16:20:55.470Z,http_post,https://api.divar.ir/v8/postlist/w/search,200,ok,54
1896,measure,succeeded,2026-09-29T16:20:55.553Z,2026-09-29T16:20:58.599Z,"{""rows"": 24}",2026-09-29T16:20:58.543Z,http_post,https://api.divar.ir/v8/postlist/w/search,200,ok,44
1897,measure,succeeded,2026-09-29T16:20:58.615Z,2026-09-29T16:21:01.653Z,"{""rows"": 24}",2026-09-29T16:21:01.606Z,http_post,https://api.divar.ir/v8/postlist/w/search,200,ok,38
1898,measure,succeeded,2026-09-29T16:21:01.670Z,2026-09-29T16:21:04.953Z,"{""rows"": 24}",2026-09-29T16:21:04.662Z,http_post,https://api.divar.ir/v8/postlist/w/search,200,ok,275
1899,measure,succeeded,2026-09-29T16:21:04.979Z,2026-09-29T16:21:08.057Z,"{""rows"": 15}",2026-09-29T16:21:07.956Z,http_post,https://api.divar.ir/v8/postlist/w/search,200,ok,85
1900,measure,succeeded,2026-09-29T16:21:08.073Z,2026-09-29T16:21:11.191Z,"{""rows"": 24}",2026-09-29T16:21:11.062Z,http_post,https://api.divar.ir/v8/postlist/w/search,200,ok,107
1901,measure,succeeded,2026-09-29T16:21:11.211Z,2026-09-29T16:21:14.253Z,"{""rows"": 24}",2026-09-29T16:21:14.190Z,http_post,https://api.divar.ir/v8/postlist/w/search,200,ok,49
1902,measure,succeeded,2026-09-29T16:21:14.273Z,2026-09-29T16:21:17.301Z,"{""rows"": 24}",2026-09-29T16:21:17.254Z,http_post,https://api.divar.ir/v8/postlist/w/search,200,ok,37
1903,measure,succeeded,2026-09-29T16:22:17.349Z,2026-09-29T16:22:17.535Z,"{""rows"": 24}",2026-09-29T16:22:17.358Z,http_post,https://api.divar.ir/v8/postlist/w/search,200,ok,165
1904,measure,succeeded,2026-09-29T16:22:18.349Z,2026-09-29T16:22:20.647Z,"{""rows"": 0}",2026-09-29T16:22:20.562Z,http_post,https://api.divar.ir/v8/postlist/w/search,200,ok,44
1905,measure,succeeded,2026-09-29T16:22:20.670Z,2026-09-29T16:22:23.703Z,"{""rows"": 24}",2026-09-29T16:22:23.630Z,http_post,https://api.divar.ir/v8/postlist/w/search,200,ok,57
1906,measure,succeeded,2026-09-29T16:22:23.725Z,2026-09-29T16:22:26.878Z,"{""rows"": 19}",2026-09-29T16:22:26.707Z,http_post,https://api.divar.ir/v8/postlist/w/search,200,ok,157
1907,measure,succeeded,2026-09-29T16:22:26.905Z,2026-09-29T16:22:29.938Z,"{""rows"": 24}",2026-09-29T16:22:29.879Z,http_post,https://api.divar.ir/v8/postlist/w/search,200,ok,43
1908,measure,succeeded,2026-09-29T16:22:29.959Z,2026-09-29T16:22:33.034Z,"{""rows"": 24}",2026-09-29T16:22:32.940Z,http_post,https://api.divar.ir/v8/postlist/w/search,200,ok,76
1909,measure,succeeded,2026-09-29T16:22:33.079Z,2026-09-29T16:22:36.098Z,"{""rows"": 24}",2026-09-29T16:22:36.036Z,http_post,https://api.divar.ir/v8/postlist/w/search,200,ok,48
1910,measure,succeeded,2026-09-29T16:22:36.123Z,2026-09-29T16:22:39.167Z,"{""rows"": 24}",2026-09-29T16:22:39.105Z,http_post,https://api.divar.ir/v8/postlist/w/search,200,ok,49
1911,measure,succeeded,2026-09-29T16:22:39.183Z,2026-09-29T16:22:42.257Z,"{""rows"": 24}",2026-09-29T16:22:42.173Z,http_post,https://api.divar.ir/v8/postlist/w/search,200,ok,70
1912,measure,succeeded,2026-09-29T16:22:42.290Z,2026-09-29T16:22:45.312Z,"{""rows"": 24}",2026-09-29T16:22:45.260Z,http_post,https://api.divar.ir/v8/postlist/w/search,200,ok,43
1913,measure,succeeded,2026-09-29T16:22:45.325Z,2026-09-29T16:22:48.374Z,"{""rows"": 24}",2026-09-29T16:22:48.321Z,http_post,https://api.divar.ir/v8/postlist/w/search,200,ok,42
1914,measure,succeeded,2026-09-29T16:22:48.397Z,2026-09-29T16:22:51.443Z,"{""rows"": 16}",2026-09-29T16:22:51.377Z,http_post,https://api.divar.ir/v8/postlist/w/search,200,ok,52
1915,measure,succeeded,2026-09-29T16:22:51.465Z,2026-09-29T16:22:54.531Z,"{""rows"": 24}",2026-09-29T16:22:54.445Z,http_post,https://api.divar.ir/v8/postlist/w/search,200,ok,63
1916,measure,succeeded,2026-09-29T16:22:54.564Z,2026-09-29T16:22:57.623Z,"{""rows"": 24}",2026-09-29T16:22:57.538Z,http_post,https://api.divar.ir/v8/postlist/w/search,200,ok,68
1917,measure,succeeded,2026-09-29T16:22:57.650Z,2026-09-29T16:23:00.725Z,"{""rows"": 24}",2026-09-29T16:23:00.626Z,http_post,https://api.divar.ir/v8/postlist/w/search,200,ok,71
1918,measure,succeeded,2026-09-29T16:23:00.750Z,2026-09-29T16:23:03.797Z,"{""rows"": 24}",2026-09-29T16:23:03.722Z,http_post,https://api.divar.ir/v8/postlist/w/search,200,ok,62
1919,measure,succeeded,2026-09-29T16:23:03.813Z,2026-09-29T16:23:06.851Z,"{""rows"": 24}",2026-09-29T16:23:06.798Z,http_post,https://api.divar.ir/v8/postlist/w/search,200,ok,41
1920,measure,succeeded,2026-09-29T16:23:06.870Z,2026-09-29T16:23:09.914Z,"{""rows"": 13}",2026-09-29T16:23:09.856Z,http_post,https://api.divar.ir/v8/postlist/w/search,200,ok,48
1921,measure,succeeded,2026-09-29T16:23:09.938Z,2026-09-29T16:23:13.064Z,"{""rows"": 24}",2026-09-29T16:23:12.920Z,http_post,https://api.divar.ir/v8/postlist/w/search,200,ok,124
1922,measure,succeeded,2026-09-29T16:23:13.101Z,2026-09-29T16:23:16.149Z,"{""rows"": 24}",2026-09-29T16:23:16.068Z,http_post,https://api.divar.ir/v8/postlist/w/search,200,ok,58
1923,measure,succeeded,2026-09-29T16:23:16.180Z,2026-09-29T16:23:19.305Z,"{""rows"": 24}",2026-09-29T16:23:19.147Z,http_post,https://api.divar.ir/v8/postlist/w/search,200,ok,116
1924,measure,succeeded,2026-09-29T16:24:17.397Z,2026-09-29T16:24:17.591Z,"{""rows"": 3}",2026-09-29T16:24:17.404Z,http_post,https://api.divar.ir/v8/postlist/w/search,200,ok,179
1925,measure,succeeded,2026-09-29T16:24:18.396Z,2026-09-29T16:24:20.672Z,"{""rows"": 24}",2026-09-29T16:24:20.595Z,http_post,https://api.divar.ir/v8/postlist/w/search,200,ok,51
1926,measure,succeeded,2026-09-29T16:24:20.701Z,2026-09-29T16:24:23.794Z,"{""rows"": 24}",2026-09-29T16:24:23.673Z,http_post,https://api.divar.ir/v8/postlist/w/search,200,ok,107
1927,measure,succeeded,2026-09-29T16:24:23.812Z,2026-09-29T16:24:26.913Z,"{""rows"": 19}",2026-09-29T16:24:26.796Z,http_post,https://api.divar.ir/v8/postlist/w/search,200,ok,103
1928,measure,succeeded,2026-09-29T16:24:26.929Z,2026-09-29T16:24:30.036Z,"{""rows"": 24}",2026-09-29T16:24:29.924Z,http_post,https://api.divar.ir/v8/postlist/w/search,200,ok,96
1929,measure,succeeded,2026-09-29T16:24:30.077Z,2026-09-29T16:24:33.099Z,"{""rows"": 24}",2026-09-29T16:24:33.036Z,http_post,https://api.divar.ir/v8/postlist/w/search,200,ok,52
1930,measure,succeeded,2026-09-29T16:24:33.131Z,2026-09-29T16:24:36.191Z,"{""rows"": 24}",2026-09-29T16:24:36.101Z,http_post,https://api.divar.ir/v8/postlist/w/search,200,ok,70
1931,measure,succeeded,2026-09-29T16:24:36.230Z,2026-09-29T16:24:39.321Z,"{""rows"": 24}",2026-09-29T16:24:39.194Z,http_post,https://api.divar.ir/v8/postlist/w/search,200,ok,104
1932,measure,succeeded,2026-09-29T16:24:39.342Z,2026-09-29T16:24:42.389Z,"{""rows"": 15}",2026-09-29T16:24:42.320Z,http_post,https://api.divar.ir/v8/postlist/w/search,200,ok,56
1933,measure,succeeded,2026-09-29T16:24:42.408Z,2026-09-29T16:24:45.449Z,"{""rows"": 24}",2026-09-29T16:24:45.393Z,http_post,https://api.divar.ir/v8/postlist/w/search,200,ok,41
1934,measure,succeeded,2026-09-29T16:24:45.466Z,2026-09-29T16:24:48.514Z,"{""rows"": 24}",2026-09-29T16:24:48.448Z,http_post,https://api.divar.ir/v8/postlist/w/search,200,ok,51
1935,measure,succeeded,2026-09-29T16:24:48.528Z,2026-09-29T16:24:51.634Z,"{""rows"": 24}",2026-09-29T16:24:51.521Z,http_post,https://api.divar.ir/v8/postlist/w/search,200,ok,83
1936,measure,succeeded,2026-09-29T16:24:51.678Z,2026-09-29T16:24:54.692Z,"{""rows"": 24}",2026-09-29T16:24:54.634Z,http_post,https://api.divar.ir/v8/postlist/w/search,200,ok,43
1937,measure,succeeded,2026-09-29T16:24:54.709Z,2026-09-29T16:24:57.748Z,"{""rows"": 24}",2026-09-29T16:24:57.696Z,http_post,https://api.divar.ir/v8/postlist/w/search,200,ok,40
1938,measure,succeeded,2026-09-29T16:24:57.765Z,2026-09-29T16:25:00.836Z,"{""rows"": 24}",2026-09-29T16:25:00.754Z,http_post,https://api.divar.ir/v8/postlist/w/search,200,ok,58
1939,measure,succeeded,2026-09-29T16:25:00.869Z,2026-09-29T16:25:03.935Z,"{""rows"": 24}",2026-09-29T16:25:03.840Z,http_post,https://api.divar.ir/v8/postlist/w/search,200,ok,71
1940,measure,succeeded,2026-09-29T16:25:03.978Z,2026-09-29T16:25:07.122Z,"{""rows"": 24}",2026-09-29T16:25:06.943Z,http_post,https://api.divar.ir/v8/postlist/w/search,200,ok,160
1941,measure,succeeded,2026-09-29T16:25:07.163Z,2026-09-29T16:25:10.209Z,"{""rows"": 24}",2026-09-29T16:25:10.137Z,http_post,https://api.divar.ir/v8/postlist/w/search,200,ok,44
1942,measure,succeeded,2026-09-29T16:25:10.242Z,2026-09-29T16:25:13.302Z,"{""rows"": 24}",2026-09-29T16:25:13.205Z,http_post,https://api.divar.ir/v8/postlist/w/search,200,ok,63
1943,measure,succeeded,2026-09-29T16:25:13.332Z,2026-09-29T16:25:16.385Z,"{""rows"": 24}",2026-09-29T16:25:16.303Z,http_post,https://api.divar.ir/v8/postlist/w/search,200,ok,61
1944,measure,succeeded,2026-09-29T16:25:16.412Z,2026-09-29T16:25:19.440Z,"{""rows"": 24}",2026-09-29T16:25:19.381Z,http_post,https://api.divar.ir/v8/postlist/w/search,200,ok,49
1945,measure,succeeded,2026-09-29T16:26:17.507Z,2026-09-29T16:26:17.703Z,"{""rows"": 24}",2026-09-29T16:26:17.519Z,http_post,https://api.divar.ir/v8/postlist/w/search,200,ok,173
1946,measure,succeeded,2026-09-29T16:26:18.507Z,2026-09-29T16:26:20.764Z,"{""rows"": 24}",2026-09-29T16:26:20.705Z,http_post,https://api.divar.ir/v8/postlist/w/search,200,ok,52
1947,measure,succeeded,2026-09-29T16:26:20.772Z,2026-09-29T16:26:23.830Z,"{""rows"": 24}",2026-09-29T16:26:23.772Z,http_post,https://api.divar.ir/v8/postlist/w/search,200,ok,41
1948,measure,succeeded,2026-09-29T16:26:23.843Z,2026-09-29T16:26:26.890Z,"{""rows"": 24}",2026-09-29T16:26:26.827Z,http_post,https://api.divar.ir/v8/postlist/w/search,200,ok,48
1949,measure,succeeded,2026-09-29T16:26:26.913Z,2026-09-29T16:26:29.981Z,"{""rows"": 24}",2026-09-29T16:26:29.892Z,http_post,https://api.divar.ir/v8/postlist/w/search,200,ok,81
1950,measure,succeeded,2026-09-29T16:26:29.992Z,2026-09-29T16:26:33.036Z,"{""rows"": 24}",2026-09-29T16:26:32.984Z,http_post,https://api.divar.ir/v8/postlist/w/search,200,ok,43
1951,measure,succeeded,2026-09-29T16:26:33.062Z,2026-09-29T16:26:36.213Z,"{""rows"": 24}",2026-09-29T16:26:36.041Z,http_post,https://api.divar.ir/v8/postlist/w/search,200,ok,164
1952,measure,succeeded,2026-09-29T16:26:36.220Z,2026-09-29T16:26:39.328Z,"{""rows"": 24}",2026-09-29T16:26:39.220Z,http_post,https://api.divar.ir/v8/postlist/w/search,200,ok,91
1953,measure,succeeded,2026-09-29T16:26:39.353Z,2026-09-29T16:26:42.404Z,"{""rows"": 24}",2026-09-29T16:26:42.331Z,http_post,https://api.divar.ir/v8/postlist/w/search,200,ok,58
1954,measure,succeeded,2026-09-29T16:26:42.431Z,2026-09-29T16:26:45.479Z,"{""rows"": 24}",2026-09-29T16:26:45.408Z,http_post,https://api.divar.ir/v8/postlist/w/search,200,ok,56
1955,measure,succeeded,2026-09-29T16:26:45.507Z,2026-09-29T16:26:48.544Z,"{""rows"": 24}",2026-09-29T16:26:48.483Z,http_post,https://api.divar.ir/v8/postlist/w/search,200,ok,48
1956,measure,succeeded,2026-09-29T16:26:48.564Z,2026-09-29T16:26:51.621Z,"{""rows"": 24}",2026-09-29T16:26:51.551Z,http_post,https://api.divar.ir/v8/postlist/w/search,200,ok,55
1957,measure,succeeded,2026-09-29T16:26:51.644Z,2026-09-29T16:26:54.747Z,"{""rows"": 24}",2026-09-29T16:26:54.624Z,http_post,https://api.divar.ir/v8/postlist/w/search,200,ok,117
1958,measure,succeeded,2026-09-29T16:26:54.757Z,2026-09-29T16:26:57.828Z,"{""rows"": 24}",2026-09-29T16:26:57.755Z,http_post,https://api.divar.ir/v8/postlist/w/search,200,ok,61
1959,measure,succeeded,2026-09-29T16:26:57.844Z,2026-09-29T16:27:00.887Z,"{""rows"": 24}",2026-09-29T16:27:00.833Z,http_post,https://api.divar.ir/v8/postlist/w/search,200,ok,40
1960,measure,succeeded,2026-09-29T16:27:00.907Z,2026-09-29T16:27:03.956Z,"{""rows"": 24}",2026-09-29T16:27:03.889Z,http_post,https://api.divar.ir/v8/postlist/w/search,200,ok,60
1961,measure,succeeded,2026-09-29T16:27:03.964Z,2026-09-29T16:27:07.012Z,"{""rows"": 24}",2026-09-29T16:27:06.960Z,http_post,https://api.divar.ir/v8/postlist/w/search,200,ok,44
1962,measure,succeeded,2026-09-29T16:27:07.022Z,2026-09-29T16:27:10.075Z,"{""rows"": 24}",2026-09-29T16:27:10.018Z,http_post,https://api.divar.ir/v8/postlist/w/search,200,ok,46
1963,measure,succeeded,2026-09-29T16:27:10.085Z,2026-09-29T16:27:13.121Z,"{""rows"": 4}",2026-09-29T16:27:13.079Z,http_post,https://api.divar.ir/v8/postlist/w/search,200,ok,32
1964,measure,succeeded,2026-09-29T16:27:13.142Z,2026-09-29T16:27:16.187Z,"{""rows"": 24}",2026-09-29T16:27:16.124Z,http_post,https://api.divar.ir/v8/postlist/w/search,200,ok,52
1965,measure,succeeded,2026-09-29T16:27:16.203Z,2026-09-29T16:27:19.244Z,"{""rows"": 14}",2026-09-29T16:27:19.190Z,http_post,https://api.divar.ir/v8/postlist/w/search,200,ok,47
1966,measure,succeeded,2026-09-29T16:28:17.282Z,2026-09-29T16:28:17.573Z,"{""rows"": 24}",2026-09-29T16:28:17.289Z,http_post,https://api.divar.ir/v8/postlist/w/search,200,ok,271
1967,measure,succeeded,2026-09-29T16:28:18.280Z,2026-09-29T16:28:20.638Z,"{""rows"": 24}",2026-09-29T16:28:20.573Z,http_post,https://api.divar.ir/v8/postlist/w/search,200,ok,57
1968,measure,succeeded,2026-09-29T16:28:20.650Z,2026-09-29T16:28:23.689Z,"{""rows"": 24}",2026-09-29T16:28:23.646Z,http_post,https://api.divar.ir/v8/postlist/w/search,200,ok,38
1969,measure,succeeded,2026-09-29T16:28:23.698Z,2026-09-29T16:28:26.763Z,"{""rows"": 24}",2026-09-29T16:28:26.695Z,http_post,https://api.divar.ir/v8/postlist/w/search,200,ok,47
1970,measure,succeeded,2026-09-29T16:28:26.812Z,2026-09-29T16:28:29.812Z,"{""rows"": 24}",2026-09-29T16:28:29.757Z,http_post,https://api.divar.ir/v8/postlist/w/search,200,ok,49
1971,measure,succeeded,2026-09-29T16:28:29.819Z,2026-09-29T16:28:32.923Z,"{""rows"": 15}",2026-09-29T16:28:32.818Z,http_post,https://api.divar.ir/v8/postlist/w/search,200,ok,96
1972,measure,succeeded,2026-09-29T16:28:32.932Z,2026-09-29T16:28:35.987Z,"{""rows"": 24}",2026-09-29T16:28:35.927Z,http_post,https://api.divar.ir/v8/postlist/w/search,200,ok,48
1973,measure,succeeded,2026-09-29T16:28:35.999Z,2026-09-29T16:28:39.056Z,"{""rows"": 24}",2026-09-29T16:28:38.990Z,http_post,https://api.divar.ir/v8/postlist/w/search,200,ok,59
1974,measure,succeeded,2026-09-29T16:28:39.066Z,2026-09-29T16:28:42.119Z,"{""rows"": 24}",2026-09-29T16:28:42.062Z,http_post,https://api.divar.ir/v8/postlist/w/search,200,ok,48
1975,measure,succeeded,2026-09-29T16:28:42.128Z,2026-09-29T16:28:45.177Z,"{""rows"": 24}",2026-09-29T16:28:45.123Z,http_post,https://api.divar.ir/v8/postlist/w/search,200,ok,47
1976,measure,succeeded,2026-09-29T16:28:45.188Z,2026-09-29T16:28:48.273Z,"{""rows"": 5}",2026-09-29T16:28:48.182Z,http_post,https://api.divar.ir/v8/postlist/w/search,200,ok,86
1977,measure,succeeded,2026-09-29T16:28:48.282Z,2026-09-29T16:28:51.351Z,"{""rows"": 24}",2026-09-29T16:28:51.280Z,http_post,https://api.divar.ir/v8/postlist/w/search,200,ok,57
1978,measure,succeeded,2026-09-29T16:28:51.370Z,2026-09-29T16:28:54.431Z,"{""rows"": 24}",2026-09-29T16:28:54.354Z,http_post,https://api.divar.ir/v8/postlist/w/search,200,ok,70
1979,measure,succeeded,2026-09-29T16:28:54.439Z,2026-09-29T16:28:57.505Z,"{""rows"": 24}",2026-09-29T16:28:57.435Z,http_post,https://api.divar.ir/v8/postlist/w/search,200,ok,58
1980,measure,succeeded,2026-09-29T16:28:57.515Z,2026-09-29T16:29:00.609Z,"{""rows"": 24}",2026-09-29T16:29:00.509Z,http_post,https://api.divar.ir/v8/postlist/w/search,200,ok,79
1981,measure,succeeded,2026-09-29T16:29:00.635Z,2026-09-29T16:29:03.724Z,"{""rows"": 0}",2026-09-29T16:29:03.611Z,http_post,https://api.divar.ir/v8/postlist/w/search,200,ok,106
1982,measure,succeeded,2026-09-29T16:29:03.741Z,2026-09-29T16:29:06.790Z,"{""rows"": 24}",2026-09-29T16:29:06.727Z,http_post,https://api.divar.ir/v8/postlist/w/search,200,ok,56
1983,measure,succeeded,2026-09-29T16:29:06.802Z,2026-09-29T16:29:09.929Z,"{""rows"": 5}",2026-09-29T16:29:09.795Z,http_post,https://api.divar.ir/v8/postlist/w/search,200,ok,124
1984,measure,succeeded,2026-09-29T16:29:09.947Z,2026-09-29T16:29:13.028Z,"{""rows"": 24}",2026-09-29T16:29:12.934Z,http_post,https://api.divar.ir/v8/postlist/w/search,200,ok,77
1985,measure,succeeded,2026-09-29T16:29:13.054Z,2026-09-29T16:29:16.108Z,"{""rows"": 24}",2026-09-29T16:29:16.028Z,http_post,https://api.divar.ir/v8/postlist/w/search,200,ok,72
1986,measure,succeeded,2026-09-29T16:29:16.118Z,2026-09-29T16:29:19.176Z,"{""rows"": 24}",2026-09-29T16:29:19.113Z,http_post,https://api.divar.ir/v8/postlist/w/search,200,ok,56
1987,measure,succeeded,2026-09-29T16:30:17.207Z,2026-09-29T16:30:17.400Z,"{""rows"": 24}",2026-09-29T16:30:17.210Z,http_post,https://api.divar.ir/v8/postlist/w/search,200,ok,183
1988,measure,succeeded,2026-09-29T16:30:18.207Z,2026-09-29T16:30:20.513Z,"{""rows"": 24}",2026-09-29T16:30:20.406Z,http_post,https://api.divar.ir/v8/postlist/w/search,200,ok,96
1989,measure,succeeded,2026-09-29T16:30:20.533Z,2026-09-29T16:30:23.607Z,"{""rows"": 24}",2026-09-29T16:30:23.516Z,http_post,https://api.divar.ir/v8/postlist/w/search,200,ok,77
1990,measure,succeeded,2026-09-29T16:30:23.661Z,2026-09-29T16:30:26.710Z,"{""rows"": 24}",2026-09-29T16:30:26.646Z,http_post,https://api.divar.ir/v8/postlist/w/search,200,ok,54
1991,measure,succeeded,2026-09-29T16:30:26.730Z,2026-09-29T16:30:29.857Z,"{""rows"": 24}",2026-09-29T16:30:29.720Z,http_post,https://api.divar.ir/v8/postlist/w/search,200,ok,123
1992,measure,succeeded,2026-09-29T16:30:30.944Z,2026-09-29T16:30:32.940Z,"{""rows"": 24}",2026-09-29T16:30:32.859Z,http_post,https://api.divar.ir/v8/postlist/w/search,200,ok,69
1993,measure,succeeded,2026-09-29T16:30:32.964Z,2026-09-29T16:30:36.042Z,"{""rows"": 24}",2026-09-29T16:30:35.947Z,http_post,https://api.divar.ir/v8/postlist/w/search,200,ok,83
1994,measure,succeeded,2026-09-29T16:30:36.059Z,2026-09-29T16:30:39.161Z,"{""rows"": 24}",2026-09-29T16:30:39.046Z,http_post,https://api.divar.ir/v8/postlist/w/search,200,ok,97
1995,measure,succeeded,2026-09-29T16:30:39.182Z,2026-09-29T16:30:42.240Z,"{""rows"": 24}",2026-09-29T16:30:42.161Z,http_post,https://api.divar.ir/v8/postlist/w/search,200,ok,54
1996,measure,succeeded,2026-09-29T16:30:42.274Z,2026-09-29T16:30:45.306Z,"{""rows"": 24}",2026-09-29T16:30:45.236Z,http_post,https://api.divar.ir/v8/postlist/w/search,200,ok,54
1997,measure,succeeded,2026-09-29T16:30:45.332Z,2026-09-29T16:30:48.430Z,"{""rows"": 24}",2026-09-29T16:30:48.312Z,http_post,https://api.divar.ir/v8/postlist/w/search,200,ok,82
1998,measure,succeeded,2026-09-29T16:30:48.456Z,2026-09-29T16:30:51.517Z,"{""rows"": 24}",2026-09-29T16:30:51.427Z,http_post,https://api.divar.ir/v8/postlist/w/search,200,ok,71
1999,measure,succeeded,2026-09-29T16:30:51.570Z,2026-09-29T16:30:54.618Z,"{""rows"": 24}",2026-09-29T16:30:54.519Z,http_post,https://api.divar.ir/v8/postlist/w/search,200,ok,79
2000,measure,succeeded,2026-09-29T16:30:54.652Z,2026-09-29T16:30:57.730Z,"{""rows"": 24}",2026-09-29T16:30:57.621Z,http_post,https://api.divar.ir/v8/postlist/w/search,200,ok,91
2001,measure,succeeded,2026-09-29T16:30:57.753Z,2026-09-29T16:31:00.806Z,"{""rows"": 18}",2026-09-29T16:31:00.735Z,http_post,https://api.divar.ir/v8/postlist/w/search,200,ok,60
2002,measure,succeeded,2026-09-29T16:31:00.821Z,2026-09-29T16:31:03.956Z,"{""rows"": 24}",2026-09-29T16:31:03.812Z,http_post,https://api.divar.ir/v8/postlist/w/search,200,ok,130
2003,measure,succeeded,2026-09-29T16:31:03.975Z,2026-09-29T16:31:07.029Z,"{""rows"": 24}",2026-09-29T16:31:06.957Z,http_post,https://api.divar.ir/v8/postlist/w/search,200,ok,65
2004,measure,succeeded,2026-09-29T16:31:07.038Z,2026-09-29T16:31:10.123Z,"{""rows"": 24}",2026-09-29T16:31:10.034Z,http_post,https://api.divar.ir/v8/postlist/w/search,200,ok,77
2005,measure,succeeded,2026-09-29T16:31:10.142Z,2026-09-29T16:31:13.213Z,"{""rows"": 24}",2026-09-29T16:31:13.125Z,http_post,https://api.divar.ir/v8/postlist/w/search,200,ok,81
2006,measure,succeeded,2026-09-29T16:31:13.224Z,2026-09-29T16:31:16.306Z,"{""rows"": 24}",2026-09-29T16:31:16.219Z,http_post,https://api.divar.ir/v8/postlist/w/search,200,ok,82
2007,measure,succeeded,2026-09-29T16:31:16.315Z,2026-09-29T16:31:19.382Z,"{""rows"": 24}",2026-09-29T16:31:19.310Z,http_post,https://api.divar.ir/v8/postlist/w/search,200,ok,64
2008,measure,succeeded,2026-09-29T16:32:17.413Z,2026-09-29T16:32:17.544Z,"{""rows"": 24}",2026-09-29T16:32:17.416Z,http_post,https://api.divar.ir/v8/postlist/w/search,200,ok,121
2009,measure,succeeded,2026-09-29T16:32:18.413Z,2026-09-29T16:32:20.656Z,"{""rows"": 24}",2026-09-29T16:32:20.548Z,http_post,https://api.divar.ir/v8/postlist/w/search,200,ok,99
2010,measure,succeeded,2026-09-29T16:32:20.666Z,2026-09-29T16:32:23.713Z,"{""rows"": 24}",2026-09-29T16:32:23.660Z,http_post,https://api.divar.ir/v8/postlist/w/search,200,ok,42
2011,measure,succeeded,2026-09-29T16:32:23.742Z,2026-09-29T16:32:26.777Z,"{""rows"": 24}",2026-09-29T16:32:26.716Z,http_post,https://api.divar.ir/v8/postlist/w/search,200,ok,52
2012,measure,succeeded,2026-09-29T16:32:26.789Z,2026-09-29T16:32:29.835Z,"{""rows"": 24}",2026-09-29T16:32:29.781Z,http_post,https://api.divar.ir/v8/postlist/w/search,200,ok,47
2013,measure,succeeded,2026-09-29T16:32:29.842Z,2026-09-29T16:32:32.907Z,"{""rows"": 24}",2026-09-29T16:32:32.841Z,http_post,https://api.divar.ir/v8/postlist/w/search,200,ok,52
2014,measure,succeeded,2026-09-29T16:32:32.929Z,2026-09-29T16:32:35.969Z,"{""rows"": 24}",2026-09-29T16:32:35.911Z,http_post,https://api.divar.ir/v8/postlist/w/search,200,ok,42
2015,measure,succeeded,2026-09-29T16:32:35.991Z,2026-09-29T16:32:39.070Z,"{""rows"": 24}",2026-09-29T16:32:38.971Z,http_post,https://api.divar.ir/v8/postlist/w/search,200,ok,85
2016,measure,succeeded,2026-09-29T16:32:39.095Z,2026-09-29T16:32:42.160Z,"{""rows"": 24}",2026-09-29T16:32:42.075Z,http_post,https://api.divar.ir/v8/postlist/w/search,200,ok,69
2017,measure,succeeded,2026-09-29T16:32:42.181Z,2026-09-29T16:32:45.216Z,"{""rows"": 24}",2026-09-29T16:32:45.161Z,http_post,https://api.divar.ir/v8/postlist/w/search,200,ok,49
2018,measure,succeeded,2026-09-29T16:32:45.224Z,2026-09-29T16:32:48.277Z,"{""rows"": 24}",2026-09-29T16:32:48.219Z,http_post,https://api.divar.ir/v8/postlist/w/search,200,ok,51
2019,measure,succeeded,2026-09-29T16:32:48.285Z,2026-09-29T16:32:51.349Z,"{""rows"": 24}",2026-09-29T16:32:51.282Z,http_post,https://api.divar.ir/v8/postlist/w/search,200,ok,60
2020,measure,succeeded,2026-09-29T16:32:51.357Z,2026-09-29T16:32:54.430Z,"{""rows"": 20}",2026-09-29T16:32:54.357Z,http_post,https://api.divar.ir/v8/postlist/w/search,200,ok,60
2021,measure,succeeded,2026-09-29T16:32:54.442Z,2026-09-29T16:32:57.547Z,"{""rows"": 24}",2026-09-29T16:32:57.431Z,http_post,https://api.divar.ir/v8/postlist/w/search,200,ok,106
2022,measure,succeeded,2026-09-29T16:32:57.556Z,2026-09-29T16:33:00.623Z,"{""rows"": 24}",2026-09-29T16:33:00.551Z,http_post,https://api.divar.ir/v8/postlist/w/search,200,ok,54
2023,measure,succeeded,2026-09-29T16:33:00.638Z,2026-09-29T16:33:03.687Z,"{""rows"": 24}",2026-09-29T16:33:03.624Z,http_post,https://api.divar.ir/v8/postlist/w/search,200,ok,48
2024,measure,succeeded,2026-09-29T16:33:03.710Z,2026-09-29T16:33:06.753Z,"{""rows"": 24}",2026-09-29T16:33:06.692Z,http_post,https://api.divar.ir/v8/postlist/w/search,200,ok,50
2025,measure,succeeded,2026-09-29T16:33:06.768Z,2026-09-29T16:33:09.840Z,"{""rows"": 9}",2026-09-29T16:33:09.758Z,http_post,https://api.divar.ir/v8/postlist/w/search,200,ok,74
2026,measure,succeeded,2026-09-29T16:33:09.848Z,2026-09-29T16:33:12.911Z,"{""rows"": 24}",2026-09-29T16:33:12.847Z,http_post,https://api.divar.ir/v8/postlist/w/search,200,ok,44
2027,measure,succeeded,2026-09-29T16:33:12.929Z,2026-09-29T16:33:15.965Z,"{""rows"": 24}",2026-09-29T16:33:15.911Z,http_post,https://api.divar.ir/v8/postlist/w/search,200,ok,41
2028,measure,succeeded,2026-09-29T16:33:15.985Z,2026-09-29T16:33:19.024Z,"{""rows"": 24}",2026-09-29T16:33:18.969Z,http_post,https://api.divar.ir/v8/postlist/w/search,200,ok,47
2029,measure,succeeded,2026-09-29T16:34:17.069Z,2026-09-29T16:34:17.597Z,"{""rows"": 24}",2026-09-29T16:34:17.080Z,http_post,https://api.divar.ir/v8/postlist/w/search,200,ok,500
2030,measure,succeeded,2026-09-29T16:34:18.069Z,2026-09-29T16:34:20.649Z,"{""rows"": 24}",2026-09-29T16:34:20.597Z,http_post,https://api.divar.ir/v8/postlist/w/search,200,ok,46
2031,measure,succeeded,2026-09-29T16:34:20.656Z,2026-09-29T16:34:23.712Z,"{""rows"": 24}",2026-09-29T16:34:23.656Z,http_post,https://api.divar.ir/v8/postlist/w/search,200,ok,42
2032,measure,succeeded,2026-09-29T16:34:23.734Z,2026-09-29T16:34:26.771Z,"{""rows"": 24}",2026-09-29T16:34:26.716Z,http_post,https://api.divar.ir/v8/postlist/w/search,200,ok,43
2033,measure,succeeded,2026-09-29T16:34:26.791Z,2026-09-29T16:34:29.824Z,"{""rows"": 24}",2026-09-29T16:34:29.777Z,http_post,https://api.divar.ir/v8/postlist/w/search,200,ok,41
2034,measure,succeeded,2026-09-29T16:34:29.837Z,2026-09-29T16:34:32.892Z,"{""rows"": 24}",2026-09-29T16:34:32.830Z,http_post,https://api.divar.ir/v8/postlist/w/search,200,ok,45
2035,measure,succeeded,2026-09-29T16:34:32.914Z,2026-09-29T16:34:35.979Z,"{""rows"": 24}",2026-09-29T16:34:35.897Z,http_post,https://api.divar.ir/v8/postlist/w/search,200,ok,66
2036,measure,succeeded,2026-09-29T16:34:36.001Z,2026-09-29T16:34:39.059Z,"{""rows"": 24}",2026-09-29T16:34:38.979Z,http_post,https://api.divar.ir/v8/postlist/w/search,200,ok,72
2037,measure,succeeded,2026-09-29T16:34:39.071Z,2026-09-29T16:34:42.131Z,"{""rows"": 20}",2026-09-29T16:34:42.063Z,http_post,https://api.divar.ir/v8/postlist/w/search,200,ok,62
2038,measure,succeeded,2026-09-29T16:34:42.139Z,2026-09-29T16:34:45.185Z,"{""rows"": 5}",2026-09-29T16:34:45.138Z,http_post,https://api.divar.ir/v8/postlist/w/search,200,ok,39
2039,measure,succeeded,2026-09-29T16:34:45.193Z,2026-09-29T16:34:48.280Z,"{""rows"": 0}",2026-09-29T16:34:48.191Z,http_post,https://api.divar.ir/v8/postlist/w/search,200,ok,76
2040,measure,succeeded,2026-09-29T16:34:48.298Z,2026-09-29T16:34:51.344Z,"{""rows"": 24}",2026-09-29T16:34:51.286Z,http_post,https://api.divar.ir/v8/postlist/w/search,200,ok,50
2041,measure,succeeded,2026-09-29T16:34:51.353Z,2026-09-29T16:34:54.419Z,"{""rows"": 24}",2026-09-29T16:34:54.348Z,http_post,https://api.divar.ir/v8/postlist/w/search,200,ok,55
2042,measure,succeeded,2026-09-29T16:34:54.439Z,2026-09-29T16:34:57.474Z,"{""rows"": 24}",2026-09-29T16:34:57.421Z,http_post,https://api.divar.ir/v8/postlist/w/search,200,ok,46
2043,measure,succeeded,2026-09-29T16:34:57.483Z,2026-09-29T16:35:00.538Z,"{""rows"": 24}",2026-09-29T16:35:00.480Z,http_post,https://api.divar.ir/v8/postlist/w/search,200,ok,51
2044,measure,succeeded,2026-09-29T16:35:00.546Z,2026-09-29T16:35:03.596Z,"{""rows"": 24}",2026-09-29T16:35:03.542Z,http_post,https://api.divar.ir/v8/postlist/w/search,200,ok,48
2045,measure,succeeded,2026-09-29T16:35:03.603Z,2026-09-29T16:35:06.662Z,"{""rows"": 24}",2026-09-29T16:35:06.601Z,http_post,https://api.divar.ir/v8/postlist/w/search,200,ok,55
2046,measure,succeeded,2026-09-29T16:35:06.670Z,2026-09-29T16:35:09.717Z,"{""rows"": 24}",2026-09-29T16:35:09.668Z,http_post,https://api.divar.ir/v8/postlist/w/search,200,ok,37
2047,measure,succeeded,2026-09-29T16:35:09.737Z,2026-09-29T16:35:12.795Z,"{""rows"": 11}",2026-09-29T16:35:12.722Z,http_post,https://api.divar.ir/v8/postlist/w/search,200,ok,60
2048,measure,succeeded,2026-09-29T16:35:12.814Z,2026-09-29T16:35:15.855Z,"{""rows"": 24}",2026-09-29T16:35:15.799Z,http_post,https://api.divar.ir/v8/postlist/w/search,200,ok,45
2049,measure,succeeded,2026-09-29T16:35:15.865Z,2026-09-29T16:35:18.926Z,"{""rows"": 24}",2026-09-29T16:35:18.862Z,http_post,https://api.divar.ir/v8/postlist/w/search,200,ok,49
2050,measure,succeeded,2026-09-29T16:36:16.970Z,2026-09-29T16:36:17.178Z,"{""rows"": 24}",2026-09-29T16:36:16.982Z,http_post,https://api.divar.ir/v8/postlist/w/search,200,ok,183
2051,measure,succeeded,2026-09-29T16:36:17.965Z,2026-09-29T16:36:20.252Z,"{""rows"": 3}",2026-09-29T16:36:20.183Z,http_post,https://api.divar.ir/v8/postlist/w/search,200,ok,58
2052,measure,succeeded,2026-09-29T16:36:20.272Z,2026-09-29T16:36:23.297Z,"{""rows"": 24}",2026-09-29T16:36:23.255Z,http_post,https://api.divar.ir/v8/postlist/w/search,200,ok,36
2053,measure,succeeded,2026-09-29T16:36:23.307Z,2026-09-29T16:36:26.390Z,"{""rows"": 14}",2026-09-29T16:36:26.301Z,http_post,https://api.divar.ir/v8/postlist/w/search,200,ok,81
2054,measure,succeeded,2026-09-29T16:36:26.411Z,2026-09-29T16:36:29.472Z,"{""rows"": 24}",2026-09-29T16:36:29.396Z,http_post,https://api.divar.ir/v8/postlist/w/search,200,ok,62
2055,measure,succeeded,2026-09-29T16:36:29.490Z,2026-09-29T16:36:32.539Z,"{""rows"": 24}",2026-09-29T16:36:32.475Z,http_post,https://api.divar.ir/v8/postlist/w/search,200,ok,59
2056,measure,succeeded,2026-09-29T16:36:32.548Z,2026-09-29T16:36:35.617Z,"{""rows"": 24}",2026-09-29T16:36:35.544Z,http_post,https://api.divar.ir/v8/postlist/w/search,200,ok,66
2057,measure,succeeded,2026-09-29T16:36:35.626Z,2026-09-29T16:36:38.699Z,"{""rows"": 24}",2026-09-29T16:36:38.624Z,http_post,https://api.divar.ir/v8/postlist/w/search,200,ok,59
2058,measure,succeeded,2026-09-29T16:36:38.716Z,2026-09-29T16:36:41.793Z,"{""rows"": 24}",2026-09-29T16:36:41.702Z,http_post,https://api.divar.ir/v8/postlist/w/search,200,ok,79
2059,measure,succeeded,2026-09-29T16:36:41.810Z,2026-09-29T16:36:44.887Z,"{""rows"": 24}",2026-09-29T16:36:44.796Z,http_post,https://api.divar.ir/v8/postlist/w/search,200,ok,77
2060,measure,succeeded,2026-09-29T16:36:44.908Z,2026-09-29T16:36:47.978Z,"{""rows"": 24}",2026-09-29T16:36:47.890Z,http_post,https://api.divar.ir/v8/postlist/w/search,200,ok,77
2061,measure,succeeded,2026-09-29T16:36:47.994Z,2026-09-29T16:36:51.048Z,"{""rows"": 24}",2026-09-29T16:36:50.982Z,http_post,https://api.divar.ir/v8/postlist/w/search,200,ok,50
2062,measure,succeeded,2026-09-29T16:36:51.073Z,2026-09-29T16:36:54.110Z,"{""rows"": 24}",2026-09-29T16:36:54.052Z,http_post,https://api.divar.ir/v8/postlist/w/search,200,ok,48
2063,measure,succeeded,2026-09-29T16:36:54.125Z,2026-09-29T16:36:57.190Z,"{""rows"": 24}",2026-09-29T16:36:57.116Z,http_post,https://api.divar.ir/v8/postlist/w/search,200,ok,60
2064,measure,succeeded,2026-09-29T16:36:57.202Z,2026-09-29T16:37:00.295Z,"{""rows"": 24}",2026-09-29T16:37:00.193Z,http_post,https://api.divar.ir/v8/postlist/w/search,200,ok,94
2065,measure,succeeded,2026-09-29T16:37:00.322Z,2026-09-29T16:37:03.375Z,"{""rows"": 24}",2026-09-29T16:37:03.300Z,http_post,https://api.divar.ir/v8/postlist/w/search,200,ok,68
2066,measure,succeeded,2026-09-29T16:37:03.384Z,2026-09-29T16:37:06.458Z,"{""rows"": 24}",2026-09-29T16:37:06.380Z,http_post,https://api.divar.ir/v8/postlist/w/search,200,ok,64
2067,measure,succeeded,2026-09-29T16:37:06.479Z,2026-09-29T16:37:09.531Z,"{""rows"": 24}",2026-09-29T16:37:09.461Z,http_post,https://api.divar.ir/v8/postlist/w/search,200,ok,63
2068,measure,succeeded,2026-09-29T16:37:09.540Z,2026-09-29T16:37:12.682Z,"{""rows"": 24}",2026-09-29T16:37:12.535Z,http_post,https://api.divar.ir/v8/postlist/w/search,200,ok,136
2069,measure,succeeded,2026-09-29T16:37:12.695Z,2026-09-29T16:37:15.816Z,"{""rows"": 24}",2026-09-29T16:37:15.686Z,http_post,https://api.divar.ir/v8/postlist/w/search,200,ok,113
2070,measure,succeeded,2026-09-29T16:37:15.839Z,2026-09-29T16:37:18.937Z,"{""rows"": 12}",2026-09-29T16:37:18.818Z,http_post,https://api.divar.ir/v8/postlist/w/search,200,ok,104
2071,measure,succeeded,2026-09-29T16:38:16.988Z,2026-09-29T16:38:17.299Z,"{""rows"": 24}",2026-09-29T16:38:16.992Z,http_post,https://api.divar.ir/v8/postlist/w/search,200,ok,295
2072,measure,succeeded,2026-09-29T16:38:17.994Z,2026-09-29T16:38:20.352Z,"{""rows"": 24}",2026-09-29T16:38:20.301Z,http_post,https://api.divar.ir/v8/postlist/w/search,200,ok,38
2073,measure,succeeded,2026-09-29T16:38:20.367Z,2026-09-29T16:38:23.495Z,"{""rows"": 24}",2026-09-29T16:38:23.353Z,http_post,https://api.divar.ir/v8/postlist/w/search,200,ok,125
2074,measure,succeeded,2026-09-29T16:38:23.522Z,2026-09-29T16:38:26.603Z,"{""rows"": 24}",2026-09-29T16:38:26.496Z,http_post,https://api.divar.ir/v8/postlist/w/search,200,ok,96
2075,measure,succeeded,2026-09-29T16:38:26.621Z,2026-09-29T16:38:29.728Z,"{""rows"": 24}",2026-09-29T16:38:29.609Z,http_post,https://api.divar.ir/v8/postlist/w/search,200,ok,109
2076,measure,succeeded,2026-09-29T16:38:29.742Z,2026-09-29T16:38:32.822Z,"{""rows"": 24}",2026-09-29T16:38:32.732Z,http_post,https://api.divar.ir/v8/postlist/w/search,200,ok,78
2077,measure,succeeded,2026-09-29T16:38:32.833Z,2026-09-29T16:38:35.930Z,"{""rows"": 24}",2026-09-29T16:38:35.824Z,http_post,https://api.divar.ir/v8/postlist/w/search,200,ok,97
2078,measure,succeeded,2026-09-29T16:38:35.941Z,2026-09-29T16:38:39.009Z,"{""rows"": 24}",2026-09-29T16:38:38.934Z,http_post,https://api.divar.ir/v8/postlist/w/search,200,ok,66
2079,measure,succeeded,2026-09-29T16:38:39.024Z,2026-09-29T16:38:42.090Z,"{""rows"": 24}",2026-09-29T16:38:42.016Z,http_post,https://api.divar.ir/v8/postlist/w/search,200,ok,58
2080,measure,succeeded,2026-09-29T16:38:42.127Z,2026-09-29T16:38:45.191Z,"{""rows"": 24}",2026-09-29T16:38:45.096Z,http_post,https://api.divar.ir/v8/postlist/w/search,200,ok,68
2081,measure,succeeded,2026-09-29T16:38:45.206Z,2026-09-29T16:38:48.266Z,"{""rows"": 24}",2026-09-29T16:38:48.188Z,http_post,https://api.divar.ir/v8/postlist/w/search,200,ok,69
2082,measure,succeeded,2026-09-29T16:38:48.277Z,2026-09-29T16:38:51.359Z,"{""rows"": 24}",2026-09-29T16:38:51.272Z,http_post,https://api.divar.ir/v8/postlist/w/search,200,ok,77
2083,measure,succeeded,2026-09-29T16:38:51.375Z,2026-09-29T16:38:54.420Z,"{""rows"": 1}",2026-09-29T16:38:54.362Z,http_post,https://api.divar.ir/v8/postlist/w/search,200,ok,49
2084,measure,succeeded,2026-09-29T16:38:54.436Z,2026-09-29T16:38:57.501Z,"{""rows"": 24}",2026-09-29T16:38:57.425Z,http_post,https://api.divar.ir/v8/postlist/w/search,200,ok,66
2085,measure,succeeded,2026-09-29T16:38:57.516Z,2026-09-29T16:39:00.578Z,"{""rows"": 24}",2026-09-29T16:39:00.505Z,http_post,https://api.divar.ir/v8/postlist/w/search,200,ok,55
2086,measure,succeeded,2026-09-29T16:39:00.606Z,2026-09-29T16:39:03.628Z,"{""rows"": 24}",2026-09-29T16:39:03.581Z,http_post,https://api.divar.ir/v8/postlist/w/search,200,ok,38
2087,measure,succeeded,2026-09-29T16:39:03.645Z,2026-09-29T16:39:06.709Z,"{""rows"": 24}",2026-09-29T16:39:06.635Z,http_post,https://api.divar.ir/v8/postlist/w/search,200,ok,59
2088,measure,succeeded,2026-09-29T16:39:06.733Z,2026-09-29T16:39:09.776Z,"{""rows"": 24}",2026-09-29T16:39:09.711Z,http_post,https://api.divar.ir/v8/postlist/w/search,200,ok,47
2089,measure,succeeded,2026-09-29T16:39:09.801Z,2026-09-29T16:39:12.839Z,"{""rows"": 24}",2026-09-29T16:39:12.780Z,http_post,https://api.divar.ir/v8/postlist/w/search,200,ok,49
2090,measure,succeeded,2026-09-29T16:39:12.855Z,2026-09-29T16:39:15.905Z,"{""rows"": 24}",2026-09-29T16:39:15.842Z,http_post,https://api.divar.ir/v8/postlist/w/search,200,ok,53
2091,measure,succeeded,2026-09-29T16:39:15.922Z,2026-09-29T16:39:18.981Z,"{""rows"": 24}",2026-09-29T16:39:18.910Z,http_post,https://api.divar.ir/v8/postlist/w/search,200,ok,54
2092,measure,succeeded,2026-09-29T16:40:17.037Z,2026-09-29T16:40:17.194Z,"{""rows"": 24}",2026-09-29T16:40:17.045Z,http_post,https://api.divar.ir/v8/postlist/w/search,200,ok,103
2093,measure,succeeded,2026-09-29T16:40:18.040Z,2026-09-29T16:40:20.297Z,"{""rows"": 24}",2026-09-29T16:40:20.193Z,http_post,https://api.divar.ir/v8/postlist/w/search,200,ok,89
2094,measure,succeeded,2026-09-29T16:40:20.319Z,2026-09-29T16:40:23.362Z,"{""rows"": 24}",2026-09-29T16:40:23.300Z,http_post,https://api.divar.ir/v8/postlist/w/search,200,ok,48
2095,measure,succeeded,2026-09-29T16:40:23.377Z,2026-09-29T16:40:26.430Z,"{""rows"": 17}",2026-09-29T16:40:26.366Z,http_post,https://api.divar.ir/v8/postlist/w/search,200,ok,52
2096,measure,succeeded,2026-09-29T16:40:26.447Z,2026-09-29T16:40:29.499Z,"{""rows"": 24}",2026-09-29T16:40:29.436Z,http_post,https://api.divar.ir/v8/postlist/w/search,200,ok,47
2097,measure,succeeded,2026-09-29T16:40:29.522Z,2026-09-29T16:40:32.570Z,"{""rows"": 24}",2026-09-29T16:40:32.501Z,http_post,https://api.divar.ir/v8/postlist/w/search,200,ok,57
2098,measure,succeeded,2026-09-29T16:40:32.584Z,2026-09-29T16:40:35.632Z,"{""rows"": 24}",2026-09-29T16:40:35.575Z,http_post,https://api.divar.ir/v8/postlist/w/search,200,ok,50
2099,measure,succeeded,2026-09-29T16:40:35.647Z,2026-09-29T16:40:38.747Z,"{""rows"": 24}",2026-09-29T16:40:38.637Z,http_post,https://api.divar.ir/v8/postlist/w/search,200,ok,96
2100,measure,succeeded,2026-09-29T16:40:38.765Z,2026-09-29T16:40:41.795Z,"{""rows"": 24}",2026-09-29T16:40:41.747Z,http_post,https://api.divar.ir/v8/postlist/w/search,200,ok,38
2101,measure,succeeded,2026-09-29T16:40:41.810Z,2026-09-29T16:40:44.854Z,"{""rows"": 9}",2026-09-29T16:40:44.801Z,http_post,https://api.divar.ir/v8/postlist/w/search,200,ok,42
2102,measure,succeeded,2026-09-29T16:40:44.867Z,2026-09-29T16:40:47.921Z,"{""rows"": 24}",2026-09-29T16:40:47.857Z,http_post,https://api.divar.ir/v8/postlist/w/search,200,ok,46
2103,measure,succeeded,2026-09-29T16:40:47.948Z,2026-09-29T16:40:50.969Z,"{""rows"": 24}",2026-09-29T16:40:50.919Z,http_post,https://api.divar.ir/v8/postlist/w/search,200,ok,38
2104,measure,succeeded,2026-09-29T16:40:50.987Z,2026-09-29T16:40:54.043Z,"{""rows"": 0}",2026-09-29T16:40:53.975Z,http_post,https://api.divar.ir/v8/postlist/w/search,200,ok,49
2105,measure,succeeded,2026-09-29T16:40:54.057Z,2026-09-29T16:40:57.096Z,"{""rows"": 24}",2026-09-29T16:40:57.042Z,http_post,https://api.divar.ir/v8/postlist/w/search,200,ok,46
2106,measure,succeeded,2026-09-29T16:40:57.106Z,2026-09-29T16:41:00.161Z,"{""rows"": 7}",2026-09-29T16:41:00.103Z,http_post,https://api.divar.ir/v8/postlist/w/search,200,ok,38
2107,measure,succeeded,2026-09-29T16:41:00.182Z,2026-09-29T16:41:03.215Z,"{""rows"": 24}",2026-09-29T16:41:03.162Z,http_post,https://api.divar.ir/v8/postlist/w/search,200,ok,41
2108,measure,succeeded,2026-09-29T16:41:03.229Z,2026-09-29T16:41:06.281Z,"{""rows"": 24}",2026-09-29T16:41:06.221Z,http_post,https://api.divar.ir/v8/postlist/w/search,200,ok,49
2109,measure,succeeded,2026-09-29T16:41:06.303Z,2026-09-29T16:41:09.384Z,"{""rows"": 24}",2026-09-29T16:41:09.287Z,http_post,https://api.divar.ir/v8/postlist/w/search,200,ok,81
2110,measure,succeeded,2026-09-29T16:41:09.427Z,2026-09-29T16:41:12.444Z,"{""rows"": 24}",2026-09-29T16:41:12.387Z,http_post,https://api.divar.ir/v8/postlist/w/search,200,ok,44
2111,measure,succeeded,2026-09-29T16:41:12.465Z,2026-09-29T16:41:15.531Z,"{""rows"": 24}",2026-09-29T16:41:15.449Z,http_post,https://api.divar.ir/v8/postlist/w/search,200,ok,64
2112,measure,succeeded,2026-09-29T16:41:15.561Z,2026-09-29T16:41:18.579Z,"{""rows"": 11}",2026-09-29T16:41:18.532Z,http_post,https://api.divar.ir/v8/postlist/w/search,200,ok,39
2113,measure,succeeded,2026-09-29T16:42:17.615Z,2026-09-29T16:42:17.807Z,"{""rows"": 24}",2026-09-29T16:42:17.625Z,http_post,https://api.divar.ir/v8/postlist/w/search,200,ok,174
2114,measure,succeeded,2026-09-29T16:42:18.611Z,2026-09-29T16:42:20.878Z,"{""rows"": 24}",2026-09-29T16:42:20.811Z,http_post,https://api.divar.ir/v8/postlist/w/search,200,ok,58
2115,measure,succeeded,2026-09-29T16:42:20.894Z,2026-09-29T16:42:23.966Z,"{""rows"": 24}",2026-09-29T16:42:23.883Z,http_post,https://api.divar.ir/v8/postlist/w/search,200,ok,67
2116,measure,succeeded,2026-09-29T16:42:23.989Z,2026-09-29T16:42:27.047Z,"{""rows"": 24}",2026-09-29T16:42:26.967Z,http_post,https://api.divar.ir/v8/postlist/w/search,200,ok,70
2117,measure,succeeded,2026-09-29T16:42:27.066Z,2026-09-29T16:42:30.147Z,"{""rows"": 24}",2026-09-29T16:42:30.050Z,http_post,https://api.divar.ir/v8/postlist/w/search,200,ok,83
2118,measure,succeeded,2026-09-29T16:42:30.170Z,2026-09-29T16:42:33.202Z,"{""rows"": 24}",2026-09-29T16:42:33.150Z,http_post,https://api.divar.ir/v8/postlist/w/search,200,ok,43
2119,measure,succeeded,2026-09-29T16:42:33.212Z,2026-09-29T16:42:36.270Z,"{""rows"": 24}",2026-09-29T16:42:36.207Z,http_post,https://api.divar.ir/v8/postlist/w/search,200,ok,58
2120,measure,succeeded,2026-09-29T16:42:36.278Z,2026-09-29T16:42:39.344Z,"{""rows"": 4}",2026-09-29T16:42:39.275Z,http_post,https://api.divar.ir/v8/postlist/w/search,200,ok,62
2121,measure,succeeded,2026-09-29T16:42:39.351Z,2026-09-29T16:42:42.406Z,"{""rows"": 24}",2026-09-29T16:42:42.350Z,http_post,https://api.divar.ir/v8/postlist/w/search,200,ok,47
2122,measure,succeeded,2026-09-29T16:42:42.419Z,2026-09-29T16:42:45.469Z,"{""rows"": 8}",2026-09-29T16:42:45.410Z,http_post,https://api.divar.ir/v8/postlist/w/search,200,ok,47
2123,measure,succeeded,2026-09-29T16:42:45.483Z,2026-09-29T16:42:48.535Z,"{""rows"": 24}",2026-09-29T16:42:48.472Z,http_post,https://api.divar.ir/v8/postlist/w/search,200,ok,49
2124,measure,succeeded,2026-09-29T16:42:48.556Z,2026-09-29T16:42:51.598Z,"{""rows"": 1}",2026-09-29T16:42:51.537Z,http_post,https://api.divar.ir/v8/postlist/w/search,200,ok,57
2125,measure,succeeded,2026-09-29T16:42:51.605Z,2026-09-29T16:42:54.674Z,"{""rows"": 24}",2026-09-29T16:42:54.603Z,http_post,https://api.divar.ir/v8/postlist/w/search,200,ok,64
2126,measure,succeeded,2026-09-29T16:42:54.683Z,2026-09-29T16:42:57.724Z,"{""rows"": 24}",2026-09-29T16:42:57.677Z,http_post,https://api.divar.ir/v8/postlist/w/search,200,ok,40
2127,measure,succeeded,2026-09-29T16:42:57.735Z,2026-09-29T16:43:00.810Z,"{""rows"": 13}",2026-09-29T16:43:00.731Z,http_post,https://api.divar.ir/v8/postlist/w/search,200,ok,70
2128,measure,succeeded,2026-09-29T16:43:00.835Z,2026-09-29T16:43:03.874Z,"{""rows"": 9}",2026-09-29T16:43:03.816Z,http_post,https://api.divar.ir/v8/postlist/w/search,200,ok,42
2129,measure,succeeded,2026-09-29T16:43:03.897Z,2026-09-29T16:43:06.928Z,"{""rows"": 24}",2026-09-29T16:43:06.876Z,http_post,https://api.divar.ir/v8/postlist/w/search,200,ok,44
2130,measure,succeeded,2026-09-29T16:43:06.942Z,2026-09-29T16:43:10.003Z,"{""rows"": 24}",2026-09-29T16:43:09.933Z,http_post,https://api.divar.ir/v8/postlist/w/search,200,ok,60
2131,measure,succeeded,2026-09-29T16:43:10.016Z,2026-09-29T16:43:13.113Z,"{""rows"": 12}",2026-09-29T16:43:13.007Z,http_post,https://api.divar.ir/v8/postlist/w/search,200,ok,97
2132,measure,succeeded,2026-09-29T16:43:13.121Z,2026-09-29T16:43:16.193Z,"{""rows"": 24}",2026-09-29T16:43:16.120Z,http_post,https://api.divar.ir/v8/postlist/w/search,200,ok,64
2133,measure,succeeded,2026-09-29T16:43:16.207Z,2026-09-29T16:43:19.261Z,"{""rows"": 24}",2026-09-29T16:43:19.198Z,http_post,https://api.divar.ir/v8/postlist/w/search,200,ok,49
2134,measure,succeeded,2026-09-29T16:44:17.316Z,2026-09-29T16:44:17.699Z,"{""rows"": 24}",2026-09-29T16:44:17.330Z,http_post,https://api.divar.ir/v8/postlist/w/search,200,ok,295
2135,measure,succeeded,2026-09-29T16:44:18.312Z,2026-09-29T16:44:20.742Z,"{""rows"": 2}",2026-09-29T16:44:20.660Z,http_post,https://api.divar.ir/v8/postlist/w/search,200,ok,76
2136,measure,succeeded,2026-09-29T16:44:20.752Z,2026-09-29T16:44:23.795Z,"{""rows"": 24}",2026-09-29T16:44:23.747Z,http_post,https://api.divar.ir/v8/postlist/w/search,200,ok,43
2137,measure,succeeded,2026-09-29T16:44:23.807Z,2026-09-29T16:44:26.890Z,"{""rows"": 24}",2026-09-29T16:44:26.800Z,http_post,https://api.divar.ir/v8/postlist/w/search,200,ok,74
2138,measure,succeeded,2026-09-29T16:44:26.901Z,2026-09-29T16:44:30.003Z,"{""rows"": 24}",2026-09-29T16:44:29.891Z,http_post,https://api.divar.ir/v8/postlist/w/search,200,ok,72
2139,measure,succeeded,2026-09-29T16:44:30.042Z,2026-09-29T16:44:33.310Z,"{""rows"": 24}",2026-09-29T16:44:33.001Z,http_post,https://api.divar.ir/v8/postlist/w/search,200,ok,231
2140,measure,succeeded,2026-09-29T16:44:33.741Z,2026-09-29T16:44:36.398Z,"{""rows"": 24}",2026-09-29T16:44:36.246Z,http_post,https://api.divar.ir/v8/postlist/w/search,200,ok,124
2141,measure,succeeded,2026-09-29T16:44:36.408Z,2026-09-29T16:44:40.859Z,"{""rows"": 24}",2026-09-29T16:44:39.390Z,http_post,https://api.divar.ir/v8/postlist/w/search,200,ok,118
2142,measure,succeeded,2026-09-29T16:44:40.906Z,2026-09-29T16:44:43.919Z,"{""rows"": 24}",2026-09-29T16:44:43.863Z,http_post,https://api.divar.ir/v8/postlist/w/search,200,ok,43
2143,measure,succeeded,2026-09-29T16:44:43.965Z,2026-09-29T16:44:46.978Z,"{""rows"": 7}",2026-09-29T16:44:46.934Z,http_post,https://api.divar.ir/v8/postlist/w/search,200,ok,38
2144,measure,succeeded,2026-09-29T16:44:46.987Z,2026-09-29T16:44:50.048Z,"{""rows"": 24}",2026-09-29T16:44:49.983Z,http_post,https://api.divar.ir/v8/postlist/w/search,200,ok,58
2145,measure,succeeded,2026-09-29T16:44:50.060Z,2026-09-29T16:44:53.137Z,"{""rows"": 24}",2026-09-29T16:44:53.056Z,http_post,https://api.divar.ir/v8/postlist/w/search,200,ok,57
2146,measure,succeeded,2026-09-29T16:44:53.155Z,2026-09-29T16:44:56.252Z,"{""rows"": 24}",2026-09-29T16:44:56.140Z,http_post,https://api.divar.ir/v8/postlist/w/search,200,ok,71
2147,measure,succeeded,2026-09-29T16:44:56.293Z,2026-09-29T16:44:59.328Z,"{""rows"": 20}",2026-09-29T16:44:59.235Z,http_post,https://api.divar.ir/v8/postlist/w/search,200,ok,79
2148,measure,succeeded,2026-09-29T16:44:59.350Z,2026-09-29T16:45:02.411Z,"{""rows"": 24}",2026-09-29T16:45:02.335Z,http_post,https://api.divar.ir/v8/postlist/w/search,200,ok,62
2149,measure,succeeded,2026-09-29T16:45:02.438Z,2026-09-29T16:45:05.531Z,"{""rows"": 24}",2026-09-29T16:45:05.416Z,http_post,https://api.divar.ir/v8/postlist/w/search,200,ok,99
2150,measure,succeeded,2026-09-29T16:45:05.564Z,2026-09-29T16:45:08.628Z,"{""rows"": 24}",2026-09-29T16:45:08.532Z,http_post,https://api.divar.ir/v8/postlist/w/search,200,ok,74
2151,measure,succeeded,2026-09-29T16:45:08.665Z,2026-09-29T16:45:11.770Z,"{""rows"": 24}",2026-09-29T16:45:11.632Z,http_post,https://api.divar.ir/v8/postlist/w/search,200,ok,78
2152,measure,succeeded,2026-09-29T16:45:11.987Z,2026-09-29T16:45:14.817Z,"{""rows"": 24}",2026-09-29T16:45:14.747Z,http_post,https://api.divar.ir/v8/postlist/w/search,200,ok,50
2153,measure,succeeded,2026-09-29T16:45:14.898Z,2026-09-29T16:45:17.917Z,"{""rows"": 24}",2026-09-29T16:45:17.819Z,http_post,https://api.divar.ir/v8/postlist/w/search,200,ok,78
2154,measure,succeeded,2026-09-29T16:46:18.073Z,2026-09-29T16:46:18.179Z,"{""rows"": 24}",2026-09-29T16:46:18.079Z,http_post,https://api.divar.ir/v8/postlist/w/search,200,ok,95
2155,measure,succeeded,2026-09-29T16:46:19.074Z,2026-09-29T16:46:21.234Z,"{""rows"": 24}",2026-09-29T16:46:21.184Z,http_post,https://api.divar.ir/v8/postlist/w/search,200,ok,43
2156,measure,succeeded,2026-09-29T16:46:21.242Z,2026-09-29T16:46:24.285Z,"{""rows"": 2}",2026-09-29T16:46:24.239Z,http_post,https://api.divar.ir/v8/postlist/w/search,200,ok,38
2157,measure,succeeded,2026-09-29T16:46:24.291Z,2026-09-29T16:46:27.334Z,"{""rows"": 12}",2026-09-29T16:46:27.291Z,http_post,https://api.divar.ir/v8/postlist/w/search,200,ok,35
2158,measure,succeeded,2026-09-29T16:46:27.346Z,2026-09-29T16:46:30.431Z,"{""rows"": 24}",2026-09-29T16:46:30.343Z,http_post,https://api.divar.ir/v8/postlist/w/search,200,ok,75
2159,measure,succeeded,2026-09-29T16:46:30.454Z,2026-09-29T16:46:33.480Z,"{""rows"": 24}",2026-09-29T16:46:33.433Z,http_post,https://api.divar.ir/v8/postlist/w/search,200,ok,40
2160,measure,succeeded,2026-09-29T16:46:33.489Z,2026-09-29T16:46:36.533Z,"{""rows"": 4}",2026-09-29T16:46:36.486Z,http_post,https://api.divar.ir/v8/postlist/w/search,200,ok,42
2161,measure,succeeded,2026-09-29T16:46:36.541Z,2026-09-29T16:46:39.590Z,"{""rows"": 24}",2026-09-29T16:46:39.537Z,http_post,https://api.divar.ir/v8/postlist/w/search,200,ok,48
2162,measure,succeeded,2026-09-29T16:46:39.598Z,2026-09-29T16:46:42.670Z,"{""rows"": 24}",2026-09-29T16:46:42.595Z,http_post,https://api.divar.ir/v8/postlist/w/search,200,ok,64
2163,measure,succeeded,2026-09-29T16:46:42.691Z,2026-09-29T16:46:45.771Z,"{""rows"": 15}",2026-09-29T16:46:45.674Z,http_post,https://api.divar.ir/v8/postlist/w/search,200,ok,91
2164,measure,succeeded,2026-09-29T16:46:45.778Z,2026-09-29T16:46:48.848Z,"{""rows"": 24}",2026-09-29T16:46:48.778Z,http_post,https://api.divar.ir/v8/postlist/w/search,200,ok,56
2165,measure,succeeded,2026-09-29T16:46:48.868Z,2026-09-29T16:46:51.909Z,"{""rows"": 24}",2026-09-29T16:46:51.851Z,http_post,https://api.divar.ir/v8/postlist/w/search,200,ok,47
2166,measure,succeeded,2026-09-29T16:46:51.924Z,2026-09-29T16:46:54.983Z,"{""rows"": 24}",2026-09-29T16:46:54.913Z,http_post,https://api.divar.ir/v8/postlist/w/search,200,ok,58
2167,measure,succeeded,2026-09-29T16:46:54.999Z,2026-09-29T16:46:58.052Z,"{""rows"": 24}",2026-09-29T16:46:57.987Z,http_post,https://api.divar.ir/v8/postlist/w/search,200,ok,52
2168,measure,succeeded,2026-09-29T16:46:58.071Z,2026-09-29T16:47:01.200Z,"{""rows"": 24}",2026-09-29T16:47:01.055Z,http_post,https://api.divar.ir/v8/postlist/w/search,200,ok,115
2169,measure,succeeded,2026-09-29T16:47:01.232Z,2026-09-29T16:47:04.254Z,"{""rows"": 24}",2026-09-29T16:47:04.192Z,http_post,https://api.divar.ir/v8/postlist/w/search,200,ok,47
2170,measure,succeeded,2026-09-29T16:47:04.274Z,2026-09-29T16:47:07.307Z,"{""rows"": 24}",2026-09-29T16:47:07.255Z,http_post,https://api.divar.ir/v8/postlist/w/search,200,ok,45
2171,measure,succeeded,2026-09-29T16:47:07.316Z,2026-09-29T16:47:10.371Z,"{""rows"": 24}",2026-09-29T16:47:10.312Z,http_post,https://api.divar.ir/v8/postlist/w/search,200,ok,52
2172,measure,succeeded,2026-09-29T16:47:10.379Z,2026-09-29T16:47:13.464Z,"{""rows"": 24}",2026-09-29T16:47:13.377Z,http_post,https://api.divar.ir/v8/postlist/w/search,200,ok,79
2173,measure,succeeded,2026-09-29T16:47:13.471Z,2026-09-29T16:47:16.606Z,"{""rows"": 24}",2026-09-29T16:47:16.468Z,http_post,https://api.divar.ir/v8/postlist/w/search,200,ok,126
2174,measure,succeeded,2026-09-29T16:47:16.626Z,2026-09-29T16:47:19.665Z,"{""rows"": 24}",2026-09-29T16:47:19.608Z,http_post,https://api.divar.ir/v8/postlist/w/search,200,ok,48
2175,measure,succeeded,2026-09-29T16:48:17.703Z,2026-09-29T16:48:17.962Z,"{""rows"": 24}",2026-09-29T16:48:17.706Z,http_post,https://api.divar.ir/v8/postlist/w/search,200,ok,248
2176,measure,succeeded,2026-09-29T16:48:18.707Z,2026-09-29T16:48:21.031Z,"{""rows"": 24}",2026-09-29T16:48:20.964Z,http_post,https://api.divar.ir/v8/postlist/w/search,200,ok,57
2177,measure,succeeded,2026-09-29T16:48:21.048Z,2026-09-29T16:48:24.096Z,"{""rows"": 24}",2026-09-29T16:48:24.035Z,http_post,https://api.divar.ir/v8/postlist/w/search,200,ok,54
2178,measure,succeeded,2026-09-29T16:48:24.105Z,2026-09-29T16:48:27.152Z,"{""rows"": 24}",2026-09-29T16:48:27.102Z,http_post,https://api.divar.ir/v8/postlist/w/search,200,ok,41
2179,measure,succeeded,2026-09-29T16:48:27.161Z,2026-09-29T16:48:30.253Z,"{""rows"": 24}",2026-09-29T16:48:30.158Z,http_post,https://api.divar.ir/v8/postlist/w/search,200,ok,43
2180,measure,succeeded,2026-09-29T16:48:30.263Z,2026-09-29T16:48:33.323Z,"{""rows"": 24}",2026-09-29T16:48:33.260Z,http_post,https://api.divar.ir/v8/postlist/w/search,200,ok,48
2181,measure,succeeded,2026-09-29T16:48:33.343Z,2026-09-29T16:48:36.376Z,"{""rows"": 24}",2026-09-29T16:48:36.326Z,http_post,https://api.divar.ir/v8/postlist/w/search,200,ok,42
2182,measure,succeeded,2026-09-29T16:48:36.386Z,2026-09-29T16:48:39.487Z,"{""rows"": 24}",2026-09-29T16:48:39.380Z,http_post,https://api.divar.ir/v8/postlist/w/search,200,ok,99
2183,measure,succeeded,2026-09-29T16:48:39.495Z,2026-09-29T16:48:42.551Z,"{""rows"": 24}",2026-09-29T16:48:42.491Z,http_post,https://api.divar.ir/v8/postlist/w/search,200,ok,49
2184,measure,succeeded,2026-09-29T16:48:42.567Z,2026-09-29T16:48:45.628Z,"{""rows"": 24}",2026-09-29T16:48:45.556Z,http_post,https://api.divar.ir/v8/postlist/w/search,200,ok,65
2185,measure,succeeded,2026-09-29T16:48:45.636Z,2026-09-29T16:48:48.689Z,"{""rows"": 24}",2026-09-29T16:48:48.635Z,http_post,https://api.divar.ir/v8/postlist/w/search,200,ok,40
2186,measure,succeeded,2026-09-29T16:48:48.710Z,2026-09-29T16:48:51.754Z,"{""rows"": 24}",2026-09-29T16:48:51.692Z,http_post,https://api.divar.ir/v8/postlist/w/search,200,ok,53
2187,measure,succeeded,2026-09-29T16:48:51.769Z,2026-09-29T16:48:54.822Z,"{""rows"": 24}",2026-09-29T16:48:54.759Z,http_post,https://api.divar.ir/v8/postlist/w/search,200,ok,56
2188,measure,succeeded,2026-09-29T16:48:54.833Z,2026-09-29T16:48:57.880Z,"{""rows"": 2}",2026-09-29T16:48:57.828Z,http_post,https://api.divar.ir/v8/postlist/w/search,200,ok,42
2189,measure,succeeded,2026-09-29T16:48:57.889Z,2026-09-29T16:49:00.935Z,"{""rows"": 24}",2026-09-29T16:49:00.883Z,http_post,https://api.divar.ir/v8/postlist/w/search,200,ok,44
2190,measure,succeeded,2026-09-29T16:49:00.943Z,2026-09-29T16:49:03.979Z,"{""rows"": 12}",2026-09-29T16:49:03.939Z,http_post,https://api.divar.ir/v8/postlist/w/search,200,ok,32
2191,measure,succeeded,2026-09-29T16:49:03.987Z,2026-09-29T16:49:07.040Z,"{""rows"": 24}",2026-09-29T16:49:06.983Z,http_post,https://api.divar.ir/v8/postlist/w/search,200,ok,49
2192,measure,succeeded,2026-09-29T16:49:07.052Z,2026-09-29T16:49:10.103Z,"{""rows"": 24}",2026-09-29T16:49:10.044Z,http_post,https://api.divar.ir/v8/postlist/w/search,200,ok,47
2193,measure,succeeded,2026-09-29T16:49:10.119Z,2026-09-29T16:49:13.157Z,"{""rows"": 24}",2026-09-29T16:49:13.108Z,http_post,https://api.divar.ir/v8/postlist/w/search,200,ok,39
2194,measure,succeeded,2026-09-29T16:49:13.175Z,2026-09-29T16:49:16.224Z,"{""rows"": 24}",2026-09-29T16:49:16.162Z,http_post,https://api.divar.ir/v8/postlist/w/search,200,ok,45
2195,measure,succeeded,2026-09-29T16:49:16.241Z,2026-09-29T16:49:19.286Z,"{""rows"": 24}",2026-09-29T16:49:19.225Z,http_post,https://api.divar.ir/v8/postlist/w/search,200,ok,48
2196,measure,succeeded,2026-09-29T16:50:17.332Z,2026-09-29T16:50:17.401Z,"{""rows"": 24}",2026-09-29T16:50:17.336Z,http_post,https://api.divar.ir/v8/postlist/w/search,200,ok,60
2197,measure,succeeded,2026-09-29T16:50:18.330Z,2026-09-29T16:50:20.527Z,"{""rows"": 24}",2026-09-29T16:50:20.406Z,http_post,https://api.divar.ir/v8/postlist/w/search,200,ok,114
2198,measure,succeeded,2026-09-29T16:50:20.537Z,2026-09-29T16:50:23.657Z,"{""rows"": 24}",2026-09-29T16:50:23.536Z,http_post,https://api.divar.ir/v8/postlist/w/search,200,ok,113
2199,measure,succeeded,2026-09-29T16:50:23.674Z,2026-09-29T16:50:26.719Z,"{""rows"": 24}",2026-09-29T16:50:26.662Z,http_post,https://api.divar.ir/v8/postlist/w/search,200,ok,43
2200,measure,succeeded,2026-09-29T16:50:26.738Z,2026-09-29T16:50:29.778Z,"{""rows"": 24}",2026-09-29T16:50:29.721Z,http_post,https://api.divar.ir/v8/postlist/w/search,200,ok,51
2201,measure,succeeded,2026-09-29T16:50:29.787Z,2026-09-29T16:50:33.140Z,"{""rows"": 24}",2026-09-29T16:50:32.782Z,http_post,https://api.divar.ir/v8/postlist/w/search,200,ok,349
2202,measure,succeeded,2026-09-29T16:50:33.152Z,2026-09-29T16:50:36.221Z,"{""rows"": 24}",2026-09-29T16:50:36.147Z,http_post,https://api.divar.ir/v8/postlist/w/search,200,ok,65
2203,measure,succeeded,2026-09-29T16:50:36.238Z,2026-09-29T16:50:39.273Z,"{""rows"": 24}",2026-09-29T16:50:39.226Z,http_post,https://api.divar.ir/v8/postlist/w/search,200,ok,41
2204,measure,succeeded,2026-09-29T16:50:39.284Z,2026-09-29T16:50:42.362Z,"{""rows"": 24}",2026-09-29T16:50:42.282Z,http_post,https://api.divar.ir/v8/postlist/w/search,200,ok,67
2205,measure,succeeded,2026-09-29T16:50:42.382Z,2026-09-29T16:50:45.416Z,"{""rows"": 24}",2026-09-29T16:50:45.366Z,http_post,https://api.divar.ir/v8/postlist/w/search,200,ok,42
2206,measure,succeeded,2026-09-29T16:50:45.431Z,2026-09-29T16:50:48.539Z,"{""rows"": 18}",2026-09-29T16:50:48.420Z,http_post,https://api.divar.ir/v8/postlist/w/search,200,ok,108
2207,measure,succeeded,2026-09-29T16:50:48.562Z,2026-09-29T16:50:51.668Z,"{""rows"": 24}",2026-09-29T16:50:51.546Z,http_post,https://api.divar.ir/v8/postlist/w/search,200,ok,106
2208,measure,succeeded,2026-09-29T16:50:51.689Z,2026-09-29T16:50:54.731Z,"{""rows"": 24}",2026-09-29T16:50:54.670Z,http_post,https://api.divar.ir/v8/postlist/w/search,200,ok,50
2209,measure,succeeded,2026-09-29T16:50:54.748Z,2026-09-29T16:50:57.806Z,"{""rows"": 24}",2026-09-29T16:50:57.737Z,http_post,https://api.divar.ir/v8/postlist/w/search,200,ok,59
2210,measure,succeeded,2026-09-29T16:50:57.842Z,2026-09-29T16:51:00.893Z,"{""rows"": 24}",2026-09-29T16:51:00.816Z,http_post,https://api.divar.ir/v8/postlist/w/search,200,ok,48
2211,measure,succeeded,2026-09-29T16:51:00.911Z,2026-09-29T16:51:03.990Z,"{""rows"": 24}",2026-09-29T16:51:03.907Z,http_post,https://api.divar.ir/v8/postlist/w/search,200,ok,60
2212,measure,succeeded,2026-09-29T16:51:04.068Z,2026-09-29T16:51:07.051Z,"{""rows"": 24}",2026-09-29T16:51:06.984Z,http_post,https://api.divar.ir/v8/postlist/w/search,200,ok,57
2213,measure,succeeded,2026-09-29T16:51:07.081Z,2026-09-29T16:51:10.126Z,"{""rows"": 24}",2026-09-29T16:51:10.057Z,http_post,https://api.divar.ir/v8/postlist/w/search,200,ok,54
2214,measure,succeeded,2026-09-29T16:51:10.149Z,2026-09-29T16:51:13.188Z,"{""rows"": 24}",2026-09-29T16:51:13.126Z,http_post,https://api.divar.ir/v8/postlist/w/search,200,ok,47
2215,measure,succeeded,2026-09-29T16:51:13.211Z,2026-09-29T16:51:16.317Z,"{""rows"": 24}",2026-09-29T16:51:16.190Z,http_post,https://api.divar.ir/v8/postlist/w/search,200,ok,80
2216,measure,succeeded,2026-09-29T16:51:16.368Z,2026-09-29T16:51:19.371Z,"{""rows"": 24}",2026-09-29T16:51:19.299Z,http_post,https://api.divar.ir/v8/postlist/w/search,200,ok,53
2217,measure,succeeded,2026-09-29T16:52:17.513Z,2026-09-29T16:52:17.587Z,"{""rows"": 1}",2026-09-29T16:52:17.517Z,http_post,https://api.divar.ir/v8/postlist/w/search,200,ok,65
2218,measure,succeeded,2026-09-29T16:52:18.513Z,2026-09-29T16:52:20.730Z,"{""rows"": 24}",2026-09-29T16:52:20.593Z,http_post,https://api.divar.ir/v8/postlist/w/search,200,ok,127
2219,measure,succeeded,2026-09-29T16:52:20.743Z,2026-09-29T16:52:23.802Z,"{""rows"": 2}",2026-09-29T16:52:23.732Z,http_post,https://api.divar.ir/v8/postlist/w/search,200,ok,64
2220,measure,succeeded,2026-09-29T16:52:23.810Z,2026-09-29T16:52:26.880Z,"{""rows"": 24}",2026-09-29T16:52:26.807Z,http_post,https://api.divar.ir/v8/postlist/w/search,200,ok,60
2221,measure,succeeded,2026-09-29T16:52:26.897Z,2026-09-29T16:52:29.932Z,"{""rows"": 24}",2026-09-29T16:52:29.884Z,http_post,https://api.divar.ir/v8/postlist/w/search,200,ok,39
2222,measure,succeeded,2026-09-29T16:52:29.941Z,2026-09-29T16:52:33.025Z,"{""rows"": 24}",2026-09-29T16:52:32.935Z,http_post,https://api.divar.ir/v8/postlist/w/search,200,ok,78
2223,measure,succeeded,2026-09-29T16:52:33.044Z,2026-09-29T16:52:36.080Z,"{""rows"": 14}",2026-09-29T16:52:36.027Z,http_post,https://api.divar.ir/v8/postlist/w/search,200,ok,44
2224,measure,succeeded,2026-09-29T16:52:36.092Z,2026-09-29T16:52:39.139Z,"{""rows"": 24}",2026-09-29T16:52:39.083Z,http_post,https://api.divar.ir/v8/postlist/w/search,200,ok,44
2225,measure,succeeded,2026-09-29T16:52:39.159Z,2026-09-29T16:52:42.206Z,"{""rows"": 24}",2026-09-29T16:52:42.143Z,http_post,https://api.divar.ir/v8/postlist/w/search,200,ok,49
2226,measure,succeeded,2026-09-29T16:52:42.252Z,2026-09-29T16:52:45.270Z,"{""rows"": 24}",2026-09-29T16:52:45.209Z,http_post,https://api.divar.ir/v8/postlist/w/search,200,ok,55
2227,measure,succeeded,2026-09-29T16:52:45.277Z,2026-09-29T16:52:48.331Z,"{""rows"": 24}",2026-09-29T16:52:48.275Z,http_post,https://api.divar.ir/v8/postlist/w/search,200,ok,50
2228,measure,succeeded,2026-09-29T16:52:48.338Z,2026-09-29T16:52:51.404Z,"{""rows"": 24}",2026-09-29T16:52:51.338Z,http_post,https://api.divar.ir/v8/postlist/w/search,200,ok,59
2229,measure,succeeded,2026-09-29T16:52:51.414Z,2026-09-29T16:52:54.507Z,"{""rows"": 21}",2026-09-29T16:52:54.409Z,http_post,https://api.divar.ir/v8/postlist/w/search,200,ok,89
2230,measure,succeeded,2026-09-29T16:52:54.515Z,2026-09-29T16:52:57.602Z,"{""rows"": 24}",2026-09-29T16:52:57.511Z,http_post,https://api.divar.ir/v8/postlist/w/search,200,ok,84
2231,measure,succeeded,2026-09-29T16:52:57.611Z,2026-09-29T16:53:00.683Z,"{""rows"": 23}",2026-09-29T16:53:00.609Z,http_post,https://api.divar.ir/v8/postlist/w/search,200,ok,57
2232,measure,succeeded,2026-09-29T16:53:00.702Z,2026-09-29T16:53:03.776Z,"{""rows"": 24}",2026-09-29T16:53:03.682Z,http_post,https://api.divar.ir/v8/postlist/w/search,200,ok,86
2233,measure,succeeded,2026-09-29T16:53:03.786Z,2026-09-29T16:53:06.827Z,"{""rows"": 24}",2026-09-29T16:53:06.781Z,http_post,https://api.divar.ir/v8/postlist/w/search,200,ok,38
2234,measure,succeeded,2026-09-29T16:53:06.837Z,2026-09-29T16:53:09.879Z,"{""rows"": 24}",2026-09-29T16:53:09.830Z,http_post,https://api.divar.ir/v8/postlist/w/search,200,ok,41
2235,measure,succeeded,2026-09-29T16:53:09.892Z,2026-09-29T16:53:12.934Z,"{""rows"": 2}",2026-09-29T16:53:12.883Z,http_post,https://api.divar.ir/v8/postlist/w/search,200,ok,40
2236,measure,succeeded,2026-09-29T16:53:12.950Z,2026-09-29T16:53:16.071Z,"{""rows"": 24}",2026-09-29T16:53:15.939Z,http_post,https://api.divar.ir/v8/postlist/w/search,200,ok,114
2237,measure,succeeded,2026-09-29T16:53:16.094Z,2026-09-29T16:53:19.129Z,"{""rows"": 24}",2026-09-29T16:53:19.070Z,http_post,https://api.divar.ir/v8/postlist/w/search,200,ok,52
2238,measure,succeeded,2026-09-29T16:54:17.169Z,2026-09-29T16:54:17.475Z,"{""rows"": 24}",2026-09-29T16:54:17.172Z,http_post,https://api.divar.ir/v8/postlist/w/search,200,ok,288
2239,measure,succeeded,2026-09-29T16:54:18.171Z,2026-09-29T16:54:20.525Z,"{""rows"": 24}",2026-09-29T16:54:20.475Z,http_post,https://api.divar.ir/v8/postlist/w/search,200,ok,42
2240,measure,succeeded,2026-09-29T16:54:20.539Z,2026-09-29T16:54:23.617Z,"{""rows"": 24}",2026-09-29T16:54:23.530Z,http_post,https://api.divar.ir/v8/postlist/w/search,200,ok,80
2241,measure,succeeded,2026-09-29T16:54:23.627Z,2026-09-29T16:54:26.673Z,"{""rows"": 24}",2026-09-29T16:54:26.624Z,http_post,https://api.divar.ir/v8/postlist/w/search,200,ok,41
2242,measure,succeeded,2026-09-29T16:54:26.685Z,2026-09-29T16:54:29.774Z,"{""rows"": 24}",2026-09-29T16:54:29.678Z,http_post,https://api.divar.ir/v8/postlist/w/search,200,ok,88
2243,measure,succeeded,2026-09-29T16:54:29.787Z,2026-09-29T16:54:32.853Z,"{""rows"": 24}",2026-09-29T16:54:32.778Z,http_post,https://api.divar.ir/v8/postlist/w/search,200,ok,63
2244,measure,succeeded,2026-09-29T16:54:32.877Z,2026-09-29T16:54:35.916Z,"{""rows"": 24}",2026-09-29T16:54:35.859Z,http_post,https://api.divar.ir/v8/postlist/w/search,200,ok,42
2245,measure,succeeded,2026-09-29T16:54:35.939Z,2026-09-29T16:54:38.985Z,"{""rows"": 24}",2026-09-29T16:54:38.918Z,http_post,https://api.divar.ir/v8/postlist/w/search,200,ok,61
2246,measure,succeeded,2026-09-29T16:54:38.996Z,2026-09-29T16:54:42.052Z,"{""rows"": 24}",2026-09-29T16:54:41.991Z,http_post,https://api.divar.ir/v8/postlist/w/search,200,ok,50
2247,measure,succeeded,2026-09-29T16:54:42.070Z,2026-09-29T16:54:45.107Z,"{""rows"": 24}",2026-09-29T16:54:45.056Z,http_post,https://api.divar.ir/v8/postlist/w/search,200,ok,45
2248,measure,succeeded,2026-09-29T16:54:45.115Z,2026-09-29T16:54:48.237Z,"{""rows"": 24}",2026-09-29T16:54:48.114Z,http_post,https://api.divar.ir/v8/postlist/w/search,200,ok,112
2249,measure,succeeded,2026-09-29T16:54:48.252Z,2026-09-29T16:54:51.286Z,"{""rows"": 24}",2026-09-29T16:54:51.240Z,http_post,https://api.divar.ir/v8/postlist/w/search,200,ok,41
2250,measure,succeeded,2026-09-29T16:54:51.297Z,2026-09-29T16:54:54.457Z,"{""rows"": 24}",2026-09-29T16:54:54.291Z,http_post,https://api.divar.ir/v8/postlist/w/search,200,ok,153
2251,measure,succeeded,2026-09-29T16:54:54.477Z,2026-09-29T16:54:57.533Z,"{""rows"": 18}",2026-09-29T16:54:57.459Z,http_post,https://api.divar.ir/v8/postlist/w/search,200,ok,67
2252,measure,succeeded,2026-09-29T16:54:57.540Z,2026-09-29T16:55:00.630Z,"{""rows"": 24}",2026-09-29T16:55:00.536Z,http_post,https://api.divar.ir/v8/postlist/w/search,200,ok,77
2253,measure,succeeded,2026-09-29T16:55:00.663Z,2026-09-29T16:55:03.703Z,"{""rows"": 0}",2026-09-29T16:55:03.632Z,http_post,https://api.divar.ir/v8/postlist/w/search,200,ok,55
2254,measure,succeeded,2026-09-29T16:55:03.722Z,2026-09-29T16:55:06.765Z,"{""rows"": 24}",2026-09-29T16:55:06.705Z,http_post,https://api.divar.ir/v8/postlist/w/search,200,ok,54
2255,measure,succeeded,2026-09-29T16:55:06.775Z,2026-09-29T16:55:09.841Z,"{""rows"": 24}",2026-09-29T16:55:09.771Z,http_post,https://api.divar.ir/v8/postlist/w/search,200,ok,61
2256,measure,succeeded,2026-09-29T16:55:09.852Z,2026-09-29T16:55:12.938Z,"{""rows"": 24}",2026-09-29T16:55:12.845Z,http_post,https://api.divar.ir/v8/postlist/w/search,200,ok,79
2257,measure,succeeded,2026-09-29T16:55:12.961Z,2026-09-29T16:55:16.002Z,"{""rows"": 24}",2026-09-29T16:55:15.941Z,http_post,https://api.divar.ir/v8/postlist/w/search,200,ok,50
2258,measure,succeeded,2026-09-29T16:55:16.017Z,2026-09-29T16:55:19.063Z,"{""rows"": 24}",2026-09-29T16:55:19.008Z,http_post,https://api.divar.ir/v8/postlist/w/search,200,ok,46
2259,measure,succeeded,2026-09-29T16:56:17.098Z,2026-09-29T16:56:17.216Z,"{""rows"": 24}",2026-09-29T16:56:17.103Z,http_post,https://api.divar.ir/v8/postlist/w/search,200,ok,94
2260,measure,succeeded,2026-09-29T16:56:18.101Z,2026-09-29T16:56:20.265Z,"{""rows"": 24}",2026-09-29T16:56:20.214Z,http_post,https://api.divar.ir/v8/postlist/w/search,200,ok,40
2261,measure,succeeded,2026-09-29T16:56:20.277Z,2026-09-29T16:56:23.353Z,"{""rows"": 24}",2026-09-29T16:56:23.271Z,http_post,https://api.divar.ir/v8/postlist/w/search,200,ok,69
2262,measure,succeeded,2026-09-29T16:56:23.372Z,2026-09-29T16:56:26.429Z,"{""rows"": 24}",2026-09-29T16:56:26.355Z,http_post,https://api.divar.ir/v8/postlist/w/search,200,ok,68
2263,measure,succeeded,2026-09-29T16:56:26.441Z,2026-09-29T16:56:29.516Z,"{""rows"": 24}",2026-09-29T16:56:29.435Z,http_post,https://api.divar.ir/v8/postlist/w/search,200,ok,65
2264,measure,succeeded,2026-09-29T16:56:29.542Z,2026-09-29T16:56:32.589Z,"{""rows"": 24}",2026-09-29T16:56:32.517Z,http_post,https://api.divar.ir/v8/postlist/w/search,200,ok,54
2265,measure,succeeded,2026-09-29T16:56:32.606Z,2026-09-29T16:56:35.649Z,"{""rows"": 24}",2026-09-29T16:56:35.589Z,http_post,https://api.divar.ir/v8/postlist/w/search,200,ok,43
2266,measure,succeeded,2026-09-29T16:56:35.663Z,2026-09-29T16:56:38.712Z,"{""rows"": 24}",2026-09-29T16:56:38.650Z,http_post,https://api.divar.ir/v8/postlist/w/search,200,ok,48
2267,measure,succeeded,2026-09-29T16:56:38.732Z,2026-09-29T16:56:41.812Z,"{""rows"": 24}",2026-09-29T16:56:41.716Z,http_post,https://api.divar.ir/v8/postlist/w/search,200,ok,85
2268,measure,succeeded,2026-09-29T16:56:41.827Z,2026-09-29T16:56:44.887Z,"{""rows"": 24}",2026-09-29T16:56:44.818Z,http_post,https://api.divar.ir/v8/postlist/w/search,200,ok,45
2269,measure,succeeded,2026-09-29T16:56:44.913Z,2026-09-29T16:56:47.943Z,"{""rows"": 24}",2026-09-29T16:56:47.881Z,http_post,https://api.divar.ir/v8/postlist/w/search,200,ok,54
2270,measure,succeeded,2026-09-29T16:56:47.950Z,2026-09-29T16:56:51.028Z,"{""rows"": 24}",2026-09-29T16:56:50.948Z,http_post,https://api.divar.ir/v8/postlist/w/search,200,ok,72
2271,measure,succeeded,2026-09-29T16:56:51.037Z,2026-09-29T16:56:54.105Z,"{""rows"": 24}",2026-09-29T16:56:54.033Z,http_post,https://api.divar.ir/v8/postlist/w/search,200,ok,66
2272,measure,succeeded,2026-09-29T16:56:54.114Z,2026-09-29T16:56:57.266Z,"{""rows"": 24}",2026-09-29T16:56:57.111Z,http_post,https://api.divar.ir/v8/postlist/w/search,200,ok,142
2273,measure,succeeded,2026-09-29T16:56:57.287Z,2026-09-29T16:57:00.398Z,"{""rows"": 24}",2026-09-29T16:57:00.275Z,http_post,https://api.divar.ir/v8/postlist/w/search,200,ok,111
2274,measure,succeeded,2026-09-29T16:57:00.418Z,2026-09-29T16:57:03.507Z,"{""rows"": 24}",2026-09-29T16:57:03.400Z,http_post,https://api.divar.ir/v8/postlist/w/search,200,ok,95
2275,measure,succeeded,2026-09-29T16:57:03.521Z,2026-09-29T16:57:06.566Z,"{""rows"": 24}",2026-09-29T16:57:06.509Z,http_post,https://api.divar.ir/v8/postlist/w/search,200,ok,47
2276,measure,succeeded,2026-09-29T16:57:06.596Z,2026-09-29T16:57:09.657Z,"{""rows"": 24}",2026-09-29T16:57:09.570Z,http_post,https://api.divar.ir/v8/postlist/w/search,200,ok,71
2277,measure,succeeded,2026-09-29T16:57:09.673Z,2026-09-29T16:57:12.714Z,"{""rows"": 24}",2026-09-29T16:57:12.658Z,http_post,https://api.divar.ir/v8/postlist/w/search,200,ok,47
2278,measure,succeeded,2026-09-29T16:57:12.723Z,2026-09-29T16:57:15.798Z,"{""rows"": 24}",2026-09-29T16:57:15.719Z,http_post,https://api.divar.ir/v8/postlist/w/search,200,ok,66
2279,measure,succeeded,2026-09-29T16:57:15.825Z,2026-09-29T16:57:18.862Z,"{""rows"": 24}",2026-09-29T16:57:18.805Z,http_post,https://api.divar.ir/v8/postlist/w/search,200,ok,48
2280,measure,succeeded,2026-09-29T16:58:16.936Z,2026-09-29T16:58:17.225Z,"{""rows"": 24}",2026-09-29T16:58:16.949Z,http_post,https://api.divar.ir/v8/postlist/w/search,200,ok,220
2281,measure,succeeded,2026-09-29T16:58:17.938Z,2026-09-29T16:58:20.277Z,"{""rows"": 24}",2026-09-29T16:58:20.211Z,http_post,https://api.divar.ir/v8/postlist/w/search,200,ok,49
2282,measure,succeeded,2026-09-29T16:58:20.305Z,2026-09-29T16:58:23.378Z,"{""rows"": 24}",2026-09-29T16:58:23.279Z,http_post,https://api.divar.ir/v8/postlist/w/search,200,ok,82
2283,measure,succeeded,2026-09-29T16:58:23.406Z,2026-09-29T16:58:26.444Z,"{""rows"": 24}",2026-09-29T16:58:26.381Z,http_post,https://api.divar.ir/v8/postlist/w/search,200,ok,50
2284,measure,succeeded,2026-09-29T16:58:26.477Z,2026-09-29T16:58:29.520Z,"{""rows"": 24}",2026-09-29T16:58:29.453Z,http_post,https://api.divar.ir/v8/postlist/w/search,200,ok,52
2285,measure,succeeded,2026-09-29T16:58:29.551Z,2026-09-29T16:58:32.576Z,"{""rows"": 7}",2026-09-29T16:58:32.521Z,http_post,https://api.divar.ir/v8/postlist/w/search,200,ok,45
2286,measure,succeeded,2026-09-29T16:58:32.594Z,2026-09-29T16:58:35.638Z,"{""rows"": 24}",2026-09-29T16:58:35.581Z,http_post,https://api.divar.ir/v8/postlist/w/search,200,ok,47
2287,measure,succeeded,2026-09-29T16:58:35.663Z,2026-09-29T16:58:38.706Z,"{""rows"": 24}",2026-09-29T16:58:38.647Z,http_post,https://api.divar.ir/v8/postlist/w/search,200,ok,49
2288,measure,succeeded,2026-09-29T16:58:38.722Z,2026-09-29T16:58:41.767Z,"{""rows"": 24}",2026-09-29T16:58:41.711Z,http_post,https://api.divar.ir/v8/postlist/w/search,200,ok,48
2289,measure,succeeded,2026-09-29T16:58:41.777Z,2026-09-29T16:58:44.848Z,"{""rows"": 24}",2026-09-29T16:58:44.771Z,http_post,https://api.divar.ir/v8/postlist/w/search,200,ok,68
2290,measure,succeeded,2026-09-29T16:58:44.861Z,2026-09-29T16:58:47.914Z,"{""rows"": 24}",2026-09-29T16:58:47.851Z,http_post,https://api.divar.ir/v8/postlist/w/search,200,ok,54
2291,measure,succeeded,2026-09-29T16:58:47.926Z,2026-09-29T16:58:50.986Z,"{""rows"": 24}",2026-09-29T16:58:50.919Z,http_post,https://api.divar.ir/v8/postlist/w/search,200,ok,60
2292,measure,succeeded,2026-09-29T16:58:51.006Z,2026-09-29T16:58:54.052Z,"{""rows"": 24}",2026-09-29T16:58:53.992Z,http_post,https://api.divar.ir/v8/postlist/w/search,200,ok,51
2293,measure,succeeded,2026-09-29T16:58:54.065Z,2026-09-29T16:58:57.128Z,"{""rows"": 24}",2026-09-29T16:58:57.057Z,http_post,https://api.divar.ir/v8/postlist/w/search,200,ok,56
2294,measure,succeeded,2026-09-29T16:58:57.149Z,2026-09-29T16:59:00.193Z,"{""rows"": 24}",2026-09-29T16:59:00.130Z,http_post,https://api.divar.ir/v8/postlist/w/search,200,ok,57
2295,measure,succeeded,2026-09-29T16:59:00.202Z,2026-09-29T16:59:03.242Z,"{""rows"": 2}",2026-09-29T16:59:03.198Z,http_post,https://api.divar.ir/v8/postlist/w/search,200,ok,37
2296,measure,succeeded,2026-09-29T16:59:03.250Z,2026-09-29T16:59:06.300Z,"{""rows"": 0}",2026-09-29T16:59:06.247Z,http_post,https://api.divar.ir/v8/postlist/w/search,200,ok,45
2297,measure,succeeded,2026-09-29T16:59:06.325Z,2026-09-29T16:59:09.366Z,"{""rows"": 24}",2026-09-29T16:59:09.306Z,http_post,https://api.divar.ir/v8/postlist/w/search,200,ok,50
2298,measure,succeeded,2026-09-29T16:59:09.380Z,2026-09-29T16:59:12.432Z,"{""rows"": 24}",2026-09-29T16:59:12.372Z,http_post,https://api.divar.ir/v8/postlist/w/search,200,ok,52
2299,measure,succeeded,2026-09-29T16:59:12.456Z,2026-09-29T16:59:15.508Z,"{""rows"": 8}",2026-09-29T16:59:15.443Z,http_post,https://api.divar.ir/v8/postlist/w/search,200,ok,57
2300,measure,succeeded,2026-09-29T16:59:15.529Z,2026-09-29T16:59:18.583Z,"{""rows"": 24}",2026-09-29T16:59:18.513Z,http_post,https://api.divar.ir/v8/postlist/w/search,200,ok,59
2301,measure,succeeded,2026-09-29T17:00:17.659Z,2026-09-29T17:00:17.844Z,"{""rows"": 24}",2026-09-29T17:00:17.661Z,http_post,https://api.divar.ir/v8/postlist/w/search,200,ok,169
2302,measure,succeeded,2026-09-29T17:00:18.660Z,2026-09-29T17:00:20.901Z,"{""rows"": 24}",2026-09-29T17:00:20.847Z,http_post,https://api.divar.ir/v8/postlist/w/search,200,ok,42
2303,measure,succeeded,2026-09-29T17:00:20.920Z,2026-09-29T17:00:23.949Z,"{""rows"": 24}",2026-09-29T17:00:23.904Z,http_post,https://api.divar.ir/v8/postlist/w/search,200,ok,38
2304,measure,succeeded,2026-09-29T17:00:23.959Z,2026-09-29T17:00:27.008Z,"{""rows"": 24}",2026-09-29T17:00:26.956Z,http_post,https://api.divar.ir/v8/postlist/w/search,200,ok,44
2305,measure,succeeded,2026-09-29T17:00:27.017Z,2026-09-29T17:00:30.072Z,"{""rows"": 24}",2026-09-29T17:00:30.014Z,http_post,https://api.divar.ir/v8/postlist/w/search,200,ok,41
2306,measure,succeeded,2026-09-29T17:00:31.092Z,2026-09-29T17:00:33.203Z,"{""rows"": 24}",2026-09-29T17:00:33.072Z,http_post,https://api.divar.ir/v8/postlist/w/search,200,ok,123
2307,measure,succeeded,2026-09-29T17:00:33.211Z,2026-09-29T17:00:36.272Z,"{""rows"": 24}",2026-09-29T17:00:36.208Z,http_post,https://api.divar.ir/v8/postlist/w/search,200,ok,48
2308,measure,succeeded,2026-09-29T17:00:36.287Z,2026-09-29T17:00:39.320Z,"{""rows"": 24}",2026-09-29T17:00:39.271Z,http_post,https://api.divar.ir/v8/postlist/w/search,200,ok,40
2309,measure,succeeded,2026-09-29T17:00:39.335Z,2026-09-29T17:00:42.382Z,"{""rows"": 24}",2026-09-29T17:00:42.324Z,http_post,https://api.divar.ir/v8/postlist/w/search,200,ok,44
2310,measure,succeeded,2026-09-29T17:00:42.404Z,2026-09-29T17:00:45.439Z,"{""rows"": 13}",2026-09-29T17:00:45.385Z,http_post,https://api.divar.ir/v8/postlist/w/search,200,ok,46
2311,measure,succeeded,2026-09-29T17:00:45.446Z,2026-09-29T17:00:48.526Z,"{""rows"": 24}",2026-09-29T17:00:48.446Z,http_post,https://api.divar.ir/v8/postlist/w/search,200,ok,67
2312,measure,succeeded,2026-09-29T17:00:48.544Z,2026-09-29T17:00:51.577Z,"{""rows"": 24}",2026-09-29T17:00:51.529Z,http_post,https://api.divar.ir/v8/postlist/w/search,200,ok,43
2313,measure,succeeded,2026-09-29T17:00:51.585Z,2026-09-29T17:00:54.624Z,"{""rows"": 1}",2026-09-29T17:00:54.583Z,http_post,https://api.divar.ir/v8/postlist/w/search,200,ok,38
2314,measure,succeeded,2026-09-29T17:00:54.632Z,2026-09-29T17:00:57.706Z,"{""rows"": 24}",2026-09-29T17:00:57.629Z,http_post,https://api.divar.ir/v8/postlist/w/search,200,ok,72
2315,measure,succeeded,2026-09-29T17:00:57.715Z,2026-09-29T17:01:00.759Z,"{""rows"": 24}",2026-09-29T17:01:00.710Z,http_post,https://api.divar.ir/v8/postlist/w/search,200,ok,44
2316,measure,succeeded,2026-09-29T17:01:00.768Z,2026-09-29T17:01:03.840Z,"{""rows"": 24}",2026-09-29T17:01:03.765Z,http_post,https://api.divar.ir/v8/postlist/w/search,200,ok,67
2317,measure,succeeded,2026-09-29T17:01:03.849Z,2026-09-29T17:01:06.904Z,"{""rows"": 7}",2026-09-29T17:01:06.846Z,http_post,https://api.divar.ir/v8/postlist/w/search,200,ok,48
2318,measure,succeeded,2026-09-29T17:01:06.917Z,2026-09-29T17:01:09.972Z,"{""rows"": 13}",2026-09-29T17:01:09.906Z,http_post,https://api.divar.ir/v8/postlist/w/search,200,ok,59
2319,measure,succeeded,2026-09-29T17:01:09.984Z,2026-09-29T17:01:13.091Z,"{""rows"": 5}",2026-09-29T17:01:12.978Z,http_post,https://api.divar.ir/v8/postlist/w/search,200,ok,98
2320,measure,succeeded,2026-09-29T17:01:13.113Z,2026-09-29T17:01:16.146Z,"{""rows"": 24}",2026-09-29T17:01:16.092Z,http_post,https://api.divar.ir/v8/postlist/w/search,200,ok,48
2321,measure,succeeded,2026-09-29T17:01:16.154Z,2026-09-29T17:01:19.238Z,"{""rows"": 24}",2026-09-29T17:01:19.151Z,http_post,https://api.divar.ir/v8/postlist/w/search,200,ok,78
2322,measure,succeeded,2026-09-29T17:02:17.288Z,2026-09-29T17:02:17.597Z,"{""rows"": 24}",2026-09-29T17:02:17.296Z,http_post,https://api.divar.ir/v8/postlist/w/search,200,ok,285
2323,measure,succeeded,2026-09-29T17:02:18.288Z,2026-09-29T17:02:20.676Z,"{""rows"": 24}",2026-09-29T17:02:20.601Z,http_post,https://api.divar.ir/v8/postlist/w/search,200,ok,66
2324,measure,succeeded,2026-09-29T17:02:20.701Z,2026-09-29T17:02:23.742Z,"{""rows"": 6}",2026-09-29T17:02:23.682Z,http_post,https://api.divar.ir/v8/postlist/w/search,200,ok,51
2325,measure,succeeded,2026-09-29T17:02:23.759Z,2026-09-29T17:02:26.820Z,"{""rows"": 24}",2026-09-29T17:02:26.749Z,http_post,https://api.divar.ir/v8/postlist/w/search,200,ok,60
2326,measure,succeeded,2026-09-29T17:02:26.835Z,2026-09-29T17:02:29.882Z,"{""rows"": 24}",2026-09-29T17:02:29.823Z,http_post,https://api.divar.ir/v8/postlist/w/search,200,ok,47
2327,measure,succeeded,2026-09-29T17:02:29.898Z,2026-09-29T17:02:32.950Z,"{""rows"": 24}",2026-09-29T17:02:32.886Z,http_post,https://api.divar.ir/v8/postlist/w/search,200,ok,58
2328,measure,succeeded,2026-09-29T17:02:32.964Z,2026-09-29T17:02:36.044Z,"{""rows"": 24}",2026-09-29T17:02:35.956Z,http_post,https://api.divar.ir/v8/postlist/w/search,200,ok,76
2329,measure,succeeded,2026-09-29T17:02:36.060Z,2026-09-29T17:02:39.176Z,"{""rows"": 24}",2026-09-29T17:02:39.044Z,http_post,https://api.divar.ir/v8/postlist/w/search,200,ok,118
2330,measure,succeeded,2026-09-29T17:02:39.191Z,2026-09-29T17:02:42.251Z,"{""rows"": 24}",2026-09-29T17:02:42.177Z,http_post,https://api.divar.ir/v8/postlist/w/search,200,ok,61
2331,measure,succeeded,2026-09-29T17:02:42.271Z,2026-09-29T17:02:45.316Z,"{""rows"": 24}",2026-09-29T17:02:45.255Z,http_post,https://api.divar.ir/v8/postlist/w/search,200,ok,47
2332,measure,succeeded,2026-09-29T17:02:45.339Z,2026-09-29T17:02:48.375Z,"{""rows"": 13}",2026-09-29T17:02:48.320Z,http_post,https://api.divar.ir/v8/postlist/w/search,200,ok,47
2333,measure,succeeded,2026-09-29T17:02:48.383Z,2026-09-29T17:02:51.449Z,"{""rows"": 5}",2026-09-29T17:02:51.380Z,http_post,https://api.divar.ir/v8/postlist/w/search,200,ok,62
2334,measure,succeeded,2026-09-29T17:02:51.456Z,2026-09-29T17:02:54.515Z,"{""rows"": 24}",2026-09-29T17:02:54.455Z,http_post,https://api.divar.ir/v8/postlist/w/search,200,ok,51
2335,measure,succeeded,2026-09-29T17:02:54.531Z,2026-09-29T17:02:57.623Z,"{""rows"": 7}",2026-09-29T17:02:57.519Z,http_post,https://api.divar.ir/v8/postlist/w/search,200,ok,95
2336,measure,succeeded,2026-09-29T17:02:57.634Z,2026-09-29T17:03:00.708Z,"{""rows"": 24}",2026-09-29T17:03:00.628Z,http_post,https://api.divar.ir/v8/postlist/w/search,200,ok,67
2337,measure,succeeded,2026-09-29T17:03:00.726Z,2026-09-29T17:03:03.807Z,"{""rows"": 24}",2026-09-29T17:03:03.711Z,http_post,https://api.divar.ir/v8/postlist/w/search,200,ok,86
2338,measure,succeeded,2026-09-29T17:03:03.818Z,2026-09-29T17:03:06.874Z,"{""rows"": 24}",2026-09-29T17:03:06.811Z,http_post,https://api.divar.ir/v8/postlist/w/search,200,ok,51
2339,measure,succeeded,2026-09-29T17:03:06.893Z,2026-09-29T17:03:09.951Z,"{""rows"": 24}",2026-09-29T17:03:09.877Z,http_post,https://api.divar.ir/v8/postlist/w/search,200,ok,62
2340,measure,succeeded,2026-09-29T17:03:09.970Z,2026-09-29T17:03:13.004Z,"{""rows"": 24}",2026-09-29T17:03:12.954Z,http_post,https://api.divar.ir/v8/postlist/w/search,200,ok,44
2341,measure,succeeded,2026-09-29T17:03:13.013Z,2026-09-29T17:03:16.070Z,"{""rows"": 24}",2026-09-29T17:03:16.010Z,http_post,https://api.divar.ir/v8/postlist/w/search,200,ok,45
2342,measure,succeeded,2026-09-29T17:03:16.083Z,2026-09-29T17:03:19.142Z,"{""rows"": 24}",2026-09-29T17:03:19.075Z,http_post,https://api.divar.ir/v8/postlist/w/search,200,ok,52
2343,measure,succeeded,2026-09-29T17:04:17.198Z,2026-09-29T17:04:17.734Z,"{""rows"": 24}",2026-09-29T17:04:17.209Z,http_post,https://api.divar.ir/v8/postlist/w/search,200,ok,507
2344,measure,succeeded,2026-09-29T17:04:18.195Z,2026-09-29T17:04:20.833Z,"{""rows"": 7}",2026-09-29T17:04:20.746Z,http_post,https://api.divar.ir/v8/postlist/w/search,200,ok,61
2345,measure,succeeded,2026-09-29T17:04:20.862Z,2026-09-29T17:04:23.961Z,"{""rows"": 14}",2026-09-29T17:04:23.826Z,http_post,https://api.divar.ir/v8/postlist/w/search,200,ok,72
2346,measure,succeeded,2026-09-29T17:04:24.022Z,2026-09-29T17:04:27.077Z,"{""rows"": 24}",2026-09-29T17:04:26.958Z,http_post,https://api.divar.ir/v8/postlist/w/search,200,ok,71
2347,measure,succeeded,2026-09-29T17:04:27.135Z,2026-09-29T17:04:30.215Z,"{""rows"": 24}",2026-09-29T17:04:30.100Z,http_post,https://api.divar.ir/v8/postlist/w/search,200,ok,99
2348,measure,succeeded,2026-09-29T17:04:30.257Z,2026-09-29T17:04:33.308Z,"{""rows"": 13}",2026-09-29T17:04:33.218Z,http_post,https://api.divar.ir/v8/postlist/w/search,200,ok,71
2349,measure,succeeded,2026-09-29T17:04:33.335Z,2026-09-29T17:04:36.373Z,"{""rows"": 24}",2026-09-29T17:04:36.309Z,http_post,https://api.divar.ir/v8/postlist/w/search,200,ok,47
2350,measure,succeeded,2026-09-29T17:04:36.388Z,2026-09-29T17:04:39.446Z,"{""rows"": 24}",2026-09-29T17:04:39.373Z,http_post,https://api.divar.ir/v8/postlist/w/search,200,ok,60
2351,measure,succeeded,2026-09-29T17:04:39.467Z,2026-09-29T17:04:42.508Z,"{""rows"": 24}",2026-09-29T17:04:42.449Z,http_post,https://api.divar.ir/v8/postlist/w/search,200,ok,53
2352,measure,succeeded,2026-09-29T17:04:42.517Z,2026-09-29T17:04:45.581Z,"{""rows"": 24}",2026-09-29T17:04:45.513Z,http_post,https://api.divar.ir/v8/postlist/w/search,200,ok,63
2353,measure,succeeded,2026-09-29T17:04:45.592Z,2026-09-29T17:04:48.716Z,"{""rows"": 19}",2026-09-29T17:04:48.588Z,http_post,https://api.divar.ir/v8/postlist/w/search,200,ok,119
2354,measure,succeeded,2026-09-29T17:04:48.723Z,2026-09-29T17:04:51.792Z,"{""rows"": 24}",2026-09-29T17:04:51.721Z,http_post,https://api.divar.ir/v8/postlist/w/search,200,ok,58
2355,measure,succeeded,2026-09-29T17:04:51.813Z,2026-09-29T17:04:54.859Z,"{""rows"": 24}",2026-09-29T17:04:54.798Z,http_post,https://api.divar.ir/v8/postlist/w/search,200,ok,48
2356,measure,succeeded,2026-09-29T17:04:54.881Z,2026-09-29T17:04:57.905Z,"{""rows"": 1}",2026-09-29T17:04:57.863Z,http_post,https://api.divar.ir/v8/postlist/w/search,200,ok,35
2357,measure,succeeded,2026-09-29T17:04:57.912Z,2026-09-29T17:05:00.970Z,"{""rows"": 11}",2026-09-29T17:05:00.912Z,http_post,https://api.divar.ir/v8/postlist/w/search,200,ok,47
2358,measure,succeeded,2026-09-29T17:05:00.988Z,2026-09-29T17:05:04.025Z,"{""rows"": 24}",2026-09-29T17:05:03.974Z,http_post,https://api.divar.ir/v8/postlist/w/search,200,ok,44
2359,measure,succeeded,2026-09-29T17:05:04.031Z,2026-09-29T17:05:07.081Z,"{""rows"": 24}",2026-09-29T17:05:07.029Z,http_post,https://api.divar.ir/v8/postlist/w/search,200,ok,41
2360,measure,succeeded,2026-09-29T17:05:07.093Z,2026-09-29T17:05:10.136Z,"{""rows"": 24}",2026-09-29T17:05:10.085Z,http_post,https://api.divar.ir/v8/postlist/w/search,200,ok,43
2361,measure,succeeded,2026-09-29T17:05:10.148Z,2026-09-29T17:05:13.195Z,"{""rows"": 24}",2026-09-29T17:05:13.142Z,http_post,https://api.divar.ir/v8/postlist/w/search,200,ok,44
2362,measure,succeeded,2026-09-29T17:05:13.205Z,2026-09-29T17:05:16.321Z,"{""rows"": 24}",2026-09-29T17:05:16.200Z,http_post,https://api.divar.ir/v8/postlist/w/search,200,ok,107
2363,measure,succeeded,2026-09-29T17:05:16.335Z,2026-09-29T17:05:19.404Z,"{""rows"": 24}",2026-09-29T17:05:19.322Z,http_post,https://api.divar.ir/v8/postlist/w/search,200,ok,73
2364,measure,succeeded,2026-09-29T17:06:17.448Z,2026-09-29T17:06:17.622Z,"{""rows"": 24}",2026-09-29T17:06:17.455Z,http_post,https://api.divar.ir/v8/postlist/w/search,200,ok,161
2365,measure,succeeded,2026-09-29T17:06:18.448Z,2026-09-29T17:06:20.688Z,"{""rows"": 24}",2026-09-29T17:06:20.630Z,http_post,https://api.divar.ir/v8/postlist/w/search,200,ok,52
2366,measure,succeeded,2026-09-29T17:06:20.704Z,2026-09-29T17:06:23.752Z,"{""rows"": 24}",2026-09-29T17:06:23.691Z,http_post,https://api.divar.ir/v8/postlist/w/search,200,ok,53
2367,measure,succeeded,2026-09-29T17:06:23.763Z,2026-09-29T17:06:26.807Z,"{""rows"": 24}",2026-09-29T17:06:26.755Z,http_post,https://api.divar.ir/v8/postlist/w/search,200,ok,43
2368,measure,succeeded,2026-09-29T17:06:26.826Z,2026-09-29T17:06:29.871Z,"{""rows"": 24}",2026-09-29T17:06:29.816Z,http_post,https://api.divar.ir/v8/postlist/w/search,200,ok,43
2369,measure,succeeded,2026-09-29T17:06:29.895Z,2026-09-29T17:06:32.949Z,"{""rows"": 24}",2026-09-29T17:06:32.875Z,http_post,https://api.divar.ir/v8/postlist/w/search,200,ok,57
2370,measure,succeeded,2026-09-29T17:06:32.981Z,2026-09-29T17:06:36.029Z,"{""rows"": 24}",2026-09-29T17:06:35.956Z,http_post,https://api.divar.ir/v8/postlist/w/search,200,ok,58
2371,measure,succeeded,2026-09-29T17:06:36.054Z,2026-09-29T17:06:39.112Z,"{""rows"": 24}",2026-09-29T17:06:39.035Z,http_post,https://api.divar.ir/v8/postlist/w/search,200,ok,54
2372,measure,succeeded,2026-09-29T17:06:39.139Z,2026-09-29T17:06:42.171Z,"{""rows"": 24}",2026-09-29T17:06:42.106Z,http_post,https://api.divar.ir/v8/postlist/w/search,200,ok,51
2373,measure,succeeded,2026-09-29T17:06:42.184Z,2026-09-29T17:06:45.232Z,"{""rows"": 24}",2026-09-29T17:06:45.178Z,http_post,https://api.divar.ir/v8/postlist/w/search,200,ok,45
2374,measure,succeeded,2026-09-29T17:06:45.249Z,2026-09-29T17:06:48.295Z,"{""rows"": 24}",2026-09-29T17:06:48.235Z,http_post,https://api.divar.ir/v8/postlist/w/search,200,ok,52
2375,measure,succeeded,2026-09-29T17:06:48.304Z,2026-09-29T17:06:51.356Z,"{""rows"": 24}",2026-09-29T17:06:51.301Z,http_post,https://api.divar.ir/v8/postlist/w/search,200,ok,42
2376,measure,succeeded,2026-09-29T17:06:51.386Z,2026-09-29T17:06:54.445Z,"{""rows"": 24}",2026-09-29T17:06:54.361Z,http_post,https://api.divar.ir/v8/postlist/w/search,200,ok,74
2377,measure,succeeded,2026-09-29T17:06:54.466Z,2026-09-29T17:06:57.507Z,"{""rows"": 19}",2026-09-29T17:06:57.449Z,http_post,https://api.divar.ir/v8/postlist/w/search,200,ok,45
2378,measure,succeeded,2026-09-29T17:06:57.522Z,2026-09-29T17:07:00.602Z,"{""rows"": 24}",2026-09-29T17:07:00.511Z,http_post,https://api.divar.ir/v8/postlist/w/search,200,ok,82
2379,measure,succeeded,2026-09-29T17:07:00.619Z,2026-09-29T17:07:03.656Z,"{""rows"": 24}",2026-09-29T17:07:03.607Z,http_post,https://api.divar.ir/v8/postlist/w/search,200,ok,40
2380,measure,succeeded,2026-09-29T17:07:03.668Z,2026-09-29T17:07:06.763Z,"{""rows"": 24}",2026-09-29T17:07:06.661Z,http_post,https://api.divar.ir/v8/postlist/w/search,200,ok,90
2381,measure,succeeded,2026-09-29T17:07:06.783Z,2026-09-29T17:07:09.828Z,"{""rows"": 24}",2026-09-29T17:07:09.769Z,http_post,https://api.divar.ir/v8/postlist/w/search,200,ok,50
2382,measure,succeeded,2026-09-29T17:07:09.844Z,2026-09-29T17:07:12.943Z,"{""rows"": 24}",2026-09-29T17:07:12.833Z,http_post,https://api.divar.ir/v8/postlist/w/search,200,ok,96
2383,measure,succeeded,2026-09-29T17:07:12.962Z,2026-09-29T17:07:16.005Z,"{""rows"": 24}",2026-09-29T17:07:15.951Z,http_post,https://api.divar.ir/v8/postlist/w/search,200,ok,44
2384,measure,succeeded,2026-09-29T17:07:16.026Z,2026-09-29T17:07:19.062Z,"{""rows"": 24}",2026-09-29T17:07:19.009Z,http_post,https://api.divar.ir/v8/postlist/w/search,200,ok,42
2385,measure,succeeded,2026-09-29T17:08:17.105Z,2026-09-29T17:08:17.327Z,"{""rows"": 24}",2026-09-29T17:08:17.114Z,http_post,https://api.divar.ir/v8/postlist/w/search,200,ok,198
2386,measure,succeeded,2026-09-29T17:08:18.102Z,2026-09-29T17:08:20.397Z,"{""rows"": 24}",2026-09-29T17:08:20.328Z,http_post,https://api.divar.ir/v8/postlist/w/search,200,ok,52
2387,measure,succeeded,2026-09-29T17:08:20.427Z,2026-09-29T17:08:23.467Z,"{""rows"": 17}",2026-09-29T17:08:23.403Z,http_post,https://api.divar.ir/v8/postlist/w/search,200,ok,48
2388,measure,succeeded,2026-09-29T17:08:23.487Z,2026-09-29T17:08:26.527Z,"{""rows"": 5}",2026-09-29T17:08:26.469Z,http_post,https://api.divar.ir/v8/postlist/w/search,200,ok,44
2389,measure,succeeded,2026-09-29T17:08:26.561Z,2026-09-29T17:08:29.598Z,"{""rows"": 24}",2026-09-29T17:08:29.531Z,http_post,https://api.divar.ir/v8/postlist/w/search,200,ok,55
2390,measure,succeeded,2026-09-29T17:08:29.622Z,2026-09-29T17:08:32.699Z,"{""rows"": 24}",2026-09-29T17:08:32.605Z,http_post,https://api.divar.ir/v8/postlist/w/search,200,ok,74
2391,measure,succeeded,2026-09-29T17:08:32.719Z,2026-09-29T17:08:35.763Z,"{""rows"": 24}",2026-09-29T17:08:35.699Z,http_post,https://api.divar.ir/v8/postlist/w/search,200,ok,53
2392,measure,succeeded,2026-09-29T17:08:35.787Z,2026-09-29T17:08:38.822Z,"{""rows"": 24}",2026-09-29T17:08:38.770Z,http_post,https://api.divar.ir/v8/postlist/w/search,200,ok,40
2393,measure,succeeded,2026-09-29T17:08:38.848Z,2026-09-29T17:08:41.903Z,"{""rows"": 24}",2026-09-29T17:08:41.826Z,http_post,https://api.divar.ir/v8/postlist/w/search,200,ok,60
2394,measure,succeeded,2026-09-29T17:08:41.940Z,2026-09-29T17:08:44.963Z,"{""rows"": 24}",2026-09-29T17:08:44.908Z,http_post,https://api.divar.ir/v8/postlist/w/search,200,ok,43
2395,measure,succeeded,2026-09-29T17:08:44.982Z,2026-09-29T17:08:48.033Z,"{""rows"": 24}",2026-09-29T17:08:47.968Z,http_post,https://api.divar.ir/v8/postlist/w/search,200,ok,45
2396,measure,succeeded,2026-09-29T17:08:48.061Z,2026-09-29T17:08:51.109Z,"{""rows"": 24}",2026-09-29T17:08:51.034Z,http_post,https://api.divar.ir/v8/postlist/w/search,200,ok,61
2397,measure,succeeded,2026-09-29T17:08:51.131Z,2026-09-29T17:08:54.202Z,"{""rows"": 24}",2026-09-29T17:08:54.112Z,http_post,https://api.divar.ir/v8/postlist/w/search,200,ok,80
2398,measure,succeeded,2026-09-29T17:08:54.220Z,2026-09-29T17:08:57.261Z,"{""rows"": 24}",2026-09-29T17:08:57.206Z,http_post,https://api.divar.ir/v8/postlist/w/search,200,ok,40
2399,measure,succeeded,2026-09-29T17:08:57.290Z,2026-09-29T17:09:00.343Z,"{""rows"": 24}",2026-09-29T17:09:00.263Z,http_post,https://api.divar.ir/v8/postlist/w/search,200,ok,69
2400,measure,succeeded,2026-09-29T17:09:00.365Z,2026-09-29T17:09:03.412Z,"{""rows"": 24}",2026-09-29T17:09:03.347Z,http_post,https://api.divar.ir/v8/postlist/w/search,200,ok,53
2401,measure,succeeded,2026-09-29T17:09:03.428Z,2026-09-29T17:09:06.480Z,"{""rows"": 24}",2026-09-29T17:09:06.417Z,http_post,https://api.divar.ir/v8/postlist/w/search,200,ok,53
2402,measure,succeeded,2026-09-29T17:09:06.499Z,2026-09-29T17:09:09.562Z,"{""rows"": 24}",2026-09-29T17:09:09.484Z,http_post,https://api.divar.ir/v8/postlist/w/search,200,ok,67
2403,measure,succeeded,2026-09-29T17:09:09.579Z,2026-09-29T17:09:12.623Z,"{""rows"": 24}",2026-09-29T17:09:12.568Z,http_post,https://api.divar.ir/v8/postlist/w/search,200,ok,46
2404,measure,succeeded,2026-09-29T17:09:12.643Z,2026-09-29T17:09:15.688Z,"{""rows"": 24}",2026-09-29T17:09:15.628Z,http_post,https://api.divar.ir/v8/postlist/w/search,200,ok,49
2405,measure,succeeded,2026-09-29T17:09:15.713Z,2026-09-29T17:09:18.755Z,"{""rows"": 24}",2026-09-29T17:09:18.693Z,http_post,https://api.divar.ir/v8/postlist/w/search,200,ok,51
2406,measure,succeeded,2026-09-29T17:10:16.806Z,2026-09-29T17:10:16.927Z,"{""rows"": 24}",2026-09-29T17:10:16.812Z,http_post,https://api.divar.ir/v8/postlist/w/search,200,ok,106
2407,measure,succeeded,2026-09-29T17:10:17.806Z,2026-09-29T17:10:19.984Z,"{""rows"": 24}",2026-09-29T17:10:19.932Z,http_post,https://api.divar.ir/v8/postlist/w/search,200,ok,38
2408,measure,succeeded,2026-09-29T17:10:20.005Z,2026-09-29T17:10:23.044Z,"{""rows"": 24}",2026-09-29T17:10:22.986Z,http_post,https://api.divar.ir/v8/postlist/w/search,200,ok,47
2409,measure,succeeded,2026-09-29T17:10:23.064Z,2026-09-29T17:10:26.102Z,"{""rows"": 24}",2026-09-29T17:10:26.047Z,http_post,https://api.divar.ir/v8/postlist/w/search,200,ok,41
2410,measure,succeeded,2026-09-29T17:10:26.117Z,2026-09-29T17:10:29.177Z,"{""rows"": 24}",2026-09-29T17:10:29.103Z,http_post,https://api.divar.ir/v8/postlist/w/search,200,ok,59
2411,measure,succeeded,2026-09-29T17:10:29.196Z,2026-09-29T17:10:32.283Z,"{""rows"": 24}",2026-09-29T17:10:32.181Z,http_post,https://api.divar.ir/v8/postlist/w/search,200,ok,93
2412,measure,succeeded,2026-09-29T17:10:32.300Z,2026-09-29T17:10:35.333Z,"{""rows"": 24}",2026-09-29T17:10:35.285Z,http_post,https://api.divar.ir/v8/postlist/w/search,200,ok,41
2413,measure,succeeded,2026-09-29T17:10:35.345Z,2026-09-29T17:10:38.407Z,"{""rows"": 24}",2026-09-29T17:10:38.339Z,http_post,https://api.divar.ir/v8/postlist/w/search,200,ok,62
2414,measure,succeeded,2026-09-29T17:10:38.420Z,2026-09-29T17:10:41.477Z,"{""rows"": 24}",2026-09-29T17:10:41.412Z,http_post,https://api.divar.ir/v8/postlist/w/search,200,ok,54
2415,measure,succeeded,2026-09-29T17:10:41.499Z,2026-09-29T17:10:44.581Z,"{""rows"": 24}",2026-09-29T17:10:44.483Z,http_post,https://api.divar.ir/v8/postlist/w/search,200,ok,79
2416,measure,succeeded,2026-09-29T17:10:44.658Z,2026-09-29T17:10:47.648Z,"{""rows"": 24}",2026-09-29T17:10:47.583Z,http_post,https://api.divar.ir/v8/postlist/w/search,200,ok,51
2417,measure,succeeded,2026-09-29T17:10:47.665Z,2026-09-29T17:10:50.708Z,"{""rows"": 24}",2026-09-29T17:10:50.653Z,http_post,https://api.divar.ir/v8/postlist/w/search,200,ok,40
2418,measure,succeeded,2026-09-29T17:10:50.728Z,2026-09-29T17:10:53.844Z,"{""rows"": 24}",2026-09-29T17:10:53.710Z,http_post,https://api.divar.ir/v8/postlist/w/search,200,ok,93
2419,measure,succeeded,2026-09-29T17:10:53.880Z,2026-09-29T17:10:56.992Z,"{""rows"": 20}",2026-09-29T17:10:56.841Z,http_post,https://api.divar.ir/v8/postlist/w/search,200,ok,90
2420,measure,succeeded,2026-09-29T17:10:57.022Z,2026-09-29T17:11:00.060Z,"{""rows"": 24}",2026-09-29T17:10:59.969Z,http_post,https://api.divar.ir/v8/postlist/w/search,200,ok,72
2421,measure,succeeded,2026-09-29T17:11:00.098Z,2026-09-29T17:11:03.161Z,"{""rows"": 7}",2026-09-29T17:11:03.065Z,http_post,https://api.divar.ir/v8/postlist/w/search,200,ok,81
2422,measure,succeeded,2026-09-29T17:11:03.182Z,2026-09-29T17:11:06.267Z,"{""rows"": 24}",2026-09-29T17:11:06.165Z,http_post,https://api.divar.ir/v8/postlist/w/search,200,ok,89
2423,measure,succeeded,2026-09-29T17:11:06.285Z,2026-09-29T17:11:09.338Z,"{""rows"": 24}",2026-09-29T17:11:09.273Z,http_post,https://api.divar.ir/v8/postlist/w/search,200,ok,50
2424,measure,succeeded,2026-09-29T17:11:09.367Z,2026-09-29T17:11:12.412Z,"{""rows"": 9}",2026-09-29T17:11:12.347Z,http_post,https://api.divar.ir/v8/postlist/w/search,200,ok,50
2425,measure,succeeded,2026-09-29T17:11:12.444Z,2026-09-29T17:11:15.505Z,"{""rows"": 24}",2026-09-29T17:11:15.418Z,http_post,https://api.divar.ir/v8/postlist/w/search,200,ok,74
2426,measure,succeeded,2026-09-29T17:11:15.545Z,2026-09-29T17:11:18.569Z,"{""rows"": 24}",2026-09-29T17:11:18.510Z,http_post,https://api.divar.ir/v8/postlist/w/search,200,ok,48
2427,measure,succeeded,2026-09-29T17:12:17.655Z,2026-09-29T17:12:17.927Z,"{""rows"": 24}",2026-09-29T17:12:17.662Z,http_post,https://api.divar.ir/v8/postlist/w/search,200,ok,239
2428,measure,succeeded,2026-09-29T17:12:18.656Z,2026-09-29T17:12:21.015Z,"{""rows"": 24}",2026-09-29T17:12:20.929Z,http_post,https://api.divar.ir/v8/postlist/w/search,200,ok,73
2429,measure,succeeded,2026-09-29T17:12:21.052Z,2026-09-29T17:12:24.113Z,"{""rows"": 24}",2026-09-29T17:12:24.022Z,http_post,https://api.divar.ir/v8/postlist/w/search,200,ok,75
2430,measure,succeeded,2026-09-29T17:12:24.138Z,2026-09-29T17:12:27.191Z,"{""rows"": 24}",2026-09-29T17:12:27.115Z,http_post,https://api.divar.ir/v8/postlist/w/search,200,ok,59
2431,measure,succeeded,2026-09-29T17:12:27.224Z,2026-09-29T17:12:30.336Z,"{""rows"": 24}",2026-09-29T17:12:30.193Z,http_post,https://api.divar.ir/v8/postlist/w/search,200,ok,74
2432,measure,succeeded,2026-09-29T17:12:30.363Z,2026-09-29T17:12:33.383Z,"{""rows"": 24}",2026-09-29T17:12:33.292Z,http_post,https://api.divar.ir/v8/postlist/w/search,200,ok,63
2433,measure,succeeded,2026-09-29T17:12:33.453Z,2026-09-29T17:12:36.452Z,"{""rows"": 24}",2026-09-29T17:12:36.378Z,http_post,https://api.divar.ir/v8/postlist/w/search,200,ok,56
2434,measure,succeeded,2026-09-29T17:12:36.493Z,2026-09-29T17:12:39.547Z,"{""rows"": 24}",2026-09-29T17:12:39.458Z,http_post,https://api.divar.ir/v8/postlist/w/search,200,ok,77
2435,measure,succeeded,2026-09-29T17:12:39.571Z,2026-09-29T17:12:42.659Z,"{""rows"": 24}",2026-09-29T17:12:42.551Z,http_post,https://api.divar.ir/v8/postlist/w/search,200,ok,79
2436,measure,succeeded,2026-09-29T17:12:42.699Z,2026-09-29T17:12:45.746Z,"{""rows"": 2}",2026-09-29T17:12:45.662Z,http_post,https://api.divar.ir/v8/postlist/w/search,200,ok,65
2437,measure,succeeded,2026-09-29T17:12:45.766Z,2026-09-29T17:12:48.811Z,"{""rows"": 24}",2026-09-29T17:12:48.743Z,http_post,https://api.divar.ir/v8/postlist/w/search,200,ok,48
2438,measure,succeeded,2026-09-29T17:12:48.844Z,2026-09-29T17:12:51.915Z,"{""rows"": 24}",2026-09-29T17:12:51.817Z,http_post,https://api.divar.ir/v8/postlist/w/search,200,ok,63
2439,measure,succeeded,2026-09-29T17:12:51.990Z,2026-09-29T17:12:54.986Z,"{""rows"": 24}",2026-09-29T17:12:54.903Z,http_post,https://api.divar.ir/v8/postlist/w/search,200,ok,59
2440,measure,succeeded,2026-09-29T17:12:55.012Z,2026-09-29T17:12:58.065Z,"{""rows"": 24}",2026-09-29T17:12:57.987Z,http_post,https://api.divar.ir/v8/postlist/w/search,200,ok,56
2441,measure,succeeded,2026-09-29T17:12:58.090Z,2026-09-29T17:13:01.129Z,"{""rows"": 24}",2026-09-29T17:13:01.071Z,http_post,https://api.divar.ir/v8/postlist/w/search,200,ok,41
2442,measure,succeeded,2026-09-29T17:13:01.157Z,2026-09-29T17:13:04.212Z,"{""rows"": 24}",2026-09-29T17:13:04.133Z,http_post,https://api.divar.ir/v8/postlist/w/search,200,ok,65
2443,measure,succeeded,2026-09-29T17:13:04.240Z,2026-09-29T17:13:07.309Z,"{""rows"": 24}",2026-09-29T17:13:07.226Z,http_post,https://api.divar.ir/v8/postlist/w/search,200,ok,58
2444,measure,succeeded,2026-09-29T17:13:07.345Z,2026-09-29T17:13:10.379Z,"{""rows"": 24}",2026-09-29T17:13:10.310Z,http_post,https://api.divar.ir/v8/postlist/w/search,200,ok,49
2445,measure,succeeded,2026-09-29T17:13:10.405Z,2026-09-29T17:13:13.464Z,"{""rows"": 24}",2026-09-29T17:13:13.380Z,http_post,https://api.divar.ir/v8/postlist/w/search,200,ok,60
2446,measure,succeeded,2026-09-29T17:13:13.488Z,2026-09-29T17:13:16.578Z,"{""rows"": 24}",2026-09-29T17:13:16.471Z,http_post,https://api.divar.ir/v8/postlist/w/search,200,ok,90
2447,measure,succeeded,2026-09-29T17:13:16.609Z,2026-09-29T17:13:19.660Z,"{""rows"": 24}",2026-09-29T17:13:19.582Z,http_post,https://api.divar.ir/v8/postlist/w/search,200,ok,65
2448,measure,succeeded,2026-09-29T17:14:16.765Z,2026-09-29T17:14:17.027Z,"{""rows"": 24}",2026-09-29T17:14:16.783Z,http_post,https://api.divar.ir/v8/postlist/w/search,200,ok,216
2449,measure,succeeded,2026-09-29T17:14:17.765Z,2026-09-29T17:14:20.106Z,"{""rows"": 24}",2026-09-29T17:14:20.030Z,http_post,https://api.divar.ir/v8/postlist/w/search,200,ok,59
2450,measure,succeeded,2026-09-29T17:14:20.126Z,2026-09-29T17:14:23.178Z,"{""rows"": 24}",2026-09-29T17:14:23.103Z,http_post,https://api.divar.ir/v8/postlist/w/search,200,ok,61
2451,measure,succeeded,2026-09-29T17:14:23.200Z,2026-09-29T17:14:26.254Z,"{""rows"": 24}",2026-09-29T17:14:26.179Z,http_post,https://api.divar.ir/v8/postlist/w/search,200,ok,47
2452,measure,succeeded,2026-09-29T17:14:26.282Z,2026-09-29T17:14:29.323Z,"{""rows"": 24}",2026-09-29T17:14:29.248Z,http_post,https://api.divar.ir/v8/postlist/w/search,200,ok,69
2453,measure,succeeded,2026-09-29T17:14:29.332Z,2026-09-29T17:14:32.401Z,"{""rows"": 12}",2026-09-29T17:14:32.328Z,http_post,https://api.divar.ir/v8/postlist/w/search,200,ok,62
2454,measure,succeeded,2026-09-29T17:14:32.413Z,2026-09-29T17:14:35.464Z,"{""rows"": 24}",2026-09-29T17:14:35.405Z,http_post,https://api.divar.ir/v8/postlist/w/search,200,ok,48
2455,measure,succeeded,2026-09-29T17:14:35.481Z,2026-09-29T17:14:38.521Z,"{""rows"": 24}",2026-09-29T17:14:38.469Z,http_post,https://api.divar.ir/v8/postlist/w/search,200,ok,42
2456,measure,succeeded,2026-09-29T17:14:38.531Z,2026-09-29T17:14:41.604Z,"{""rows"": 24}",2026-09-29T17:14:41.526Z,http_post,https://api.divar.ir/v8/postlist/w/search,200,ok,69
2457,measure,succeeded,2026-09-29T17:14:41.615Z,2026-09-29T17:14:44.664Z,"{""rows"": 24}",2026-09-29T17:14:44.607Z,http_post,https://api.divar.ir/v8/postlist/w/search,200,ok,49
2458,measure,succeeded,2026-09-29T17:14:44.675Z,2026-09-29T17:14:47.727Z,"{""rows"": 24}",2026-09-29T17:14:47.669Z,http_post,https://api.divar.ir/v8/postlist/w/search,200,ok,43
2459,measure,succeeded,2026-09-29T17:14:47.745Z,2026-09-29T17:14:50.799Z,"{""rows"": 24}",2026-09-29T17:14:50.730Z,http_post,https://api.divar.ir/v8/postlist/w/search,200,ok,57
2460,measure,succeeded,2026-09-29T17:14:50.823Z,2026-09-29T17:14:53.871Z,"{""rows"": 24}",2026-09-29T17:14:53.801Z,http_post,https://api.divar.ir/v8/postlist/w/search,200,ok,58
2461,measure,succeeded,2026-09-29T17:14:53.905Z,2026-09-29T17:14:56.929Z,"{""rows"": 24}",2026-09-29T17:14:56.875Z,http_post,https://api.divar.ir/v8/postlist/w/search,200,ok,42
2462,measure,succeeded,2026-09-29T17:14:56.958Z,2026-09-29T17:15:00.028Z,"{""rows"": 24}",2026-09-29T17:14:59.934Z,http_post,https://api.divar.ir/v8/postlist/w/search,200,ok,75
2463,measure,succeeded,2026-09-29T17:15:00.057Z,2026-09-29T17:15:03.112Z,"{""rows"": 24}",2026-09-29T17:15:03.032Z,http_post,https://api.divar.ir/v8/postlist/w/search,200,ok,69
2464,measure,succeeded,2026-09-29T17:15:03.130Z,2026-09-29T17:15:06.206Z,"{""rows"": 24}",2026-09-29T17:15:06.117Z,http_post,https://api.divar.ir/v8/postlist/w/search,200,ok,74
2465,measure,succeeded,2026-09-29T17:15:06.229Z,2026-09-29T17:15:09.315Z,"{""rows"": 24}",2026-09-29T17:15:09.215Z,http_post,https://api.divar.ir/v8/postlist/w/search,200,ok,85
2466,measure,succeeded,2026-09-29T17:15:09.345Z,2026-09-29T17:15:12.397Z,"{""rows"": 24}",2026-09-29T17:15:12.318Z,http_post,https://api.divar.ir/v8/postlist/w/search,200,ok,64
2467,measure,succeeded,2026-09-29T17:15:12.417Z,2026-09-29T17:15:15.464Z,"{""rows"": 24}",2026-09-29T17:15:15.400Z,http_post,https://api.divar.ir/v8/postlist/w/search,200,ok,49
2468,measure,succeeded,2026-09-29T17:15:15.493Z,2026-09-29T17:15:18.538Z,"{""rows"": 24}",2026-09-29T17:15:18.472Z,http_post,https://api.divar.ir/v8/postlist/w/search,200,ok,52
2469,measure,succeeded,2026-09-29T17:16:18.599Z,2026-09-29T17:16:18.698Z,"{""rows"": 24}",2026-09-29T17:16:18.602Z,http_post,https://api.divar.ir/v8/postlist/w/search,200,ok,89
2470,measure,succeeded,2026-09-29T17:16:19.603Z,2026-09-29T17:16:21.792Z,"{""rows"": 23}",2026-09-29T17:16:21.702Z,http_post,https://api.divar.ir/v8/postlist/w/search,200,ok,80
2471,measure,succeeded,2026-09-29T17:16:21.817Z,2026-09-29T17:16:24.858Z,"{""rows"": 24}",2026-09-29T17:16:24.795Z,http_post,https://api.divar.ir/v8/postlist/w/search,200,ok,51
2472,measure,succeeded,2026-09-29T17:16:24.873Z,2026-09-29T17:16:27.920Z,"{""rows"": 24}",2026-09-29T17:16:27.863Z,http_post,https://api.divar.ir/v8/postlist/w/search,200,ok,43
2473,measure,succeeded,2026-09-29T17:16:27.936Z,2026-09-29T17:16:30.994Z,"{""rows"": 24}",2026-09-29T17:16:30.923Z,http_post,https://api.divar.ir/v8/postlist/w/search,200,ok,61
2474,measure,succeeded,2026-09-29T17:16:31.014Z,2026-09-29T17:16:34.051Z,"{""rows"": 24}",2026-09-29T17:16:33.999Z,http_post,https://api.divar.ir/v8/postlist/w/search,200,ok,40
2475,measure,succeeded,2026-09-29T17:16:34.070Z,2026-09-29T17:16:37.108Z,"{""rows"": 17}",2026-09-29T17:16:37.056Z,http_post,https://api.divar.ir/v8/postlist/w/search,200,ok,44
2476,measure,succeeded,2026-09-29T17:16:37.120Z,2026-09-29T17:16:40.202Z,"{""rows"": 24}",2026-09-29T17:16:40.116Z,http_post,https://api.divar.ir/v8/postlist/w/search,200,ok,67
2477,measure,succeeded,2026-09-29T17:16:40.228Z,2026-09-29T17:16:43.258Z,"{""rows"": 24}",2026-09-29T17:16:43.203Z,http_post,https://api.divar.ir/v8/postlist/w/search,200,ok,44
2478,measure,succeeded,2026-09-29T17:16:43.286Z,2026-09-29T17:16:46.322Z,"{""rows"": 2}",2026-09-29T17:16:46.261Z,http_post,https://api.divar.ir/v8/postlist/w/search,200,ok,48
2479,measure,succeeded,2026-09-29T17:16:46.338Z,2026-09-29T17:16:49.385Z,"{""rows"": 24}",2026-09-29T17:16:49.326Z,http_post,https://api.divar.ir/v8/postlist/w/search,200,ok,46
2480,measure,succeeded,2026-09-29T17:16:49.408Z,2026-09-29T17:16:52.448Z,"{""rows"": 24}",2026-09-29T17:16:52.390Z,http_post,https://api.divar.ir/v8/postlist/w/search,200,ok,47
2481,measure,succeeded,2026-09-29T17:16:52.461Z,2026-09-29T17:16:55.534Z,"{""rows"": 24}",2026-09-29T17:16:55.453Z,http_post,https://api.divar.ir/v8/postlist/w/search,200,ok,71
2482,measure,succeeded,2026-09-29T17:16:55.546Z,2026-09-29T17:16:58.610Z,"{""rows"": 24}",2026-09-29T17:16:58.538Z,http_post,https://api.divar.ir/v8/postlist/w/search,200,ok,63
2483,measure,succeeded,2026-09-29T17:16:58.639Z,2026-09-29T17:17:01.672Z,"{""rows"": 24}",2026-09-29T17:17:01.612Z,http_post,https://api.divar.ir/v8/postlist/w/search,200,ok,50
2484,measure,succeeded,2026-09-29T17:17:01.686Z,2026-09-29T17:17:04.734Z,"{""rows"": 24}",2026-09-29T17:17:04.680Z,http_post,https://api.divar.ir/v8/postlist/w/search,200,ok,43
2485,measure,succeeded,2026-09-29T17:17:04.749Z,2026-09-29T17:17:07.802Z,"{""rows"": 24}",2026-09-29T17:17:07.736Z,http_post,https://api.divar.ir/v8/postlist/w/search,200,ok,52
2486,measure,succeeded,2026-09-29T17:17:07.821Z,2026-09-29T17:17:10.878Z,"{""rows"": 24}",2026-09-29T17:17:10.808Z,http_post,https://api.divar.ir/v8/postlist/w/search,200,ok,61
2487,measure,succeeded,2026-09-29T17:17:10.891Z,2026-09-29T17:17:13.937Z,"{""rows"": 13}",2026-09-29T17:17:13.883Z,http_post,https://api.divar.ir/v8/postlist/w/search,200,ok,46
2488,measure,succeeded,2026-09-29T17:17:13.947Z,2026-09-29T17:17:17.022Z,"{""rows"": 13}",2026-09-29T17:17:16.942Z,http_post,https://api.divar.ir/v8/postlist/w/search,200,ok,69
2489,measure,succeeded,2026-09-29T17:18:17.074Z,2026-09-29T17:18:17.277Z,"{""rows"": 24}",2026-09-29T17:18:17.079Z,http_post,https://api.divar.ir/v8/postlist/w/search,200,ok,188
2490,measure,succeeded,2026-09-29T17:18:18.074Z,2026-09-29T17:18:20.337Z,"{""rows"": 24}",2026-09-29T17:18:20.280Z,http_post,https://api.divar.ir/v8/postlist/w/search,200,ok,48
2491,measure,succeeded,2026-09-29T17:18:20.352Z,2026-09-29T17:18:23.435Z,"{""rows"": 24}",2026-09-29T17:18:23.343Z,http_post,https://api.divar.ir/v8/postlist/w/search,200,ok,83
2492,measure,succeeded,2026-09-29T17:18:23.452Z,2026-09-29T17:18:26.521Z,"{""rows"": 24}",2026-09-29T17:18:26.439Z,http_post,https://api.divar.ir/v8/postlist/w/search,200,ok,73
2493,measure,succeeded,2026-09-29T17:18:26.531Z,2026-09-29T17:18:29.586Z,"{""rows"": 24}",2026-09-29T17:18:29.524Z,http_post,https://api.divar.ir/v8/postlist/w/search,200,ok,56
2494,measure,succeeded,2026-09-29T17:18:29.595Z,2026-09-29T17:18:32.675Z,"{""rows"": 24}",2026-09-29T17:18:32.592Z,http_post,https://api.divar.ir/v8/postlist/w/search,200,ok,73
2495,measure,succeeded,2026-09-29T17:18:32.687Z,2026-09-29T17:18:35.745Z,"{""rows"": 24}",2026-09-29T17:18:35.680Z,http_post,https://api.divar.ir/v8/postlist/w/search,200,ok,54
2496,measure,succeeded,2026-09-29T17:18:35.755Z,2026-09-29T17:18:38.803Z,"{""rows"": 24}",2026-09-29T17:18:38.750Z,http_post,https://api.divar.ir/v8/postlist/w/search,200,ok,46
2497,measure,succeeded,2026-09-29T17:18:38.811Z,2026-09-29T17:18:41.863Z,"{""rows"": 24}",2026-09-29T17:18:41.808Z,http_post,https://api.divar.ir/v8/postlist/w/search,200,ok,43
2498,measure,succeeded,2026-09-29T17:18:41.880Z,2026-09-29T17:18:44.933Z,"{""rows"": 24}",2026-09-29T17:18:44.868Z,http_post,https://api.divar.ir/v8/postlist/w/search,200,ok,56
2499,measure,succeeded,2026-09-29T17:18:44.944Z,2026-09-29T17:18:48.009Z,"{""rows"": 24}",2026-09-29T17:18:47.938Z,http_post,https://api.divar.ir/v8/postlist/w/search,200,ok,64
2500,measure,succeeded,2026-09-29T17:18:48.016Z,2026-09-29T17:18:51.083Z,"{""rows"": 24}",2026-09-29T17:18:51.014Z,http_post,https://api.divar.ir/v8/postlist/w/search,200,ok,54
2501,measure,succeeded,2026-09-29T17:18:51.107Z,2026-09-29T17:18:54.142Z,"{""rows"": 10}",2026-09-29T17:18:54.086Z,http_post,https://api.divar.ir/v8/postlist/w/search,200,ok,49
2502,measure,succeeded,2026-09-29T17:18:54.149Z,2026-09-29T17:18:57.206Z,"{""rows"": 24}",2026-09-29T17:18:57.146Z,http_post,https://api.divar.ir/v8/postlist/w/search,200,ok,50
2503,measure,succeeded,2026-09-29T17:18:57.228Z,2026-09-29T17:19:00.318Z,"{""rows"": 24}",2026-09-29T17:19:00.211Z,http_post,https://api.divar.ir/v8/postlist/w/search,200,ok,97
2504,measure,succeeded,2026-09-29T17:19:00.331Z,2026-09-29T17:19:03.369Z,"{""rows"": 24}",2026-09-29T17:19:03.321Z,http_post,https://api.divar.ir/v8/postlist/w/search,200,ok,42
2505,measure,succeeded,2026-09-29T17:19:03.384Z,2026-09-29T17:19:06.436Z,"{""rows"": 24}",2026-09-29T17:19:06.376Z,http_post,https://api.divar.ir/v8/postlist/w/search,200,ok,53
2506,measure,succeeded,2026-09-29T17:19:06.446Z,2026-09-29T17:19:09.512Z,"{""rows"": 24}",2026-09-29T17:19:09.443Z,http_post,https://api.divar.ir/v8/postlist/w/search,200,ok,60
2507,measure,succeeded,2026-09-29T17:19:09.521Z,2026-09-29T17:19:12.571Z,"{""rows"": 24}",2026-09-29T17:19:12.517Z,http_post,https://api.divar.ir/v8/postlist/w/search,200,ok,47
2508,measure,succeeded,2026-09-29T17:19:12.580Z,2026-09-29T17:19:15.674Z,"{""rows"": 24}",2026-09-29T17:19:15.575Z,http_post,https://api.divar.ir/v8/postlist/w/search,200,ok,91
2509,measure,succeeded,2026-09-29T17:19:15.684Z,2026-09-29T17:19:18.737Z,"{""rows"": 24}",2026-09-29T17:19:18.679Z,http_post,https://api.divar.ir/v8/postlist/w/search,200,ok,49
2510,measure,succeeded,2026-09-29T17:20:16.780Z,2026-09-29T17:20:16.928Z,"{""rows"": 24}",2026-09-29T17:20:16.787Z,http_post,https://api.divar.ir/v8/postlist/w/search,200,ok,135
2511,measure,succeeded,2026-09-29T17:20:17.779Z,2026-09-29T17:20:20.017Z,"{""rows"": 24}",2026-09-29T17:20:19.934Z,http_post,https://api.divar.ir/v8/postlist/w/search,200,ok,70
2512,measure,succeeded,2026-09-29T17:20:20.027Z,2026-09-29T17:20:23.126Z,"{""rows"": 24}",2026-09-29T17:20:23.022Z,http_post,https://api.divar.ir/v8/postlist/w/search,200,ok,92
2513,measure,succeeded,2026-09-29T17:20:23.139Z,2026-09-29T17:20:26.210Z,"{""rows"": 24}",2026-09-29T17:20:26.129Z,http_post,https://api.divar.ir/v8/postlist/w/search,200,ok,65
2514,measure,succeeded,2026-09-29T17:20:26.229Z,2026-09-29T17:20:29.272Z,"{""rows"": 8}",2026-09-29T17:20:29.211Z,http_post,https://api.divar.ir/v8/postlist/w/search,200,ok,54
2515,measure,succeeded,2026-09-29T17:20:29.280Z,2026-09-29T17:20:32.379Z,"{""rows"": 23}",2026-09-29T17:20:32.276Z,http_post,https://api.divar.ir/v8/postlist/w/search,200,ok,92
2516,measure,succeeded,2026-09-29T17:20:32.393Z,2026-09-29T17:20:35.452Z,"{""rows"": 24}",2026-09-29T17:20:35.383Z,http_post,https://api.divar.ir/v8/postlist/w/search,200,ok,61
2517,measure,succeeded,2026-09-29T17:20:35.459Z,2026-09-29T17:20:38.514Z,"{""rows"": 24}",2026-09-29T17:20:38.456Z,http_post,https://api.divar.ir/v8/postlist/w/search,200,ok,44
2518,measure,succeeded,2026-09-29T17:20:38.534Z,2026-09-29T17:20:41.593Z,"{""rows"": 24}",2026-09-29T17:20:41.519Z,http_post,https://api.divar.ir/v8/postlist/w/search,200,ok,61
2519,measure,succeeded,2026-09-29T17:20:41.609Z,2026-09-29T17:20:44.671Z,"{""rows"": 24}",2026-09-29T17:20:44.597Z,http_post,https://api.divar.ir/v8/postlist/w/search,200,ok,60
2520,measure,succeeded,2026-09-29T17:20:44.693Z,2026-09-29T17:20:47.770Z,"{""rows"": 24}",2026-09-29T17:20:47.675Z,http_post,https://api.divar.ir/v8/postlist/w/search,200,ok,83
2521,measure,succeeded,2026-09-29T17:20:47.793Z,2026-09-29T17:20:50.895Z,"{""rows"": 12}",2026-09-29T17:20:50.774Z,http_post,https://api.divar.ir/v8/postlist/w/search,200,ok,105
2522,measure,succeeded,2026-09-29T17:20:50.916Z,2026-09-29T17:20:53.954Z,"{""rows"": 13}",2026-09-29T17:20:53.898Z,http_post,https://api.divar.ir/v8/postlist/w/search,200,ok,43
2523,measure,succeeded,2026-09-29T17:20:53.973Z,2026-09-29T17:20:57.017Z,"{""rows"": 24}",2026-09-29T17:20:56.955Z,http_post,https://api.divar.ir/v8/postlist/w/search,200,ok,55
2524,measure,succeeded,2026-09-29T17:20:57.028Z,2026-09-29T17:21:00.297Z,"{""rows"": 24}",2026-09-29T17:21:00.022Z,http_post,https://api.divar.ir/v8/postlist/w/search,200,ok,264
2525,measure,succeeded,2026-09-29T17:21:00.306Z,2026-09-29T17:21:03.359Z,"{""rows"": 24}",2026-09-29T17:21:03.302Z,http_post,https://api.divar.ir/v8/postlist/w/search,200,ok,43
2526,measure,succeeded,2026-09-29T17:21:03.373Z,2026-09-29T17:21:06.415Z,"{""rows"": 24}",2026-09-29T17:21:06.360Z,http_post,https://api.divar.ir/v8/postlist/w/search,200,ok,46
2527,measure,succeeded,2026-09-29T17:21:06.426Z,2026-09-29T17:21:09.496Z,"{""rows"": 24}",2026-09-29T17:21:09.419Z,http_post,https://api.divar.ir/v8/postlist/w/search,200,ok,54
2528,measure,succeeded,2026-09-29T17:21:09.506Z,2026-09-29T17:21:12.551Z,"{""rows"": 24}",2026-09-29T17:21:12.488Z,http_post,https://api.divar.ir/v8/postlist/w/search,200,ok,51
2529,measure,succeeded,2026-09-29T17:21:12.566Z,2026-09-29T17:21:15.621Z,"{""rows"": 1}",2026-09-29T17:21:15.553Z,http_post,https://api.divar.ir/v8/postlist/w/search,200,ok,62
2530,measure,succeeded,2026-09-29T17:21:15.628Z,2026-09-29T17:21:18.699Z,"{""rows"": 24}",2026-09-29T17:21:18.625Z,http_post,https://api.divar.ir/v8/postlist/w/search,200,ok,64
2531,measure,succeeded,2026-09-29T17:22:17.737Z,2026-09-29T17:22:17.943Z,"{""rows"": 24}",2026-09-29T17:22:17.741Z,http_post,https://api.divar.ir/v8/postlist/w/search,200,ok,192
2532,measure,succeeded,2026-09-29T17:22:18.738Z,2026-09-29T17:22:20.997Z,"{""rows"": 24}",2026-09-29T17:22:20.946Z,http_post,https://api.divar.ir/v8/postlist/w/search,200,ok,44
2533,measure,succeeded,2026-09-29T17:22:21.006Z,2026-09-29T17:22:24.051Z,"{""rows"": 24}",2026-09-29T17:22:24.002Z,http_post,https://api.divar.ir/v8/postlist/w/search,200,ok,44
2534,measure,succeeded,2026-09-29T17:22:24.060Z,2026-09-29T17:22:27.133Z,"{""rows"": 24}",2026-09-29T17:22:27.056Z,http_post,https://api.divar.ir/v8/postlist/w/search,200,ok,71
2535,measure,succeeded,2026-09-29T17:22:27.142Z,2026-09-29T17:22:30.194Z,"{""rows"": 12}",2026-09-29T17:22:30.138Z,http_post,https://api.divar.ir/v8/postlist/w/search,200,ok,48
2536,measure,succeeded,2026-09-29T17:22:30.209Z,2026-09-29T17:22:33.251Z,"{""rows"": 24}",2026-09-29T17:22:33.198Z,http_post,https://api.divar.ir/v8/postlist/w/search,200,ok,46
2537,measure,succeeded,2026-09-29T17:22:33.259Z,2026-09-29T17:22:36.348Z,"{""rows"": 24}",2026-09-29T17:22:36.257Z,http_post,https://api.divar.ir/v8/postlist/w/search,200,ok,83
2538,measure,succeeded,2026-09-29T17:22:36.359Z,2026-09-29T17:22:39.406Z,"{""rows"": 21}",2026-09-29T17:22:39.352Z,http_post,https://api.divar.ir/v8/postlist/w/search,200,ok,47
2539,measure,succeeded,2026-09-29T17:22:39.415Z,2026-09-29T17:22:42.465Z,"{""rows"": 24}",2026-09-29T17:22:42.411Z,http_post,https://api.divar.ir/v8/postlist/w/search,200,ok,45
2540,measure,succeeded,2026-09-29T17:22:42.478Z,2026-09-29T17:22:45.628Z,"{""rows"": 24}",2026-09-29T17:22:45.470Z,http_post,https://api.divar.ir/v8/postlist/w/search,200,ok,149
2541,measure,succeeded,2026-09-29T17:22:45.638Z,2026-09-29T17:22:48.739Z,"{""rows"": 24}",2026-09-29T17:22:48.632Z,http_post,https://api.divar.ir/v8/postlist/w/search,200,ok,98
2542,measure,succeeded,2026-09-29T17:22:48.749Z,2026-09-29T17:22:51.795Z,"{""rows"": 24}",2026-09-29T17:22:51.743Z,http_post,https://api.divar.ir/v8/postlist/w/search,200,ok,44
2543,measure,succeeded,2026-09-29T17:22:51.805Z,2026-09-29T17:22:54.856Z,"{""rows"": 16}",2026-09-29T17:22:54.800Z,http_post,https://api.divar.ir/v8/postlist/w/search,200,ok,49
2544,measure,succeeded,2026-09-29T17:22:54.864Z,2026-09-29T17:22:57.919Z,"{""rows"": 24}",2026-09-29T17:22:57.861Z,http_post,https://api.divar.ir/v8/postlist/w/search,200,ok,51
2545,measure,succeeded,2026-09-29T17:22:57.931Z,2026-09-29T17:23:00.978Z,"{""rows"": 24}",2026-09-29T17:23:00.926Z,http_post,https://api.divar.ir/v8/postlist/w/search,200,ok,43
2546,measure,succeeded,2026-09-29T17:23:00.990Z,2026-09-29T17:23:04.083Z,"{""rows"": 24}",2026-09-29T17:23:03.982Z,http_post,https://api.divar.ir/v8/postlist/w/search,200,ok,94
2547,measure,succeeded,2026-09-29T17:23:04.100Z,2026-09-29T17:23:07.192Z,"{""rows"": 24}",2026-09-29T17:23:07.088Z,http_post,https://api.divar.ir/v8/postlist/w/search,200,ok,93
2548,measure,succeeded,2026-09-29T17:23:07.204Z,2026-09-29T17:23:10.282Z,"{""rows"": 24}",2026-09-29T17:23:10.197Z,http_post,https://api.divar.ir/v8/postlist/w/search,200,ok,74
2549,measure,succeeded,2026-09-29T17:23:10.309Z,2026-09-29T17:23:13.354Z,"{""rows"": 24}",2026-09-29T17:23:13.294Z,http_post,https://api.divar.ir/v8/postlist/w/search,200,ok,53
2550,measure,succeeded,2026-09-29T17:23:13.366Z,2026-09-29T17:23:16.418Z,"{""rows"": 24}",2026-09-29T17:23:16.359Z,http_post,https://api.divar.ir/v8/postlist/w/search,200,ok,48
2551,measure,succeeded,2026-09-29T17:23:16.446Z,2026-09-29T17:23:19.491Z,"{""rows"": 24}",2026-09-29T17:23:19.422Z,http_post,https://api.divar.ir/v8/postlist/w/search,200,ok,50
2552,measure,succeeded,2026-09-29T17:24:17.557Z,2026-09-29T17:24:17.792Z,"{""rows"": 24}",2026-09-29T17:24:17.566Z,http_post,https://api.divar.ir/v8/postlist/w/search,200,ok,210
2553,measure,succeeded,2026-09-29T17:24:18.558Z,2026-09-29T17:24:20.884Z,"{""rows"": 24}",2026-09-29T17:24:20.797Z,http_post,https://api.divar.ir/v8/postlist/w/search,200,ok,71
2554,measure,succeeded,2026-09-29T17:24:20.897Z,2026-09-29T17:24:23.939Z,"{""rows"": 24}",2026-09-29T17:24:23.886Z,http_post,https://api.divar.ir/v8/postlist/w/search,200,ok,41
2555,measure,succeeded,2026-09-29T17:24:23.959Z,2026-09-29T17:24:27.018Z,"{""rows"": 24}",2026-09-29T17:24:26.942Z,http_post,https://api.divar.ir/v8/postlist/w/search,200,ok,61
2556,measure,succeeded,2026-09-29T17:24:27.037Z,2026-09-29T17:24:30.096Z,"{""rows"": 24}",2026-09-29T17:24:30.019Z,http_post,https://api.divar.ir/v8/postlist/w/search,200,ok,63
2557,measure,succeeded,2026-09-29T17:24:30.118Z,2026-09-29T17:24:33.151Z,"{""rows"": 24}",2026-09-29T17:24:33.098Z,http_post,https://api.divar.ir/v8/postlist/w/search,200,ok,43
2558,measure,succeeded,2026-09-29T17:24:33.165Z,2026-09-29T17:24:36.237Z,"{""rows"": 24}",2026-09-29T17:24:36.155Z,http_post,https://api.divar.ir/v8/postlist/w/search,200,ok,69
2559,measure,succeeded,2026-09-29T17:24:36.259Z,2026-09-29T17:24:39.313Z,"{""rows"": 22}",2026-09-29T17:24:39.239Z,http_post,https://api.divar.ir/v8/postlist/w/search,200,ok,67
2560,measure,succeeded,2026-09-29T17:24:39.320Z,2026-09-29T17:24:42.369Z,"{""rows"": 8}",2026-09-29T17:24:42.317Z,http_post,https://api.divar.ir/v8/postlist/w/search,200,ok,47
2561,measure,succeeded,2026-09-29T17:24:42.376Z,2026-09-29T17:24:45.431Z,"{""rows"": 24}",2026-09-29T17:24:45.376Z,http_post,https://api.divar.ir/v8/postlist/w/search,200,ok,49
2562,measure,succeeded,2026-09-29T17:24:45.443Z,2026-09-29T17:24:48.505Z,"{""rows"": 24}",2026-09-29T17:24:48.437Z,http_post,https://api.divar.ir/v8/postlist/w/search,200,ok,55
2563,measure,succeeded,2026-09-29T17:24:48.525Z,2026-09-29T17:24:51.572Z,"{""rows"": 24}",2026-09-29T17:24:51.505Z,http_post,https://api.divar.ir/v8/postlist/w/search,200,ok,60
2564,measure,succeeded,2026-09-29T17:24:51.580Z,2026-09-29T17:24:54.632Z,"{""rows"": 24}",2026-09-29T17:24:54.577Z,http_post,https://api.divar.ir/v8/postlist/w/search,200,ok,47
2565,measure,succeeded,2026-09-29T17:24:54.638Z,2026-09-29T17:24:57.687Z,"{""rows"": 24}",2026-09-29T17:24:57.637Z,http_post,https://api.divar.ir/v8/postlist/w/search,200,ok,43
2566,measure,succeeded,2026-09-29T17:24:57.706Z,2026-09-29T17:25:00.786Z,"{""rows"": 24}",2026-09-29T17:25:00.691Z,http_post,https://api.divar.ir/v8/postlist/w/search,200,ok,88
2567,measure,succeeded,2026-09-29T17:25:00.798Z,2026-09-29T17:25:03.858Z,"{""rows"": 24}",2026-09-29T17:25:03.789Z,http_post,https://api.divar.ir/v8/postlist/w/search,200,ok,61
2568,measure,succeeded,2026-09-29T17:25:03.877Z,2026-09-29T17:25:06.912Z,"{""rows"": 24}",2026-09-29T17:25:06.862Z,http_post,https://api.divar.ir/v8/postlist/w/search,200,ok,42
2569,measure,succeeded,2026-09-29T17:25:06.931Z,2026-09-29T17:25:09.992Z,"{""rows"": 24}",2026-09-29T17:25:09.917Z,http_post,https://api.divar.ir/v8/postlist/w/search,200,ok,69
2570,measure,succeeded,2026-09-29T17:25:09.999Z,2026-09-29T17:25:13.102Z,"{""rows"": 24}",2026-09-29T17:25:12.996Z,http_post,https://api.divar.ir/v8/postlist/w/search,200,ok,98
2571,measure,succeeded,2026-09-29T17:25:13.110Z,2026-09-29T17:25:16.164Z,"{""rows"": 24}",2026-09-29T17:25:16.107Z,http_post,https://api.divar.ir/v8/postlist/w/search,200,ok,47
2572,measure,succeeded,2026-09-29T17:25:16.190Z,2026-09-29T17:25:19.239Z,"{""rows"": 24}",2026-09-29T17:25:19.168Z,http_post,https://api.divar.ir/v8/postlist/w/search,200,ok,64
2573,measure,succeeded,2026-09-29T17:26:17.278Z,2026-09-29T17:26:17.380Z,"{""rows"": 5}",2026-09-29T17:26:17.285Z,http_post,https://api.divar.ir/v8/postlist/w/search,200,ok,87
2574,measure,succeeded,2026-09-29T17:26:18.281Z,2026-09-29T17:26:20.451Z,"{""rows"": 11}",2026-09-29T17:26:20.387Z,http_post,https://api.divar.ir/v8/postlist/w/search,200,ok,54
2575,measure,succeeded,2026-09-29T17:26:20.467Z,2026-09-29T17:26:23.513Z,"{""rows"": 24}",2026-09-29T17:26:23.456Z,http_post,https://api.divar.ir/v8/postlist/w/search,200,ok,46
2576,measure,succeeded,2026-09-29T17:26:23.531Z,2026-09-29T17:26:26.587Z,"{""rows"": 24}",2026-09-29T17:26:26.517Z,http_post,https://api.divar.ir/v8/postlist/w/search,200,ok,57
2577,measure,succeeded,2026-09-29T17:26:26.602Z,2026-09-29T17:26:29.674Z,"{""rows"": 7}",2026-09-29T17:26:29.593Z,http_post,https://api.divar.ir/v8/postlist/w/search,200,ok,70
2578,measure,succeeded,2026-09-29T17:26:29.687Z,2026-09-29T17:26:32.727Z,"{""rows"": 24}",2026-09-29T17:26:32.677Z,http_post,https://api.divar.ir/v8/postlist/w/search,200,ok,42
2579,measure,succeeded,2026-09-29T17:26:32.744Z,2026-09-29T17:26:35.822Z,"{""rows"": 24}",2026-09-29T17:26:35.734Z,http_post,https://api.divar.ir/v8/postlist/w/search,200,ok,66
2580,measure,succeeded,2026-09-29T17:26:35.844Z,2026-09-29T17:26:38.928Z,"{""rows"": 24}",2026-09-29T17:26:38.823Z,http_post,https://api.divar.ir/v8/postlist/w/search,200,ok,90
2581,measure,succeeded,2026-09-29T17:26:38.952Z,2026-09-29T17:26:41.989Z,"{""rows"": 24}",2026-09-29T17:26:41.930Z,http_post,https://api.divar.ir/v8/postlist/w/search,200,ok,48
2582,measure,succeeded,2026-09-29T17:26:42.010Z,2026-09-29T17:26:45.099Z,"{""rows"": 24}",2026-09-29T17:26:44.995Z,http_post,https://api.divar.ir/v8/postlist/w/search,200,ok,74
2583,measure,succeeded,2026-09-29T17:26:45.127Z,2026-09-29T17:26:48.166Z,"{""rows"": 24}",2026-09-29T17:26:48.088Z,http_post,https://api.divar.ir/v8/postlist/w/search,200,ok,61
2584,measure,succeeded,2026-09-29T17:26:48.187Z,2026-09-29T17:26:51.249Z,"{""rows"": 24}",2026-09-29T17:26:51.171Z,http_post,https://api.divar.ir/v8/postlist/w/search,200,ok,61
2585,measure,succeeded,2026-09-29T17:26:51.281Z,2026-09-29T17:26:54.317Z,"{""rows"": 24}",2026-09-29T17:26:54.254Z,http_post,https://api.divar.ir/v8/postlist/w/search,200,ok,52
2586,measure,succeeded,2026-09-29T17:26:54.339Z,2026-09-29T17:26:57.426Z,"{""rows"": 24}",2026-09-29T17:26:57.322Z,http_post,https://api.divar.ir/v8/postlist/w/search,200,ok,88
2587,measure,succeeded,2026-09-29T17:26:57.454Z,2026-09-29T17:27:00.492Z,"{""rows"": 24}",2026-09-29T17:27:00.428Z,http_post,https://api.divar.ir/v8/postlist/w/search,200,ok,51
2588,measure,succeeded,2026-09-29T17:27:00.512Z,2026-09-29T17:27:03.547Z,"{""rows"": 24}",2026-09-29T17:27:03.495Z,http_post,https://api.divar.ir/v8/postlist/w/search,200,ok,44
2589,measure,succeeded,2026-09-29T17:27:03.566Z,2026-09-29T17:27:06.605Z,"{""rows"": 24}",2026-09-29T17:27:06.552Z,http_post,https://api.divar.ir/v8/postlist/w/search,200,ok,44
2590,measure,succeeded,2026-09-29T17:27:06.619Z,2026-09-29T17:27:09.656Z,"{""rows"": 24}",2026-09-29T17:27:09.610Z,http_post,https://api.divar.ir/v8/postlist/w/search,200,ok,38
2591,measure,succeeded,2026-09-29T17:27:09.674Z,2026-09-29T17:27:12.726Z,"{""rows"": 24}",2026-09-29T17:27:12.661Z,http_post,https://api.divar.ir/v8/postlist/w/search,200,ok,58
2592,measure,succeeded,2026-09-29T17:27:12.741Z,2026-09-29T17:27:15.792Z,"{""rows"": 2}",2026-09-29T17:27:15.730Z,http_post,https://api.divar.ir/v8/postlist/w/search,200,ok,54
2593,measure,succeeded,2026-09-29T17:27:15.805Z,2026-09-29T17:27:18.864Z,"{""rows"": 24}",2026-09-29T17:27:18.799Z,http_post,https://api.divar.ir/v8/postlist/w/search,200,ok,58
2594,measure,succeeded,2026-09-29T17:28:16.899Z,2026-09-29T17:28:17.096Z,"{""rows"": 5}",2026-09-29T17:28:16.906Z,http_post,https://api.divar.ir/v8/postlist/w/search,200,ok,180
2595,measure,succeeded,2026-09-29T17:28:17.901Z,2026-09-29T17:28:20.160Z,"{""rows"": 24}",2026-09-29T17:28:20.100Z,http_post,https://api.divar.ir/v8/postlist/w/search,200,ok,50
2596,measure,succeeded,2026-09-29T17:28:20.187Z,2026-09-29T17:28:23.211Z,"{""rows"": 1}",2026-09-29T17:28:23.164Z,http_post,https://api.divar.ir/v8/postlist/w/search,200,ok,40
2597,measure,succeeded,2026-09-29T17:28:23.223Z,2026-09-29T17:28:26.271Z,"{""rows"": 24}",2026-09-29T17:28:26.218Z,http_post,https://api.divar.ir/v8/postlist/w/search,200,ok,43
2598,measure,succeeded,2026-09-29T17:28:26.288Z,2026-09-29T17:28:29.330Z,"{""rows"": 24}",2026-09-29T17:28:29.274Z,http_post,https://api.divar.ir/v8/postlist/w/search,200,ok,47
2599,measure,succeeded,2026-09-29T17:28:29.347Z,2026-09-29T17:28:32.391Z,"{""rows"": 24}",2026-09-29T17:28:32.335Z,http_post,https://api.divar.ir/v8/postlist/w/search,200,ok,46
2600,measure,succeeded,2026-09-29T17:28:32.404Z,2026-09-29T17:28:35.460Z,"{""rows"": 24}",2026-09-29T17:28:35.396Z,http_post,https://api.divar.ir/v8/postlist/w/search,200,ok,53
2601,measure,succeeded,2026-09-29T17:28:35.476Z,2026-09-29T17:28:38.520Z,"{""rows"": 10}",2026-09-29T17:28:38.464Z,http_post,https://api.divar.ir/v8/postlist/w/search,200,ok,46
2602,measure,succeeded,2026-09-29T17:28:38.538Z,2026-09-29T17:28:41.581Z,"{""rows"": 24}",2026-09-29T17:28:41.526Z,http_post,https://api.divar.ir/v8/postlist/w/search,200,ok,47
2603,measure,succeeded,2026-09-29T17:28:41.597Z,2026-09-29T17:28:44.672Z,"{""rows"": 24}",2026-09-29T17:28:44.585Z,http_post,https://api.divar.ir/v8/postlist/w/search,200,ok,76
2604,measure,succeeded,2026-09-29T17:28:44.691Z,2026-09-29T17:28:47.728Z,"{""rows"": 24}",2026-09-29T17:28:47.677Z,http_post,https://api.divar.ir/v8/postlist/w/search,200,ok,39
2605,measure,succeeded,2026-09-29T17:28:47.747Z,2026-09-29T17:28:50.804Z,"{""rows"": 24}",2026-09-29T17:28:50.732Z,http_post,https://api.divar.ir/v8/postlist/w/search,200,ok,59
2606,measure,succeeded,2026-09-29T17:28:50.825Z,2026-09-29T17:28:53.875Z,"{""rows"": 24}",2026-09-29T17:28:53.806Z,http_post,https://api.divar.ir/v8/postlist/w/search,200,ok,58
2607,measure,succeeded,2026-09-29T17:28:53.893Z,2026-09-29T17:28:56.963Z,"{""rows"": 24}",2026-09-29T17:28:56.880Z,http_post,https://api.divar.ir/v8/postlist/w/search,200,ok,73
2608,measure,succeeded,2026-09-29T17:28:56.975Z,2026-09-29T17:29:00.024Z,"{""rows"": 24}",2026-09-29T17:28:59.967Z,http_post,https://api.divar.ir/v8/postlist/w/search,200,ok,47
2609,measure,succeeded,2026-09-29T17:29:00.037Z,2026-09-29T17:29:03.082Z,"{""rows"": 24}",2026-09-29T17:29:03.027Z,http_post,https://api.divar.ir/v8/postlist/w/search,200,ok,49
2610,measure,succeeded,2026-09-29T17:29:03.090Z,2026-09-29T17:29:06.133Z,"{""rows"": 24}",2026-09-29T17:29:06.087Z,http_post,https://api.divar.ir/v8/postlist/w/search,200,ok,41
2611,measure,succeeded,2026-09-29T17:29:06.142Z,2026-09-29T17:29:09.191Z,"{""rows"": 24}",2026-09-29T17:29:09.138Z,http_post,https://api.divar.ir/v8/postlist/w/search,200,ok,45
2612,measure,succeeded,2026-09-29T17:29:09.202Z,2026-09-29T17:29:12.241Z,"{""rows"": 24}",2026-09-29T17:29:12.195Z,http_post,https://api.divar.ir/v8/postlist/w/search,200,ok,39
2613,measure,succeeded,2026-09-29T17:29:12.248Z,2026-09-29T17:29:15.300Z,"{""rows"": 24}",2026-09-29T17:29:15.246Z,http_post,https://api.divar.ir/v8/postlist/w/search,200,ok,44
2614,measure,succeeded,2026-09-29T17:29:15.313Z,2026-09-29T17:29:18.369Z,"{""rows"": 24}",2026-09-29T17:29:18.307Z,http_post,https://api.divar.ir/v8/postlist/w/search,200,ok,51
2615,measure,succeeded,2026-09-29T17:30:17.413Z,2026-09-29T17:30:17.598Z,"{""rows"": 24}",2026-09-29T17:30:17.423Z,http_post,https://api.divar.ir/v8/postlist/w/search,200,ok,163
2616,measure,succeeded,2026-09-29T17:30:18.417Z,2026-09-29T17:30:20.652Z,"{""rows"": 24}",2026-09-29T17:30:20.603Z,http_post,https://api.divar.ir/v8/postlist/w/search,200,ok,39
2617,measure,succeeded,2026-09-29T17:30:20.670Z,2026-09-29T17:30:23.720Z,"{""rows"": 24}",2026-09-29T17:30:23.656Z,http_post,https://api.divar.ir/v8/postlist/w/search,200,ok,54
2618,measure,succeeded,2026-09-29T17:30:23.734Z,2026-09-29T17:30:26.826Z,"{""rows"": 24}",2026-09-29T17:30:26.726Z,http_post,https://api.divar.ir/v8/postlist/w/search,200,ok,65
2619,measure,succeeded,2026-09-29T17:30:26.854Z,2026-09-29T17:30:29.863Z,"{""rows"": 1}",2026-09-29T17:30:29.817Z,http_post,https://api.divar.ir/v8/postlist/w/search,200,ok,36
2620,measure,succeeded,2026-09-29T17:30:30.883Z,2026-09-29T17:30:32.934Z,"{""rows"": 24}",2026-09-29T17:30:32.871Z,http_post,https://api.divar.ir/v8/postlist/w/search,200,ok,53
2621,measure,succeeded,2026-09-29T17:30:32.951Z,2026-09-29T17:30:35.999Z,"{""rows"": 19}",2026-09-29T17:30:35.941Z,http_post,https://api.divar.ir/v8/postlist/w/search,200,ok,42
2622,measure,succeeded,2026-09-29T17:30:36.020Z,2026-09-29T17:30:39.054Z,"{""rows"": 24}",2026-09-29T17:30:39.001Z,http_post,https://api.divar.ir/v8/postlist/w/search,200,ok,44
2623,measure,succeeded,2026-09-29T17:30:39.072Z,2026-09-29T17:30:42.148Z,"{""rows"": 24}",2026-09-29T17:30:42.063Z,http_post,https://api.divar.ir/v8/postlist/w/search,200,ok,67
2624,measure,succeeded,2026-09-29T17:30:42.166Z,2026-09-29T17:30:45.206Z,"{""rows"": 24}",2026-09-29T17:30:45.151Z,http_post,https://api.divar.ir/v8/postlist/w/search,200,ok,42
2625,measure,succeeded,2026-09-29T17:30:45.229Z,2026-09-29T17:30:48.265Z,"{""rows"": 24}",2026-09-29T17:30:48.213Z,http_post,https://api.divar.ir/v8/postlist/w/search,200,ok,39
2626,measure,succeeded,2026-09-29T17:30:48.285Z,2026-09-29T17:30:51.339Z,"{""rows"": 24}",2026-09-29T17:30:51.269Z,http_post,https://api.divar.ir/v8/postlist/w/search,200,ok,56
2627,measure,succeeded,2026-09-29T17:30:51.359Z,2026-09-29T17:30:54.422Z,"{""rows"": 24}",2026-09-29T17:30:54.345Z,http_post,https://api.divar.ir/v8/postlist/w/search,200,ok,63
2628,measure,succeeded,2026-09-29T17:30:54.445Z,2026-09-29T17:30:57.492Z,"{""rows"": 24}",2026-09-29T17:30:57.428Z,http_post,https://api.divar.ir/v8/postlist/w/search,200,ok,52
2629,measure,succeeded,2026-09-29T17:30:57.514Z,2026-09-29T17:31:00.567Z,"{""rows"": 24}",2026-09-29T17:31:00.498Z,http_post,https://api.divar.ir/v8/postlist/w/search,200,ok,52
2630,measure,succeeded,2026-09-29T17:31:00.591Z,2026-09-29T17:31:03.633Z,"{""rows"": 24}",2026-09-29T17:31:03.569Z,http_post,https://api.divar.ir/v8/postlist/w/search,200,ok,52
2631,measure,succeeded,2026-09-29T17:31:03.655Z,2026-09-29T17:31:06.711Z,"{""rows"": 24}",2026-09-29T17:31:06.638Z,http_post,https://api.divar.ir/v8/postlist/w/search,200,ok,57
2632,measure,succeeded,2026-09-29T17:31:06.733Z,2026-09-29T17:31:09.788Z,"{""rows"": 24}",2026-09-29T17:31:09.713Z,http_post,https://api.divar.ir/v8/postlist/w/search,200,ok,62
2633,measure,succeeded,2026-09-29T17:31:09.810Z,2026-09-29T17:31:12.865Z,"{""rows"": 24}",2026-09-29T17:31:12.793Z,http_post,https://api.divar.ir/v8/postlist/w/search,200,ok,56
2634,measure,succeeded,2026-09-29T17:31:12.881Z,2026-09-29T17:31:15.952Z,"{""rows"": 7}",2026-09-29T17:31:15.867Z,http_post,https://api.divar.ir/v8/postlist/w/search,200,ok,75
2635,measure,succeeded,2026-09-29T17:31:15.964Z,2026-09-29T17:31:19.009Z,"{""rows"": 24}",2026-09-29T17:31:18.958Z,http_post,https://api.divar.ir/v8/postlist/w/search,200,ok,40
2636,measure,succeeded,2026-09-29T17:32:17.096Z,2026-09-29T17:32:17.198Z,"{""rows"": 24}",2026-09-29T17:32:17.101Z,http_post,https://api.divar.ir/v8/postlist/w/search,200,ok,84
2637,measure,succeeded,2026-09-29T17:32:18.096Z,2026-09-29T17:32:20.263Z,"{""rows"": 8}",2026-09-29T17:32:20.201Z,http_post,https://api.divar.ir/v8/postlist/w/search,200,ok,53
2638,measure,succeeded,2026-09-29T17:32:20.283Z,2026-09-29T17:32:23.335Z,"{""rows"": 24}",2026-09-29T17:32:23.270Z,http_post,https://api.divar.ir/v8/postlist/w/search,200,ok,56
2639,measure,succeeded,2026-09-29T17:32:23.356Z,2026-09-29T17:32:26.395Z,"{""rows"": 1}",2026-09-29T17:32:26.342Z,http_post,https://api.divar.ir/v8/postlist/w/search,200,ok,45
2640,measure,succeeded,2026-09-29T17:32:26.409Z,2026-09-29T17:32:29.460Z,"{""rows"": 11}",2026-09-29T17:32:29.398Z,http_post,https://api.divar.ir/v8/postlist/w/search,200,ok,52
2641,measure,succeeded,2026-09-29T17:32:29.475Z,2026-09-29T17:32:32.525Z,"{""rows"": 24}",2026-09-29T17:32:32.466Z,http_post,https://api.divar.ir/v8/postlist/w/search,200,ok,49
2642,measure,succeeded,2026-09-29T17:32:32.542Z,2026-09-29T17:32:35.585Z,"{""rows"": 24}",2026-09-29T17:32:35.530Z,http_post,https://api.divar.ir/v8/postlist/w/search,200,ok,47
2643,measure,succeeded,2026-09-29T17:32:35.611Z,2026-09-29T17:32:38.657Z,"{""rows"": 24}",2026-09-29T17:32:38.591Z,http_post,https://api.divar.ir/v8/postlist/w/search,200,ok,55
2644,measure,succeeded,2026-09-29T17:32:38.675Z,2026-09-29T17:32:41.721Z,"{""rows"": 24}",2026-09-29T17:32:41.661Z,http_post,https://api.divar.ir/v8/postlist/w/search,200,ok,49
2645,measure,succeeded,2026-09-29T17:32:41.735Z,2026-09-29T17:32:44.790Z,"{""rows"": 24}",2026-09-29T17:32:44.726Z,http_post,https://api.divar.ir/v8/postlist/w/search,200,ok,52
2646,measure,succeeded,2026-09-29T17:32:44.810Z,2026-09-29T17:32:47.878Z,"{""rows"": 24}",2026-09-29T17:32:47.793Z,http_post,https://api.divar.ir/v8/postlist/w/search,200,ok,76
2647,measure,succeeded,2026-09-29T17:32:47.899Z,2026-09-29T17:32:50.944Z,"{""rows"": 24}",2026-09-29T17:32:50.886Z,http_post,https://api.divar.ir/v8/postlist/w/search,200,ok,47
2648,measure,succeeded,2026-09-29T17:32:50.961Z,2026-09-29T17:32:54.008Z,"{""rows"": 24}",2026-09-29T17:32:53.948Z,http_post,https://api.divar.ir/v8/postlist/w/search,200,ok,51
2649,measure,succeeded,2026-09-29T17:32:54.025Z,2026-09-29T17:32:57.073Z,"{""rows"": 24}",2026-09-29T17:32:57.014Z,http_post,https://api.divar.ir/v8/postlist/w/search,200,ok,46
2650,measure,succeeded,2026-09-29T17:32:57.095Z,2026-09-29T17:33:00.150Z,"{""rows"": 3}",2026-09-29T17:33:00.080Z,http_post,https://api.divar.ir/v8/postlist/w/search,200,ok,59
2651,measure,succeeded,2026-09-29T17:33:00.165Z,2026-09-29T17:33:03.205Z,"{""rows"": 24}",2026-09-29T17:33:03.153Z,http_post,https://api.divar.ir/v8/postlist/w/search,200,ok,43
2652,measure,succeeded,2026-09-29T17:33:03.218Z,2026-09-29T17:33:06.270Z,"{""rows"": 24}",2026-09-29T17:33:06.212Z,http_post,https://api.divar.ir/v8/postlist/w/search,200,ok,46
2653,measure,succeeded,2026-09-29T17:33:06.285Z,2026-09-29T17:33:09.333Z,"{""rows"": 24}",2026-09-29T17:33:09.273Z,http_post,https://api.divar.ir/v8/postlist/w/search,200,ok,51
2654,measure,succeeded,2026-09-29T17:33:09.347Z,2026-09-29T17:33:12.393Z,"{""rows"": 24}",2026-09-29T17:33:12.339Z,http_post,https://api.divar.ir/v8/postlist/w/search,200,ok,44
2655,measure,succeeded,2026-09-29T17:33:12.412Z,2026-09-29T17:33:15.446Z,"{""rows"": 24}",2026-09-29T17:33:15.400Z,http_post,https://api.divar.ir/v8/postlist/w/search,200,ok,40
2656,measure,succeeded,2026-09-29T17:33:15.462Z,2026-09-29T17:33:18.511Z,"{""rows"": 24}",2026-09-29T17:33:18.454Z,http_post,https://api.divar.ir/v8/postlist/w/search,200,ok,45
2657,measure,succeeded,2026-09-29T17:34:17.548Z,2026-09-29T17:34:17.730Z,"{""rows"": 24}",2026-09-29T17:34:17.550Z,http_post,https://api.divar.ir/v8/postlist/w/search,200,ok,173
2658,measure,succeeded,2026-09-29T17:34:18.549Z,2026-09-29T17:34:20.782Z,"{""rows"": 24}",2026-09-29T17:34:20.732Z,http_post,https://api.divar.ir/v8/postlist/w/search,200,ok,44
2659,measure,succeeded,2026-09-29T17:34:20.790Z,2026-09-29T17:34:23.851Z,"{""rows"": 24}",2026-09-29T17:34:23.786Z,http_post,https://api.divar.ir/v8/postlist/w/search,200,ok,59
2660,measure,succeeded,2026-09-29T17:34:23.857Z,2026-09-29T17:34:26.915Z,"{""rows"": 24}",2026-09-29T17:34:26.854Z,http_post,https://api.divar.ir/v8/postlist/w/search,200,ok,52
2661,measure,succeeded,2026-09-29T17:34:26.928Z,2026-09-29T17:34:29.976Z,"{""rows"": 24}",2026-09-29T17:34:29.917Z,http_post,https://api.divar.ir/v8/postlist/w/search,200,ok,51
2662,measure,succeeded,2026-09-29T17:34:29.988Z,2026-09-29T17:34:33.059Z,"{""rows"": 24}",2026-09-29T17:34:32.980Z,http_post,https://api.divar.ir/v8/postlist/w/search,200,ok,71
2663,measure,succeeded,2026-09-29T17:34:33.071Z,2026-09-29T17:34:36.130Z,"{""rows"": 24}",2026-09-29T17:34:36.062Z,http_post,https://api.divar.ir/v8/postlist/w/search,200,ok,59
2664,measure,succeeded,2026-09-29T17:34:36.144Z,2026-09-29T17:34:39.226Z,"{""rows"": 24}",2026-09-29T17:34:39.135Z,http_post,https://api.divar.ir/v8/postlist/w/search,200,ok,79
2665,measure,succeeded,2026-09-29T17:34:39.252Z,2026-09-29T17:34:42.291Z,"{""rows"": 24}",2026-09-29T17:34:42.230Z,http_post,https://api.divar.ir/v8/postlist/w/search,200,ok,50
2666,measure,succeeded,2026-09-29T17:34:42.307Z,2026-09-29T17:34:45.355Z,"{""rows"": 24}",2026-09-29T17:34:45.297Z,http_post,https://api.divar.ir/v8/postlist/w/search,200,ok,49
2667,measure,succeeded,2026-09-29T17:34:45.369Z,2026-09-29T17:34:48.416Z,"{""rows"": 24}",2026-09-29T17:34:48.359Z,http_post,https://api.divar.ir/v8/postlist/w/search,200,ok,47
2668,measure,succeeded,2026-09-29T17:34:48.430Z,2026-09-29T17:34:51.471Z,"{""rows"": 24}",2026-09-29T17:34:51.422Z,http_post,https://api.divar.ir/v8/postlist/w/search,200,ok,40
2669,measure,succeeded,2026-09-29T17:34:51.483Z,2026-09-29T17:34:54.599Z,"{""rows"": 24}",2026-09-29T17:34:54.477Z,http_post,https://api.divar.ir/v8/postlist/w/search,200,ok,110
2670,measure,succeeded,2026-09-29T17:34:54.615Z,2026-09-29T17:34:57.662Z,"{""rows"": 8}",2026-09-29T17:34:57.600Z,http_post,https://api.divar.ir/v8/postlist/w/search,200,ok,54
2671,measure,succeeded,2026-09-29T17:34:57.674Z,2026-09-29T17:35:00.724Z,"{""rows"": 24}",2026-09-29T17:35:00.666Z,http_post,https://api.divar.ir/v8/postlist/w/search,200,ok,49
2672,measure,succeeded,2026-09-29T17:35:00.737Z,2026-09-29T17:35:03.823Z,"{""rows"": 24}",2026-09-29T17:35:03.730Z,http_post,https://api.divar.ir/v8/postlist/w/search,200,ok,83
2673,measure,succeeded,2026-09-29T17:35:03.836Z,2026-09-29T17:35:06.917Z,"{""rows"": 24}",2026-09-29T17:35:06.828Z,http_post,https://api.divar.ir/v8/postlist/w/search,200,ok,79
2674,measure,succeeded,2026-09-29T17:35:06.932Z,2026-09-29T17:35:09.996Z,"{""rows"": 24}",2026-09-29T17:35:09.920Z,http_post,https://api.divar.ir/v8/postlist/w/search,200,ok,66
2675,measure,succeeded,2026-09-29T17:35:10.013Z,2026-09-29T17:35:13.073Z,"{""rows"": 24}",2026-09-29T17:35:13.001Z,http_post,https://api.divar.ir/v8/postlist/w/search,200,ok,60
2676,measure,succeeded,2026-09-29T17:35:13.091Z,2026-09-29T17:35:16.166Z,"{""rows"": 24}",2026-09-29T17:35:16.078Z,http_post,https://api.divar.ir/v8/postlist/w/search,200,ok,81
2677,measure,succeeded,2026-09-29T17:35:16.179Z,2026-09-29T17:35:19.231Z,"{""rows"": 24}",2026-09-29T17:35:19.173Z,http_post,https://api.divar.ir/v8/postlist/w/search,200,ok,48
2678,measure,succeeded,2026-09-29T17:36:17.272Z,2026-09-29T17:36:17.483Z,"{""rows"": 24}",2026-09-29T17:36:17.280Z,http_post,https://api.divar.ir/v8/postlist/w/search,200,ok,193
2679,measure,succeeded,2026-09-29T17:36:18.276Z,2026-09-29T17:36:20.576Z,"{""rows"": 24}",2026-09-29T17:36:20.488Z,http_post,https://api.divar.ir/v8/postlist/w/search,200,ok,78
2680,measure,succeeded,2026-09-29T17:36:20.586Z,2026-09-29T17:36:23.649Z,"{""rows"": 24}",2026-09-29T17:36:23.581Z,http_post,https://api.divar.ir/v8/postlist/w/search,200,ok,52
2681,measure,succeeded,2026-09-29T17:36:23.665Z,2026-09-29T17:36:26.722Z,"{""rows"": 24}",2026-09-29T17:36:26.653Z,http_post,https://api.divar.ir/v8/postlist/w/search,200,ok,55
2682,measure,succeeded,2026-09-29T17:36:26.741Z,2026-09-29T17:36:29.776Z,"{""rows"": 24}",2026-09-29T17:36:29.724Z,http_post,https://api.divar.ir/v8/postlist/w/search,200,ok,45
2683,measure,succeeded,2026-09-29T17:36:29.789Z,2026-09-29T17:36:32.853Z,"{""rows"": 24}",2026-09-29T17:36:32.781Z,http_post,https://api.divar.ir/v8/postlist/w/search,200,ok,65
2684,measure,succeeded,2026-09-29T17:36:32.861Z,2026-09-29T17:36:35.921Z,"{""rows"": 24}",2026-09-29T17:36:35.857Z,http_post,https://api.divar.ir/v8/postlist/w/search,200,ok,55
2685,measure,succeeded,2026-09-29T17:36:35.932Z,2026-09-29T17:36:38.980Z,"{""rows"": 24}",2026-09-29T17:36:38.925Z,http_post,https://api.divar.ir/v8/postlist/w/search,200,ok,47
2686,measure,succeeded,2026-09-29T17:36:39.003Z,2026-09-29T17:36:42.042Z,"{""rows"": 24}",2026-09-29T17:36:41.985Z,http_post,https://api.divar.ir/v8/postlist/w/search,200,ok,46
2687,measure,succeeded,2026-09-29T17:36:42.060Z,2026-09-29T17:36:45.121Z,"{""rows"": 24}",2026-09-29T17:36:45.047Z,http_post,https://api.divar.ir/v8/postlist/w/search,200,ok,64
2688,measure,succeeded,2026-09-29T17:36:45.135Z,2026-09-29T17:36:48.183Z,"{""rows"": 24}",2026-09-29T17:36:48.124Z,http_post,https://api.divar.ir/v8/postlist/w/search,200,ok,53
2689,measure,succeeded,2026-09-29T17:36:48.192Z,2026-09-29T17:36:51.260Z,"{""rows"": 24}",2026-09-29T17:36:51.189Z,http_post,https://api.divar.ir/v8/postlist/w/search,200,ok,63
2690,measure,succeeded,2026-09-29T17:36:51.269Z,2026-09-29T17:36:54.323Z,"{""rows"": 24}",2026-09-29T17:36:54.264Z,http_post,https://api.divar.ir/v8/postlist/w/search,200,ok,50
2691,measure,succeeded,2026-09-29T17:36:54.340Z,2026-09-29T17:36:57.404Z,"{""rows"": 24}",2026-09-29T17:36:57.330Z,http_post,https://api.divar.ir/v8/postlist/w/search,200,ok,63
2692,measure,succeeded,2026-09-29T17:36:57.424Z,2026-09-29T17:37:00.481Z,"{""rows"": 24}",2026-09-29T17:37:00.408Z,http_post,https://api.divar.ir/v8/postlist/w/search,200,ok,64
2693,measure,succeeded,2026-09-29T17:37:00.492Z,2026-09-29T17:37:03.594Z,"{""rows"": 24}",2026-09-29T17:37:03.484Z,http_post,https://api.divar.ir/v8/postlist/w/search,200,ok,101
2694,measure,succeeded,2026-09-29T17:37:03.603Z,2026-09-29T17:37:06.647Z,"{""rows"": 24}",2026-09-29T17:37:06.597Z,http_post,https://api.divar.ir/v8/postlist/w/search,200,ok,43
2695,measure,succeeded,2026-09-29T17:37:06.658Z,2026-09-29T17:37:09.708Z,"{""rows"": 24}",2026-09-29T17:37:09.652Z,http_post,https://api.divar.ir/v8/postlist/w/search,200,ok,50
2696,measure,succeeded,2026-09-29T17:37:09.717Z,2026-09-29T17:37:12.827Z,"{""rows"": 24}",2026-09-29T17:37:12.713Z,http_post,https://api.divar.ir/v8/postlist/w/search,200,ok,101
2697,measure,succeeded,2026-09-29T17:37:12.838Z,2026-09-29T17:37:15.927Z,"{""rows"": 24}",2026-09-29T17:37:15.831Z,http_post,https://api.divar.ir/v8/postlist/w/search,200,ok,88
2698,measure,succeeded,2026-09-29T17:37:15.938Z,2026-09-29T17:37:18.981Z,"{""rows"": 24}",2026-09-29T17:37:18.931Z,http_post,https://api.divar.ir/v8/postlist/w/search,200,ok,43
2699,measure,succeeded,2026-09-29T17:38:17.043Z,2026-09-29T17:38:17.126Z,"{""rows"": 24}",2026-09-29T17:38:17.048Z,http_post,https://api.divar.ir/v8/postlist/w/search,200,ok,72
2700,measure,succeeded,2026-09-29T17:38:18.047Z,2026-09-29T17:38:20.190Z,"{""rows"": 24}",2026-09-29T17:38:20.133Z,http_post,https://api.divar.ir/v8/postlist/w/search,200,ok,48
2701,measure,succeeded,2026-09-29T17:38:20.204Z,2026-09-29T17:38:23.252Z,"{""rows"": 18}",2026-09-29T17:38:23.194Z,http_post,https://api.divar.ir/v8/postlist/w/search,200,ok,51
2702,measure,succeeded,2026-09-29T17:38:23.261Z,2026-09-29T17:38:26.322Z,"{""rows"": 24}",2026-09-29T17:38:26.257Z,http_post,https://api.divar.ir/v8/postlist/w/search,200,ok,54
2703,measure,succeeded,2026-09-29T17:38:26.339Z,2026-09-29T17:38:29.379Z,"{""rows"": 24}",2026-09-29T17:38:29.326Z,http_post,https://api.divar.ir/v8/postlist/w/search,200,ok,48
2704,measure,succeeded,2026-09-29T17:38:29.389Z,2026-09-29T17:38:32.463Z,"{""rows"": 21}",2026-09-29T17:38:32.386Z,http_post,https://api.divar.ir/v8/postlist/w/search,200,ok,58
2705,measure,succeeded,2026-09-29T17:38:32.482Z,2026-09-29T17:38:35.541Z,"{""rows"": 17}",2026-09-29T17:38:35.464Z,http_post,https://api.divar.ir/v8/postlist/w/search,200,ok,63
2706,measure,succeeded,2026-09-29T17:38:35.558Z,2026-09-29T17:38:38.599Z,"{""rows"": 24}",2026-09-29T17:38:38.542Z,http_post,https://api.divar.ir/v8/postlist/w/search,200,ok,46
2707,measure,succeeded,2026-09-29T17:38:38.613Z,2026-09-29T17:38:41.648Z,"{""rows"": 24}",2026-09-29T17:38:41.602Z,http_post,https://api.divar.ir/v8/postlist/w/search,200,ok,39
2708,measure,succeeded,2026-09-29T17:38:41.658Z,2026-09-29T17:38:44.714Z,"{""rows"": 24}",2026-09-29T17:38:44.653Z,http_post,https://api.divar.ir/v8/postlist/w/search,200,ok,47
2709,measure,succeeded,2026-09-29T17:38:44.735Z,2026-09-29T17:38:47.777Z,"{""rows"": 17}",2026-09-29T17:38:47.717Z,http_post,https://api.divar.ir/v8/postlist/w/search,200,ok,51
2710,measure,succeeded,2026-09-29T17:38:47.785Z,2026-09-29T17:38:50.843Z,"{""rows"": 24}",2026-09-29T17:38:50.781Z,http_post,https://api.divar.ir/v8/postlist/w/search,200,ok,55
2711,measure,succeeded,2026-09-29T17:38:50.854Z,2026-09-29T17:38:53.900Z,"{""rows"": 24}",2026-09-29T17:38:53.848Z,http_post,https://api.divar.ir/v8/postlist/w/search,200,ok,45
2712,measure,succeeded,2026-09-29T17:38:53.909Z,2026-09-29T17:38:56.963Z,"{""rows"": 24}",2026-09-29T17:38:56.906Z,http_post,https://api.divar.ir/v8/postlist/w/search,200,ok,50
2713,measure,succeeded,2026-09-29T17:38:56.971Z,2026-09-29T17:39:00.024Z,"{""rows"": 24}",2026-09-29T17:38:59.969Z,http_post,https://api.divar.ir/v8/postlist/w/search,200,ok,44
2714,measure,succeeded,2026-09-29T17:39:00.039Z,2026-09-29T17:39:03.092Z,"{""rows"": 24}",2026-09-29T17:39:03.028Z,http_post,https://api.divar.ir/v8/postlist/w/search,200,ok,55
2715,measure,succeeded,2026-09-29T17:39:03.106Z,2026-09-29T17:39:06.269Z,"{""rows"": 24}",2026-09-29T17:39:06.096Z,http_post,https://api.divar.ir/v8/postlist/w/search,200,ok,165
2716,measure,succeeded,2026-09-29T17:39:06.280Z,2026-09-29T17:39:09.323Z,"{""rows"": 24}",2026-09-29T17:39:09.273Z,http_post,https://api.divar.ir/v8/postlist/w/search,200,ok,42
2717,measure,succeeded,2026-09-29T17:39:09.338Z,2026-09-29T17:39:12.445Z,"{""rows"": 24}",2026-09-29T17:39:12.329Z,http_post,https://api.divar.ir/v8/postlist/w/search,200,ok,103
2718,measure,succeeded,2026-09-29T17:39:12.459Z,2026-09-29T17:39:15.505Z,"{""rows"": 24}",2026-09-29T17:39:15.447Z,http_post,https://api.divar.ir/v8/postlist/w/search,200,ok,45
2719,measure,succeeded,2026-09-29T17:39:15.525Z,2026-09-29T17:39:18.578Z,"{""rows"": 24}",2026-09-29T17:39:18.510Z,http_post,https://api.divar.ir/v8/postlist/w/search,200,ok,59
2720,measure,succeeded,2026-09-29T17:40:17.627Z,2026-09-29T17:40:17.832Z,"{""rows"": 24}",2026-09-29T17:40:17.632Z,http_post,https://api.divar.ir/v8/postlist/w/search,200,ok,188
2721,measure,succeeded,2026-09-29T17:40:18.629Z,2026-09-29T17:40:20.889Z,"{""rows"": 14}",2026-09-29T17:40:20.834Z,http_post,https://api.divar.ir/v8/postlist/w/search,200,ok,49
2722,measure,succeeded,2026-09-29T17:40:20.898Z,2026-09-29T17:40:23.943Z,"{""rows"": 24}",2026-09-29T17:40:23.894Z,http_post,https://api.divar.ir/v8/postlist/w/search,200,ok,42
2723,measure,succeeded,2026-09-29T17:40:23.951Z,2026-09-29T17:40:27.007Z,"{""rows"": 20}",2026-09-29T17:40:26.947Z,http_post,https://api.divar.ir/v8/postlist/w/search,200,ok,52
2724,measure,succeeded,2026-09-29T17:40:27.018Z,2026-09-29T17:40:30.073Z,"{""rows"": 24}",2026-09-29T17:40:30.013Z,http_post,https://api.divar.ir/v8/postlist/w/search,200,ok,52
2725,measure,succeeded,2026-09-29T17:40:30.085Z,2026-09-29T17:40:33.166Z,"{""rows"": 24}",2026-09-29T17:40:33.079Z,http_post,https://api.divar.ir/v8/postlist/w/search,200,ok,74
2726,measure,succeeded,2026-09-29T17:40:33.200Z,2026-09-29T17:40:36.227Z,"{""rows"": 24}",2026-09-29T17:40:36.173Z,http_post,https://api.divar.ir/v8/postlist/w/search,200,ok,43
2727,measure,succeeded,2026-09-29T17:40:36.249Z,2026-09-29T17:40:39.304Z,"{""rows"": 24}",2026-09-29T17:40:39.229Z,http_post,https://api.divar.ir/v8/postlist/w/search,200,ok,60
2728,measure,succeeded,2026-09-29T17:40:39.318Z,2026-09-29T17:40:42.385Z,"{""rows"": 24}",2026-09-29T17:40:42.308Z,http_post,https://api.divar.ir/v8/postlist/w/search,200,ok,42
2729,measure,succeeded,2026-09-29T17:40:42.407Z,2026-09-29T17:40:45.421Z,"{""rows"": 24}",2026-09-29T17:40:45.364Z,http_post,https://api.divar.ir/v8/postlist/w/search,200,ok,50
2730,measure,succeeded,2026-09-29T17:40:45.435Z,2026-09-29T17:40:48.505Z,"{""rows"": 24}",2026-09-29T17:40:48.429Z,http_post,https://api.divar.ir/v8/postlist/w/search,200,ok,56
2731,measure,succeeded,2026-09-29T17:40:48.561Z,2026-09-29T17:40:51.583Z,"{""rows"": 24}",2026-09-29T17:40:51.508Z,http_post,https://api.divar.ir/v8/postlist/w/search,200,ok,48
2732,measure,succeeded,2026-09-29T17:40:51.647Z,2026-09-29T17:40:54.666Z,"{""rows"": 24}",2026-09-29T17:40:54.577Z,http_post,https://api.divar.ir/v8/postlist/w/search,200,ok,61
2733,measure,succeeded,2026-09-29T17:40:54.693Z,2026-09-29T17:40:57.790Z,"{""rows"": 10}",2026-09-29T17:40:57.667Z,http_post,https://api.divar.ir/v8/postlist/w/search,200,ok,92
2734,measure,succeeded,2026-09-29T17:40:57.813Z,2026-09-29T17:41:00.859Z,"{""rows"": 24}",2026-09-29T17:41:00.787Z,http_post,https://api.divar.ir/v8/postlist/w/search,200,ok,54
2735,measure,succeeded,2026-09-29T17:41:00.885Z,2026-09-29T17:41:03.942Z,"{""rows"": 24}",2026-09-29T17:41:03.861Z,http_post,https://api.divar.ir/v8/postlist/w/search,200,ok,58
2736,measure,succeeded,2026-09-29T17:41:03.972Z,2026-09-29T17:41:07.079Z,"{""rows"": 24}",2026-09-29T17:41:06.944Z,http_post,https://api.divar.ir/v8/postlist/w/search,200,ok,117
2737,measure,succeeded,2026-09-29T17:41:07.108Z,2026-09-29T17:41:10.137Z,"{""rows"": 24}",2026-09-29T17:41:10.082Z,http_post,https://api.divar.ir/v8/postlist/w/search,200,ok,43
2738,measure,succeeded,2026-09-29T17:41:10.153Z,2026-09-29T17:41:13.231Z,"{""rows"": 24}",2026-09-29T17:41:13.142Z,http_post,https://api.divar.ir/v8/postlist/w/search,200,ok,74
2739,measure,succeeded,2026-09-29T17:41:13.255Z,2026-09-29T17:41:16.352Z,"{""rows"": 24}",2026-09-29T17:41:16.234Z,http_post,https://api.divar.ir/v8/postlist/w/search,200,ok,100
2740,measure,succeeded,2026-09-29T17:41:16.380Z,2026-09-29T17:41:19.440Z,"{""rows"": 24}",2026-09-29T17:41:19.350Z,http_post,https://api.divar.ir/v8/postlist/w/search,200,ok,72
2741,measure,succeeded,2026-09-29T17:42:17.541Z,2026-09-29T17:42:22.865Z,"{""rows"": 24}",2026-09-29T17:42:17.547Z,http_post,https://api.divar.ir/v8/postlist/w/search,200,ok,5307
2742,measure,succeeded,2026-09-29T17:42:22.891Z,2026-09-29T17:42:49.522Z,"{""rows"": 24}",2026-09-29T17:42:49.413Z,http_post,https://api.divar.ir/v8/postlist/w/search,200,ok,93
2743,measure,succeeded,2026-09-29T17:42:49.547Z,2026-09-29T17:42:52.624Z,"{""rows"": 24}",2026-09-29T17:42:52.520Z,http_post,https://api.divar.ir/v8/postlist/w/search,200,ok,91
2744,measure,succeeded,2026-09-29T17:42:52.649Z,2026-09-29T17:42:55.714Z,"{""rows"": 24}",2026-09-29T17:42:55.628Z,http_post,https://api.divar.ir/v8/postlist/w/search,200,ok,67
2745,measure,succeeded,2026-09-29T17:42:55.738Z,2026-09-29T17:42:58.811Z,"{""rows"": 24}",2026-09-29T17:42:58.717Z,http_post,https://api.divar.ir/v8/postlist/w/search,200,ok,67
2746,measure,succeeded,2026-09-29T17:42:58.859Z,2026-09-29T17:43:01.914Z,"{""rows"": 24}",2026-09-29T17:43:01.810Z,http_post,https://api.divar.ir/v8/postlist/w/search,200,ok,76
2747,measure,succeeded,2026-09-29T17:43:01.953Z,2026-09-29T17:43:04.983Z,"{""rows"": 24}",2026-09-29T17:43:04.909Z,http_post,https://api.divar.ir/v8/postlist/w/search,200,ok,60
2748,measure,succeeded,2026-09-29T17:43:05.007Z,2026-09-29T17:43:08.113Z,"{""rows"": 24}",2026-09-29T17:43:07.993Z,http_post,https://api.divar.ir/v8/postlist/w/search,200,ok,91
2749,measure,succeeded,2026-09-29T17:43:08.157Z,2026-09-29T17:43:11.202Z,"{""rows"": 24}",2026-09-29T17:43:11.107Z,http_post,https://api.divar.ir/v8/postlist/w/search,200,ok,80
2750,measure,succeeded,2026-09-29T17:43:11.225Z,2026-09-29T17:43:14.279Z,"{""rows"": 24}",2026-09-29T17:43:14.203Z,http_post,https://api.divar.ir/v8/postlist/w/search,200,ok,65
2751,measure,succeeded,2026-09-29T17:43:14.301Z,2026-09-29T17:43:17.357Z,"{""rows"": 24}",2026-09-29T17:43:17.287Z,http_post,https://api.divar.ir/v8/postlist/w/search,200,ok,56
2752,measure,succeeded,2026-09-29T17:44:17.404Z,2026-09-29T17:44:17.613Z,"{""rows"": 24}",2026-09-29T17:44:17.413Z,http_post,https://api.divar.ir/v8/postlist/w/search,200,ok,186
2753,measure,succeeded,2026-09-29T17:44:18.403Z,2026-09-29T17:44:20.677Z,"{""rows"": 24}",2026-09-29T17:44:20.612Z,http_post,https://api.divar.ir/v8/postlist/w/search,200,ok,46
2754,measure,succeeded,2026-09-29T17:44:20.697Z,2026-09-29T17:44:23.788Z,"{""rows"": 24}",2026-09-29T17:44:23.680Z,http_post,https://api.divar.ir/v8/postlist/w/search,200,ok,97
2755,measure,succeeded,2026-09-29T17:44:23.801Z,2026-09-29T17:44:26.852Z,"{""rows"": 24}",2026-09-29T17:44:26.790Z,http_post,https://api.divar.ir/v8/postlist/w/search,200,ok,56
2756,measure,succeeded,2026-09-29T17:44:26.863Z,2026-09-29T17:44:29.933Z,"{""rows"": 18}",2026-09-29T17:44:29.860Z,http_post,https://api.divar.ir/v8/postlist/w/search,200,ok,57
2757,measure,succeeded,2026-09-29T17:44:29.952Z,2026-09-29T17:44:33.054Z,"{""rows"": 24}",2026-09-29T17:44:32.935Z,http_post,https://api.divar.ir/v8/postlist/w/search,200,ok,107
2758,measure,succeeded,2026-09-29T17:44:33.071Z,2026-09-29T17:44:36.119Z,"{""rows"": 24}",2026-09-29T17:44:36.058Z,http_post,https://api.divar.ir/v8/postlist/w/search,200,ok,48
2759,measure,succeeded,2026-09-29T17:44:36.131Z,2026-09-29T17:44:39.189Z,"{""rows"": 24}",2026-09-29T17:44:39.122Z,http_post,https://api.divar.ir/v8/postlist/w/search,200,ok,60
2760,measure,succeeded,2026-09-29T17:44:39.200Z,2026-09-29T17:44:42.347Z,"{""rows"": 24}",2026-09-29T17:44:42.196Z,http_post,https://api.divar.ir/v8/postlist/w/search,200,ok,139
2761,measure,succeeded,2026-09-29T17:44:42.365Z,2026-09-29T17:44:45.422Z,"{""rows"": 16}",2026-09-29T17:44:45.349Z,http_post,https://api.divar.ir/v8/postlist/w/search,200,ok,56
2762,measure,succeeded,2026-09-29T17:44:45.440Z,2026-09-29T17:44:48.491Z,"{""rows"": 24}",2026-09-29T17:44:48.423Z,http_post,https://api.divar.ir/v8/postlist/w/search,200,ok,55
2763,measure,succeeded,2026-09-29T17:44:48.513Z,2026-09-29T17:44:51.567Z,"{""rows"": 24}",2026-09-29T17:44:51.496Z,http_post,https://api.divar.ir/v8/postlist/w/search,200,ok,55
2764,measure,succeeded,2026-09-29T17:44:51.587Z,2026-09-29T17:44:54.623Z,"{""rows"": 24}",2026-09-29T17:44:54.570Z,http_post,https://api.divar.ir/v8/postlist/w/search,200,ok,41
2765,measure,succeeded,2026-09-29T17:44:54.641Z,2026-09-29T17:44:57.705Z,"{""rows"": 24}",2026-09-29T17:44:57.628Z,http_post,https://api.divar.ir/v8/postlist/w/search,200,ok,61
2766,measure,succeeded,2026-09-29T17:44:57.726Z,2026-09-29T17:45:00.780Z,"{""rows"": 24}",2026-09-29T17:45:00.709Z,http_post,https://api.divar.ir/v8/postlist/w/search,200,ok,55
2767,measure,succeeded,2026-09-29T17:45:00.800Z,2026-09-29T17:45:03.825Z,"{""rows"": 3}",2026-09-29T17:45:03.782Z,http_post,https://api.divar.ir/v8/postlist/w/search,200,ok,35
2768,measure,succeeded,2026-09-29T17:45:03.838Z,2026-09-29T17:45:06.899Z,"{""rows"": 24}",2026-09-29T17:45:06.829Z,http_post,https://api.divar.ir/v8/postlist/w/search,200,ok,55
2769,measure,succeeded,2026-09-29T17:45:06.921Z,2026-09-29T17:45:09.959Z,"{""rows"": 24}",2026-09-29T17:45:09.903Z,http_post,https://api.divar.ir/v8/postlist/w/search,200,ok,47
2770,measure,succeeded,2026-09-29T17:45:09.970Z,2026-09-29T17:45:13.027Z,"{""rows"": 24}",2026-09-29T17:45:12.966Z,http_post,https://api.divar.ir/v8/postlist/w/search,200,ok,49
2771,measure,succeeded,2026-09-29T17:45:13.044Z,2026-09-29T17:45:16.086Z,"{""rows"": 24}",2026-09-29T17:45:16.028Z,http_post,https://api.divar.ir/v8/postlist/w/search,200,ok,50
2772,measure,succeeded,2026-09-29T17:45:16.098Z,2026-09-29T17:45:19.142Z,"{""rows"": 24}",2026-09-29T17:45:19.090Z,http_post,https://api.divar.ir/v8/postlist/w/search,200,ok,45
2773,measure,succeeded,2026-09-29T17:46:18.175Z,2026-09-29T17:46:18.280Z,"{""rows"": 24}",2026-09-29T17:46:18.179Z,http_post,https://api.divar.ir/v8/postlist/w/search,200,ok,95
2774,measure,succeeded,2026-09-29T17:46:19.175Z,2026-09-29T17:46:21.346Z,"{""rows"": 24}",2026-09-29T17:46:21.285Z,http_post,https://api.divar.ir/v8/postlist/w/search,200,ok,47
2775,measure,succeeded,2026-09-29T17:46:21.369Z,2026-09-29T17:46:24.417Z,"{""rows"": 24}",2026-09-29T17:46:24.353Z,http_post,https://api.divar.ir/v8/postlist/w/search,200,ok,47
2776,measure,succeeded,2026-09-29T17:46:24.438Z,2026-09-29T17:46:27.480Z,"{""rows"": 24}",2026-09-29T17:46:27.418Z,http_post,https://api.divar.ir/v8/postlist/w/search,200,ok,52
2777,measure,succeeded,2026-09-29T17:46:27.492Z,2026-09-29T17:46:30.548Z,"{""rows"": 24}",2026-09-29T17:46:30.484Z,http_post,https://api.divar.ir/v8/postlist/w/search,200,ok,52
2778,measure,succeeded,2026-09-29T17:46:30.565Z,2026-09-29T17:46:33.644Z,"{""rows"": 24}",2026-09-29T17:46:33.552Z,http_post,https://api.divar.ir/v8/postlist/w/search,200,ok,64
2779,measure,succeeded,2026-09-29T17:46:33.675Z,2026-09-29T17:46:36.712Z,"{""rows"": 24}",2026-09-29T17:46:36.646Z,http_post,https://api.divar.ir/v8/postlist/w/search,200,ok,56
2780,measure,succeeded,2026-09-29T17:46:36.734Z,2026-09-29T17:46:39.813Z,"{""rows"": 24}",2026-09-29T17:46:39.718Z,http_post,https://api.divar.ir/v8/postlist/w/search,200,ok,81
2781,measure,succeeded,2026-09-29T17:46:39.841Z,2026-09-29T17:46:42.869Z,"{""rows"": 24}",2026-09-29T17:46:42.814Z,http_post,https://api.divar.ir/v8/postlist/w/search,200,ok,45
2782,measure,succeeded,2026-09-29T17:46:42.886Z,2026-09-29T17:46:45.958Z,"{""rows"": 24}",2026-09-29T17:46:45.876Z,http_post,https://api.divar.ir/v8/postlist/w/search,200,ok,69
2783,measure,succeeded,2026-09-29T17:46:45.979Z,2026-09-29T17:46:49.055Z,"{""rows"": 24}",2026-09-29T17:46:48.969Z,http_post,https://api.divar.ir/v8/postlist/w/search,200,ok,67
2784,measure,succeeded,2026-09-29T17:46:49.095Z,2026-09-29T17:46:52.112Z,"{""rows"": 24}",2026-09-29T17:46:52.059Z,http_post,https://api.divar.ir/v8/postlist/w/search,200,ok,43
2785,measure,succeeded,2026-09-29T17:46:52.130Z,2026-09-29T17:46:55.237Z,"{""rows"": 24}",2026-09-29T17:46:55.117Z,http_post,https://api.divar.ir/v8/postlist/w/search,200,ok,108
2786,measure,succeeded,2026-09-29T17:46:55.271Z,2026-09-29T17:46:58.312Z,"{""rows"": 24}",2026-09-29T17:46:58.248Z,http_post,https://api.divar.ir/v8/postlist/w/search,200,ok,49
2787,measure,succeeded,2026-09-29T17:46:58.339Z,2026-09-29T17:47:01.425Z,"{""rows"": 15}",2026-09-29T17:47:01.323Z,http_post,https://api.divar.ir/v8/postlist/w/search,200,ok,74
2788,measure,succeeded,2026-09-29T17:47:01.445Z,2026-09-29T17:47:04.495Z,"{""rows"": 24}",2026-09-29T17:47:04.425Z,http_post,https://api.divar.ir/v8/postlist/w/search,200,ok,57
2789,measure,succeeded,2026-09-29T17:47:04.517Z,2026-09-29T17:47:07.574Z,"{""rows"": 17}",2026-09-29T17:47:07.496Z,http_post,https://api.divar.ir/v8/postlist/w/search,200,ok,53
2790,measure,succeeded,2026-09-29T17:47:07.608Z,2026-09-29T17:47:10.663Z,"{""rows"": 24}",2026-09-29T17:47:10.568Z,http_post,https://api.divar.ir/v8/postlist/w/search,200,ok,84
2791,measure,succeeded,2026-09-29T17:47:10.684Z,2026-09-29T17:47:13.889Z,"{""rows"": 24}",2026-09-29T17:47:13.672Z,http_post,https://api.divar.ir/v8/postlist/w/search,200,ok,111
2792,measure,succeeded,2026-09-29T17:47:13.990Z,2026-09-29T17:47:16.962Z,"{""rows"": 2}",2026-09-29T17:47:16.897Z,http_post,https://api.divar.ir/v8/postlist/w/search,200,ok,51
2793,measure,succeeded,2026-09-29T17:48:17.038Z,2026-09-29T17:48:17.240Z,"{""rows"": 24}",2026-09-29T17:48:17.041Z,http_post,https://api.divar.ir/v8/postlist/w/search,200,ok,192
2794,measure,succeeded,2026-09-29T17:48:18.041Z,2026-09-29T17:48:20.304Z,"{""rows"": 24}",2026-09-29T17:48:20.246Z,http_post,https://api.divar.ir/v8/postlist/w/search,200,ok,48
2795,measure,succeeded,2026-09-29T17:48:20.320Z,2026-09-29T17:48:23.351Z,"{""rows"": 2}",2026-09-29T17:48:23.305Z,http_post,https://api.divar.ir/v8/postlist/w/search,200,ok,39
2796,measure,succeeded,2026-09-29T17:48:23.358Z,2026-09-29T17:48:26.427Z,"{""rows"": 24}",2026-09-29T17:48:26.356Z,http_post,https://api.divar.ir/v8/postlist/w/search,200,ok,65
2797,measure,succeeded,2026-09-29T17:48:26.442Z,2026-09-29T17:48:29.492Z,"{""rows"": 24}",2026-09-29T17:48:29.431Z,http_post,https://api.divar.ir/v8/postlist/w/search,200,ok,53
2798,measure,succeeded,2026-09-29T17:48:29.503Z,2026-09-29T17:48:32.554Z,"{""rows"": 24}",2026-09-29T17:48:32.497Z,http_post,https://api.divar.ir/v8/postlist/w/search,200,ok,45
2799,measure,succeeded,2026-09-29T17:48:32.572Z,2026-09-29T17:48:35.607Z,"{""rows"": 15}",2026-09-29T17:48:35.558Z,http_post,https://api.divar.ir/v8/postlist/w/search,200,ok,42
2800,measure,succeeded,2026-09-29T17:48:35.616Z,2026-09-29T17:48:38.677Z,"{""rows"": 24}",2026-09-29T17:48:38.612Z,http_post,https://api.divar.ir/v8/postlist/w/search,200,ok,56
2801,measure,succeeded,2026-09-29T17:48:38.688Z,2026-09-29T17:48:41.755Z,"{""rows"": 24}",2026-09-29T17:48:41.683Z,http_post,https://api.divar.ir/v8/postlist/w/search,200,ok,59
2802,measure,succeeded,2026-09-29T17:48:41.773Z,2026-09-29T17:48:44.848Z,"{""rows"": 24}",2026-09-29T17:48:44.758Z,http_post,https://api.divar.ir/v8/postlist/w/search,200,ok,79
2803,measure,succeeded,2026-09-29T17:48:44.864Z,2026-09-29T17:48:47.930Z,"{""rows"": 24}",2026-09-29T17:48:47.852Z,http_post,https://api.divar.ir/v8/postlist/w/search,200,ok,65
2804,measure,succeeded,2026-09-29T17:48:47.949Z,2026-09-29T17:48:50.997Z,"{""rows"": 4}",2026-09-29T17:48:50.933Z,http_post,https://api.divar.ir/v8/postlist/w/search,200,ok,56
2805,measure,succeeded,2026-09-29T17:48:51.010Z,2026-09-29T17:48:54.058Z,"{""rows"": 24}",2026-09-29T17:48:54.003Z,http_post,https://api.divar.ir/v8/postlist/w/search,200,ok,43
2806,measure,succeeded,2026-09-29T17:48:54.075Z,2026-09-29T17:48:57.145Z,"{""rows"": 24}",2026-09-29T17:48:57.063Z,http_post,https://api.divar.ir/v8/postlist/w/search,200,ok,72
2807,measure,succeeded,2026-09-29T17:48:57.157Z,2026-09-29T17:49:00.205Z,"{""rows"": 24}",2026-09-29T17:49:00.147Z,http_post,https://api.divar.ir/v8/postlist/w/search,200,ok,44
2808,measure,succeeded,2026-09-29T17:49:00.226Z,2026-09-29T17:49:03.264Z,"{""rows"": 24}",2026-09-29T17:49:03.208Z,http_post,https://api.divar.ir/v8/postlist/w/search,200,ok,45
2809,measure,succeeded,2026-09-29T17:49:03.277Z,2026-09-29T17:49:06.348Z,"{""rows"": 16}",2026-09-29T17:49:06.267Z,http_post,https://api.divar.ir/v8/postlist/w/search,200,ok,54
2810,measure,succeeded,2026-09-29T17:49:06.361Z,2026-09-29T17:49:09.542Z,"{""rows"": 24}",2026-09-29T17:49:09.345Z,http_post,https://api.divar.ir/v8/postlist/w/search,200,ok,64
2811,measure,succeeded,2026-09-29T17:49:09.550Z,2026-09-29T17:49:12.481Z,"{""rows"": 24}",2026-09-29T17:49:12.431Z,http_post,https://api.divar.ir/v8/postlist/w/search,200,ok,44
2812,measure,succeeded,2026-09-29T17:49:12.528Z,2026-09-29T17:49:15.554Z,"{""rows"": 24}",2026-09-29T17:49:15.501Z,http_post,https://api.divar.ir/v8/postlist/w/search,200,ok,37
2813,measure,succeeded,2026-09-29T17:49:15.573Z,2026-09-29T17:49:18.628Z,"{""rows"": 24}",2026-09-29T17:49:18.557Z,http_post,https://api.divar.ir/v8/postlist/w/search,200,ok,51
2814,measure,succeeded,2026-09-29T17:50:17.671Z,2026-09-29T17:50:17.814Z,"{""rows"": 24}",2026-09-29T17:50:17.678Z,http_post,https://api.divar.ir/v8/postlist/w/search,200,ok,123
2815,measure,succeeded,2026-09-29T17:50:18.667Z,2026-09-29T17:50:20.888Z,"{""rows"": 24}",2026-09-29T17:50:20.816Z,http_post,https://api.divar.ir/v8/postlist/w/search,200,ok,60
2816,measure,succeeded,2026-09-29T17:50:20.904Z,2026-09-29T17:50:23.946Z,"{""rows"": 24}",2026-09-29T17:50:23.892Z,http_post,https://api.divar.ir/v8/postlist/w/search,200,ok,44
2817,measure,succeeded,2026-09-29T17:50:23.959Z,2026-09-29T17:50:27.017Z,"{""rows"": 24}",2026-09-29T17:50:26.950Z,http_post,https://api.divar.ir/v8/postlist/w/search,200,ok,56
2818,measure,succeeded,2026-09-29T17:50:27.033Z,2026-09-29T17:50:30.101Z,"{""rows"": 13}",2026-09-29T17:50:30.023Z,http_post,https://api.divar.ir/v8/postlist/w/search,200,ok,68
2819,measure,succeeded,2026-09-29T17:50:30.109Z,2026-09-29T17:50:33.193Z,"{""rows"": 24}",2026-09-29T17:50:33.105Z,http_post,https://api.divar.ir/v8/postlist/w/search,200,ok,73
2820,measure,succeeded,2026-09-29T17:50:33.209Z,2026-09-29T17:50:36.259Z,"{""rows"": 24}",2026-09-29T17:50:36.196Z,http_post,https://api.divar.ir/v8/postlist/w/search,200,ok,47
2821,measure,succeeded,2026-09-29T17:50:36.283Z,2026-09-29T17:50:39.313Z,"{""rows"": 24}",2026-09-29T17:50:39.262Z,http_post,https://api.divar.ir/v8/postlist/w/search,200,ok,44
2822,measure,succeeded,2026-09-29T17:50:39.323Z,2026-09-29T17:50:42.370Z,"{""rows"": 24}",2026-09-29T17:50:42.318Z,http_post,https://api.divar.ir/v8/postlist/w/search,200,ok,45
2823,measure,succeeded,2026-09-29T17:50:42.381Z,2026-09-29T17:50:45.442Z,"{""rows"": 24}",2026-09-29T17:50:45.377Z,http_post,https://api.divar.ir/v8/postlist/w/search,200,ok,52
2824,measure,succeeded,2026-09-29T17:50:45.466Z,2026-09-29T17:50:48.528Z,"{""rows"": 24}",2026-09-29T17:50:48.444Z,http_post,https://api.divar.ir/v8/postlist/w/search,200,ok,73
2825,measure,succeeded,2026-09-29T17:50:48.540Z,2026-09-29T17:50:51.596Z,"{""rows"": 24}",2026-09-29T17:50:51.538Z,http_post,https://api.divar.ir/v8/postlist/w/search,200,ok,47
2826,measure,succeeded,2026-09-29T17:50:51.614Z,2026-09-29T17:50:54.660Z,"{""rows"": 24}",2026-09-29T17:50:54.600Z,http_post,https://api.divar.ir/v8/postlist/w/search,200,ok,46
2827,measure,succeeded,2026-09-29T17:50:54.684Z,2026-09-29T17:50:57.776Z,"{""rows"": 24}",2026-09-29T17:50:57.664Z,http_post,https://api.divar.ir/v8/postlist/w/search,200,ok,102
2828,measure,succeeded,2026-09-29T17:50:57.787Z,2026-09-29T17:51:00.836Z,"{""rows"": 24}",2026-09-29T17:51:00.780Z,http_post,https://api.divar.ir/v8/postlist/w/search,200,ok,49
2829,measure,succeeded,2026-09-29T17:51:00.846Z,2026-09-29T17:51:03.903Z,"{""rows"": 24}",2026-09-29T17:51:03.841Z,http_post,https://api.divar.ir/v8/postlist/w/search,200,ok,53
2830,measure,succeeded,2026-09-29T17:51:03.911Z,2026-09-29T17:51:06.968Z,"{""rows"": 24}",2026-09-29T17:51:06.907Z,http_post,https://api.divar.ir/v8/postlist/w/search,200,ok,51
2831,measure,succeeded,2026-09-29T17:51:06.984Z,2026-09-29T17:51:10.053Z,"{""rows"": 24}",2026-09-29T17:51:09.974Z,http_post,https://api.divar.ir/v8/postlist/w/search,200,ok,59
2832,measure,succeeded,2026-09-29T17:51:10.070Z,2026-09-29T17:51:13.105Z,"{""rows"": 24}",2026-09-29T17:51:13.050Z,http_post,https://api.divar.ir/v8/postlist/w/search,200,ok,44
2833,measure,succeeded,2026-09-29T17:51:13.125Z,2026-09-29T17:51:16.161Z,"{""rows"": 24}",2026-09-29T17:51:16.109Z,http_post,https://api.divar.ir/v8/postlist/w/search,200,ok,43
2834,measure,succeeded,2026-09-29T17:51:16.177Z,2026-09-29T17:51:19.245Z,"{""rows"": 24}",2026-09-29T17:51:19.165Z,http_post,https://api.divar.ir/v8/postlist/w/search,200,ok,68
2835,measure,succeeded,2026-09-29T17:52:17.280Z,2026-09-29T17:52:17.517Z,"{""rows"": 24}",2026-09-29T17:52:17.291Z,http_post,https://api.divar.ir/v8/postlist/w/search,200,ok,211
2836,measure,succeeded,2026-09-29T17:52:18.285Z,2026-09-29T17:52:20.590Z,"{""rows"": 24}",2026-09-29T17:52:20.518Z,http_post,https://api.divar.ir/v8/postlist/w/search,200,ok,47
2837,measure,succeeded,2026-09-29T17:52:20.620Z,2026-09-29T17:52:23.655Z,"{""rows"": 24}",2026-09-29T17:52:23.583Z,http_post,https://api.divar.ir/v8/postlist/w/search,200,ok,60
2838,measure,succeeded,2026-09-29T17:52:23.670Z,2026-09-29T17:52:26.775Z,"{""rows"": 24}",2026-09-29T17:52:26.657Z,http_post,https://api.divar.ir/v8/postlist/w/search,200,ok,95
2839,measure,succeeded,2026-09-29T17:52:26.810Z,2026-09-29T17:52:29.858Z,"{""rows"": 24}",2026-09-29T17:52:29.790Z,http_post,https://api.divar.ir/v8/postlist/w/search,200,ok,61
2840,measure,succeeded,2026-09-29T17:52:29.867Z,2026-09-29T17:52:32.909Z,"{""rows"": 24}",2026-09-29T17:52:32.863Z,http_post,https://api.divar.ir/v8/postlist/w/search,200,ok,38
2841,measure,succeeded,2026-09-29T17:52:32.919Z,2026-09-29T17:52:35.992Z,"{""rows"": 24}",2026-09-29T17:52:35.913Z,http_post,https://api.divar.ir/v8/postlist/w/search,200,ok,72
2842,measure,succeeded,2026-09-29T17:52:36.003Z,2026-09-29T17:52:39.058Z,"{""rows"": 24}",2026-09-29T17:52:38.999Z,http_post,https://api.divar.ir/v8/postlist/w/search,200,ok,45
2843,measure,succeeded,2026-09-29T17:52:39.083Z,2026-09-29T17:52:42.153Z,"{""rows"": 24}",2026-09-29T17:52:42.062Z,http_post,https://api.divar.ir/v8/postlist/w/search,200,ok,83
2844,measure,succeeded,2026-09-29T17:52:42.164Z,2026-09-29T17:52:45.209Z,"{""rows"": 24}",2026-09-29T17:52:45.158Z,http_post,https://api.divar.ir/v8/postlist/w/search,200,ok,42
2845,measure,succeeded,2026-09-29T17:52:45.229Z,2026-09-29T17:52:48.268Z,"{""rows"": 24}",2026-09-29T17:52:48.213Z,http_post,https://api.divar.ir/v8/postlist/w/search,200,ok,49
2846,measure,succeeded,2026-09-29T17:52:48.276Z,2026-09-29T17:52:51.337Z,"{""rows"": 24}",2026-09-29T17:52:51.274Z,http_post,https://api.divar.ir/v8/postlist/w/search,200,ok,49
2847,measure,succeeded,2026-09-29T17:52:51.363Z,2026-09-29T17:52:54.411Z,"{""rows"": 24}",2026-09-29T17:52:54.341Z,http_post,https://api.divar.ir/v8/postlist/w/search,200,ok,51
2848,measure,succeeded,2026-09-29T17:52:54.440Z,2026-09-29T17:52:57.463Z,"{""rows"": 24}",2026-09-29T17:52:57.414Z,http_post,https://api.divar.ir/v8/postlist/w/search,200,ok,41
2849,measure,succeeded,2026-09-29T17:52:57.472Z,2026-09-29T17:53:00.535Z,"{""rows"": 24}",2026-09-29T17:53:00.469Z,http_post,https://api.divar.ir/v8/postlist/w/search,200,ok,53
2850,measure,succeeded,2026-09-29T17:53:00.555Z,2026-09-29T17:53:03.587Z,"{""rows"": 24}",2026-09-29T17:53:03.537Z,http_post,https://api.divar.ir/v8/postlist/w/search,200,ok,44
2851,measure,succeeded,2026-09-29T17:53:03.600Z,2026-09-29T17:53:06.642Z,"{""rows"": 24}",2026-09-29T17:53:06.592Z,http_post,https://api.divar.ir/v8/postlist/w/search,200,ok,43
2852,measure,succeeded,2026-09-29T17:53:06.656Z,2026-09-29T17:53:09.759Z,"{""rows"": 24}",2026-09-29T17:53:09.646Z,http_post,https://api.divar.ir/v8/postlist/w/search,200,ok,100
2853,measure,succeeded,2026-09-29T17:53:09.779Z,2026-09-29T17:53:12.822Z,"{""rows"": 24}",2026-09-29T17:53:12.762Z,http_post,https://api.divar.ir/v8/postlist/w/search,200,ok,52
2854,measure,succeeded,2026-09-29T17:53:12.839Z,2026-09-29T17:53:15.881Z,"{""rows"": 24}",2026-09-29T17:53:15.829Z,http_post,https://api.divar.ir/v8/postlist/w/search,200,ok,40
2855,measure,succeeded,2026-09-29T17:53:15.895Z,2026-09-29T17:53:18.950Z,"{""rows"": 24}",2026-09-29T17:53:18.885Z,http_post,https://api.divar.ir/v8/postlist/w/search,200,ok,55
2856,measure,succeeded,2026-09-29T17:54:16.993Z,2026-09-29T17:54:17.196Z,"{""rows"": 24}",2026-09-29T17:54:16.997Z,http_post,https://api.divar.ir/v8/postlist/w/search,200,ok,190
2857,measure,succeeded,2026-09-29T17:54:17.995Z,2026-09-29T17:54:20.269Z,"{""rows"": 24}",2026-09-29T17:54:20.201Z,http_post,https://api.divar.ir/v8/postlist/w/search,200,ok,58
2858,measure,succeeded,2026-09-29T17:54:20.289Z,2026-09-29T17:54:23.330Z,"{""rows"": 24}",2026-09-29T17:54:23.273Z,http_post,https://api.divar.ir/v8/postlist/w/search,200,ok,44
2859,measure,succeeded,2026-09-29T17:54:23.347Z,2026-09-29T17:54:26.413Z,"{""rows"": 24}",2026-09-29T17:54:26.335Z,http_post,https://api.divar.ir/v8/postlist/w/search,200,ok,61
2860,measure,succeeded,2026-09-29T17:54:26.431Z,2026-09-29T17:54:29.467Z,"{""rows"": 24}",2026-09-29T17:54:29.414Z,http_post,https://api.divar.ir/v8/postlist/w/search,200,ok,45
2861,measure,succeeded,2026-09-29T17:54:29.479Z,2026-09-29T17:54:32.536Z,"{""rows"": 24}",2026-09-29T17:54:32.473Z,http_post,https://api.divar.ir/v8/postlist/w/search,200,ok,53
2862,measure,succeeded,2026-09-29T17:54:32.554Z,2026-09-29T17:54:35.608Z,"{""rows"": 24}",2026-09-29T17:54:35.541Z,http_post,https://api.divar.ir/v8/postlist/w/search,200,ok,54
2863,measure,succeeded,2026-09-29T17:54:35.631Z,2026-09-29T17:54:38.715Z,"{""rows"": 24}",2026-09-29T17:54:38.612Z,http_post,https://api.divar.ir/v8/postlist/w/search,200,ok,91
2864,measure,succeeded,2026-09-29T17:54:38.738Z,2026-09-29T17:54:41.795Z,"{""rows"": 24}",2026-09-29T17:54:41.719Z,http_post,https://api.divar.ir/v8/postlist/w/search,200,ok,66
2865,measure,succeeded,2026-09-29T17:54:41.807Z,2026-09-29T17:54:44.877Z,"{""rows"": 24}",2026-09-29T17:54:44.800Z,http_post,https://api.divar.ir/v8/postlist/w/search,200,ok,69
2866,measure,succeeded,2026-09-29T17:54:44.885Z,2026-09-29T17:54:47.936Z,"{""rows"": 24}",2026-09-29T17:54:47.882Z,http_post,https://api.divar.ir/v8/postlist/w/search,200,ok,47
2867,measure,succeeded,2026-09-29T17:54:47.945Z,2026-09-29T17:54:51.022Z,"{""rows"": 24}",2026-09-29T17:54:50.943Z,http_post,https://api.divar.ir/v8/postlist/w/search,200,ok,64
2868,measure,succeeded,2026-09-29T17:54:51.038Z,2026-09-29T17:54:54.077Z,"{""rows"": 24}",2026-09-29T17:54:54.023Z,http_post,https://api.divar.ir/v8/postlist/w/search,200,ok,47
2869,measure,succeeded,2026-09-29T17:54:54.089Z,2026-09-29T17:54:57.151Z,"{""rows"": 24}",2026-09-29T17:54:57.085Z,http_post,https://api.divar.ir/v8/postlist/w/search,200,ok,58
2870,measure,succeeded,2026-09-29T17:54:57.160Z,2026-09-29T17:55:00.232Z,"{""rows"": 24}",2026-09-29T17:55:00.158Z,http_post,https://api.divar.ir/v8/postlist/w/search,200,ok,64
2871,measure,succeeded,2026-09-29T17:55:00.242Z,2026-09-29T17:55:03.311Z,"{""rows"": 24}",2026-09-29T17:55:03.236Z,http_post,https://api.divar.ir/v8/postlist/w/search,200,ok,69
2872,measure,succeeded,2026-09-29T17:55:03.320Z,2026-09-29T17:55:06.370Z,"{""rows"": 24}",2026-09-29T17:55:06.316Z,http_post,https://api.divar.ir/v8/postlist/w/search,200,ok,46
2873,measure,succeeded,2026-09-29T17:55:06.380Z,2026-09-29T17:55:09.445Z,"{""rows"": 24}",2026-09-29T17:55:09.376Z,http_post,https://api.divar.ir/v8/postlist/w/search,200,ok,53
2874,measure,succeeded,2026-09-29T17:55:09.462Z,2026-09-29T17:55:12.516Z,"{""rows"": 24}",2026-09-29T17:55:12.449Z,http_post,https://api.divar.ir/v8/postlist/w/search,200,ok,52
2875,measure,succeeded,2026-09-29T17:55:12.541Z,2026-09-29T17:55:15.583Z,"{""rows"": 24}",2026-09-29T17:55:15.521Z,http_post,https://api.divar.ir/v8/postlist/w/search,200,ok,48
2876,measure,succeeded,2026-09-29T17:55:15.603Z,2026-09-29T17:55:18.652Z,"{""rows"": 24}",2026-09-29T17:55:18.585Z,http_post,https://api.divar.ir/v8/postlist/w/search,200,ok,51
2877,measure,succeeded,2026-09-29T17:56:17.700Z,2026-09-29T17:56:17.818Z,"{""rows"": 24}",2026-09-29T17:56:17.706Z,http_post,https://api.divar.ir/v8/postlist/w/search,200,ok,101
2878,measure,succeeded,2026-09-29T17:56:18.698Z,2026-09-29T17:56:20.878Z,"{""rows"": 24}",2026-09-29T17:56:20.820Z,http_post,https://api.divar.ir/v8/postlist/w/search,200,ok,53
2879,measure,succeeded,2026-09-29T17:56:20.885Z,2026-09-29T17:56:23.948Z,"{""rows"": 24}",2026-09-29T17:56:23.886Z,http_post,https://api.divar.ir/v8/postlist/w/search,200,ok,47
2880,measure,succeeded,2026-09-29T17:56:23.966Z,2026-09-29T17:56:27.014Z,"{""rows"": 24}",2026-09-29T17:56:26.952Z,http_post,https://api.divar.ir/v8/postlist/w/search,200,ok,49
2881,measure,succeeded,2026-09-29T17:56:27.036Z,2026-09-29T17:56:30.074Z,"{""rows"": 24}",2026-09-29T17:56:30.020Z,http_post,https://api.divar.ir/v8/postlist/w/search,200,ok,44
2882,measure,succeeded,2026-09-29T17:56:30.085Z,2026-09-29T17:56:33.143Z,"{""rows"": 12}",2026-09-29T17:56:33.079Z,http_post,https://api.divar.ir/v8/postlist/w/search,200,ok,51
2883,measure,succeeded,2026-09-29T17:56:33.159Z,2026-09-29T17:56:36.192Z,"{""rows"": 24}",2026-09-29T17:56:36.143Z,http_post,https://api.divar.ir/v8/postlist/w/search,200,ok,39
2884,measure,succeeded,2026-09-29T17:56:36.211Z,2026-09-29T17:56:39.259Z,"{""rows"": 24}",2026-09-29T17:56:39.196Z,http_post,https://api.divar.ir/v8/postlist/w/search,200,ok,56
2885,measure,succeeded,2026-09-29T17:56:39.270Z,2026-09-29T17:56:42.343Z,"{""rows"": 24}",2026-09-29T17:56:42.266Z,http_post,https://api.divar.ir/v8/postlist/w/search,200,ok,63
2886,measure,succeeded,2026-09-29T17:56:42.368Z,2026-09-29T17:56:45.407Z,"{""rows"": 24}",2026-09-29T17:56:45.346Z,http_post,https://api.divar.ir/v8/postlist/w/search,200,ok,52
2887,measure,succeeded,2026-09-29T17:56:45.422Z,2026-09-29T17:56:48.473Z,"{""rows"": 24}",2026-09-29T17:56:48.413Z,http_post,https://api.divar.ir/v8/postlist/w/search,200,ok,51
2888,measure,succeeded,2026-09-29T17:56:48.485Z,2026-09-29T17:56:51.526Z,"{""rows"": 24}",2026-09-29T17:56:51.478Z,http_post,https://api.divar.ir/v8/postlist/w/search,200,ok,40
2889,measure,succeeded,2026-09-29T17:56:51.545Z,2026-09-29T17:56:54.587Z,"{""rows"": 24}",2026-09-29T17:56:54.529Z,http_post,https://api.divar.ir/v8/postlist/w/search,200,ok,51
2890,measure,succeeded,2026-09-29T17:56:54.594Z,2026-09-29T17:56:57.690Z,"{""rows"": 24}",2026-09-29T17:56:57.593Z,http_post,https://api.divar.ir/v8/postlist/w/search,200,ok,85
2891,measure,succeeded,2026-09-29T17:56:57.709Z,2026-09-29T17:57:00.769Z,"{""rows"": 24}",2026-09-29T17:57:00.695Z,http_post,https://api.divar.ir/v8/postlist/w/search,200,ok,59
2892,measure,succeeded,2026-09-29T17:57:00.790Z,2026-09-29T17:57:03.852Z,"{""rows"": 24}",2026-09-29T17:57:03.769Z,http_post,https://api.divar.ir/v8/postlist/w/search,200,ok,69
2893,measure,succeeded,2026-09-29T17:57:03.873Z,2026-09-29T17:57:06.946Z,"{""rows"": 20}",2026-09-29T17:57:06.856Z,http_post,https://api.divar.ir/v8/postlist/w/search,200,ok,78
2894,measure,succeeded,2026-09-29T17:57:06.957Z,2026-09-29T17:57:10.024Z,"{""rows"": 24}",2026-09-29T17:57:09.951Z,http_post,https://api.divar.ir/v8/postlist/w/search,200,ok,58
2895,measure,succeeded,2026-09-29T17:57:10.050Z,2026-09-29T17:57:13.124Z,"{""rows"": 24}",2026-09-29T17:57:13.028Z,http_post,https://api.divar.ir/v8/postlist/w/search,200,ok,88
2896,measure,succeeded,2026-09-29T17:57:13.137Z,2026-09-29T17:57:16.181Z,"{""rows"": 24}",2026-09-29T17:57:16.129Z,http_post,https://api.divar.ir/v8/postlist/w/search,200,ok,44
2897,measure,succeeded,2026-09-29T17:57:16.190Z,2026-09-29T17:57:19.247Z,"{""rows"": 24}",2026-09-29T17:57:19.185Z,http_post,https://api.divar.ir/v8/postlist/w/search,200,ok,52
2898,measure,succeeded,2026-09-29T17:58:17.288Z,2026-09-29T17:58:17.495Z,"{""rows"": 24}",2026-09-29T17:58:17.297Z,http_post,https://api.divar.ir/v8/postlist/w/search,200,ok,179
2899,measure,succeeded,2026-09-29T17:58:18.287Z,2026-09-29T17:58:20.545Z,"{""rows"": 24}",2026-09-29T17:58:20.498Z,http_post,https://api.divar.ir/v8/postlist/w/search,200,ok,39
2900,measure,succeeded,2026-09-29T17:58:20.559Z,2026-09-29T17:58:23.610Z,"{""rows"": 24}",2026-09-29T17:58:23.549Z,http_post,https://api.divar.ir/v8/postlist/w/search,200,ok,53
2901,measure,succeeded,2026-09-29T17:58:23.619Z,2026-09-29T17:58:26.676Z,"{""rows"": 24}",2026-09-29T17:58:26.614Z,http_post,https://api.divar.ir/v8/postlist/w/search,200,ok,50
2902,measure,succeeded,2026-09-29T17:58:26.695Z,2026-09-29T17:58:29.721Z,"{""rows"": 24}",2026-09-29T17:58:29.678Z,http_post,https://api.divar.ir/v8/postlist/w/search,200,ok,35
2903,measure,succeeded,2026-09-29T17:58:29.731Z,2026-09-29T17:58:32.780Z,"{""rows"": 24}",2026-09-29T17:58:32.725Z,http_post,https://api.divar.ir/v8/postlist/w/search,200,ok,46
2904,measure,succeeded,2026-09-29T17:58:32.789Z,2026-09-29T17:58:35.843Z,"{""rows"": 24}",2026-09-29T17:58:35.786Z,http_post,https://api.divar.ir/v8/postlist/w/search,200,ok,43
2905,measure,succeeded,2026-09-29T17:58:35.866Z,2026-09-29T17:58:38.931Z,"{""rows"": 24}",2026-09-29T17:58:38.854Z,http_post,https://api.divar.ir/v8/postlist/w/search,200,ok,58
2906,measure,succeeded,2026-09-29T17:58:38.956Z,2026-09-29T17:58:41.990Z,"{""rows"": 24}",2026-09-29T17:58:41.933Z,http_post,https://api.divar.ir/v8/postlist/w/search,200,ok,50
2907,measure,succeeded,2026-09-29T17:58:42.004Z,2026-09-29T17:58:45.067Z,"{""rows"": 24}",2026-09-29T17:58:44.996Z,http_post,https://api.divar.ir/v8/postlist/w/search,200,ok,57
2908,measure,succeeded,2026-09-29T17:58:45.087Z,2026-09-29T17:58:48.133Z,"{""rows"": 24}",2026-09-29T17:58:48.070Z,http_post,https://api.divar.ir/v8/postlist/w/search,200,ok,57
2909,measure,succeeded,2026-09-29T17:58:48.140Z,2026-09-29T17:58:51.251Z,"{""rows"": 24}",2026-09-29T17:58:51.139Z,http_post,https://api.divar.ir/v8/postlist/w/search,200,ok,98
2910,measure,succeeded,2026-09-29T17:58:51.276Z,2026-09-29T17:58:54.333Z,"{""rows"": 24}",2026-09-29T17:58:54.252Z,http_post,https://api.divar.ir/v8/postlist/w/search,200,ok,65
2911,measure,succeeded,2026-09-29T17:58:54.352Z,2026-09-29T17:58:57.413Z,"{""rows"": 24}",2026-09-29T17:58:57.334Z,http_post,https://api.divar.ir/v8/postlist/w/search,200,ok,62
2912,measure,succeeded,2026-09-29T17:58:57.433Z,2026-09-29T17:59:00.478Z,"{""rows"": 24}",2026-09-29T17:59:00.414Z,http_post,https://api.divar.ir/v8/postlist/w/search,200,ok,49
2913,measure,succeeded,2026-09-29T17:59:00.502Z,2026-09-29T17:59:03.549Z,"{""rows"": 24}",2026-09-29T17:59:03.482Z,http_post,https://api.divar.ir/v8/postlist/w/search,200,ok,51
2914,measure,succeeded,2026-09-29T17:59:03.576Z,2026-09-29T17:59:06.601Z,"{""rows"": 24}",2026-09-29T17:59:06.550Z,http_post,https://api.divar.ir/v8/postlist/w/search,200,ok,43
2915,measure,succeeded,2026-09-29T17:59:06.612Z,2026-09-29T17:59:09.686Z,"{""rows"": 24}",2026-09-29T17:59:09.606Z,http_post,https://api.divar.ir/v8/postlist/w/search,200,ok,66
2916,measure,succeeded,2026-09-29T17:59:09.709Z,2026-09-29T17:59:12.747Z,"{""rows"": 24}",2026-09-29T17:59:12.688Z,http_post,https://api.divar.ir/v8/postlist/w/search,200,ok,52
2917,measure,succeeded,2026-09-29T17:59:12.765Z,2026-09-29T17:59:15.814Z,"{""rows"": 5}",2026-09-29T17:59:15.755Z,http_post,https://api.divar.ir/v8/postlist/w/search,200,ok,51
2918,measure,succeeded,2026-09-29T17:59:15.824Z,2026-09-29T17:59:18.873Z,"{""rows"": 24}",2026-09-29T17:59:18.819Z,http_post,https://api.divar.ir/v8/postlist/w/search,200,ok,42
2919,measure,succeeded,2026-09-29T18:00:16.918Z,2026-09-29T18:00:17.360Z,"{""rows"": 24}",2026-09-29T18:00:16.925Z,http_post,https://api.divar.ir/v8/postlist/w/search,200,ok,426
2920,measure,succeeded,2026-09-29T18:00:17.923Z,2026-09-29T18:00:20.443Z,"{""rows"": 24}",2026-09-29T18:00:20.370Z,http_post,https://api.divar.ir/v8/postlist/w/search,200,ok,57
2921,measure,succeeded,2026-09-29T18:00:20.460Z,2026-09-29T18:00:23.499Z,"{""rows"": 24}",2026-09-29T18:00:23.443Z,http_post,https://api.divar.ir/v8/postlist/w/search,200,ok,44
2922,measure,succeeded,2026-09-29T18:00:23.512Z,2026-09-29T18:00:26.568Z,"{""rows"": 24}",2026-09-29T18:00:26.501Z,http_post,https://api.divar.ir/v8/postlist/w/search,200,ok,55
2923,measure,succeeded,2026-09-29T18:00:26.578Z,2026-09-29T18:00:29.634Z,"{""rows"": 24}",2026-09-29T18:00:29.570Z,http_post,https://api.divar.ir/v8/postlist/w/search,200,ok,52
2924,measure,succeeded,2026-09-29T18:00:30.652Z,2026-09-29T18:00:32.701Z,"{""rows"": 24}",2026-09-29T18:00:32.636Z,http_post,https://api.divar.ir/v8/postlist/w/search,200,ok,55
2925,measure,succeeded,2026-09-29T18:00:32.712Z,2026-09-29T18:00:35.768Z,"{""rows"": 24}",2026-09-29T18:00:35.708Z,http_post,https://api.divar.ir/v8/postlist/w/search,200,ok,43
2926,measure,succeeded,2026-09-29T18:00:35.790Z,2026-09-29T18:00:38.825Z,"{""rows"": 24}",2026-09-29T18:00:38.769Z,http_post,https://api.divar.ir/v8/postlist/w/search,200,ok,42
2927,measure,succeeded,2026-09-29T18:00:38.847Z,2026-09-29T18:00:41.897Z,"{""rows"": 24}",2026-09-29T18:00:41.830Z,http_post,https://api.divar.ir/v8/postlist/w/search,200,ok,51
2928,measure,succeeded,2026-09-29T18:00:41.920Z,2026-09-29T18:00:44.970Z,"{""rows"": 11}",2026-09-29T18:00:44.901Z,http_post,https://api.divar.ir/v8/postlist/w/search,200,ok,54
2929,measure,succeeded,2026-09-29T18:00:44.989Z,2026-09-29T18:00:48.025Z,"{""rows"": 24}",2026-09-29T18:00:47.973Z,http_post,https://api.divar.ir/v8/postlist/w/search,200,ok,47
2930,measure,succeeded,2026-09-29T18:00:48.033Z,2026-09-29T18:00:51.123Z,"{""rows"": 24}",2026-09-29T18:00:51.032Z,http_post,https://api.divar.ir/v8/postlist/w/search,200,ok,75
2931,measure,succeeded,2026-09-29T18:00:51.146Z,2026-09-29T18:00:54.185Z,"{""rows"": 24}",2026-09-29T18:00:54.127Z,http_post,https://api.divar.ir/v8/postlist/w/search,200,ok,44
2932,measure,succeeded,2026-09-29T18:00:54.205Z,2026-09-29T18:00:57.263Z,"{""rows"": 24}",2026-09-29T18:00:57.188Z,http_post,https://api.divar.ir/v8/postlist/w/search,200,ok,66
2933,measure,succeeded,2026-09-29T18:00:57.272Z,2026-09-29T18:01:00.320Z,"{""rows"": 24}",2026-09-29T18:01:00.266Z,http_post,https://api.divar.ir/v8/postlist/w/search,200,ok,44
2934,measure,succeeded,2026-09-29T18:01:00.334Z,2026-09-29T18:01:03.383Z,"{""rows"": 24}",2026-09-29T18:01:03.325Z,http_post,https://api.divar.ir/v8/postlist/w/search,200,ok,49
2935,measure,succeeded,2026-09-29T18:01:03.399Z,2026-09-29T18:01:06.460Z,"{""rows"": 24}",2026-09-29T18:01:06.389Z,http_post,https://api.divar.ir/v8/postlist/w/search,200,ok,49
2936,measure,succeeded,2026-09-29T18:01:06.500Z,2026-09-29T18:01:09.544Z,"{""rows"": 24}",2026-09-29T18:01:09.459Z,http_post,https://api.divar.ir/v8/postlist/w/search,200,ok,67
2937,measure,succeeded,2026-09-29T18:01:09.566Z,2026-09-29T18:01:12.631Z,"{""rows"": 24}",2026-09-29T18:01:12.545Z,http_post,https://api.divar.ir/v8/postlist/w/search,200,ok,74
2938,measure,succeeded,2026-09-29T18:01:12.644Z,2026-09-29T18:01:15.698Z,"{""rows"": 24}",2026-09-29T18:01:15.637Z,http_post,https://api.divar.ir/v8/postlist/w/search,200,ok,50
2939,measure,succeeded,2026-09-29T18:01:15.710Z,2026-09-29T18:01:18.768Z,"{""rows"": 24}",2026-09-29T18:01:18.701Z,http_post,https://api.divar.ir/v8/postlist/w/search,200,ok,59
2940,measure,succeeded,2026-09-29T18:02:16.810Z,2026-09-29T18:02:16.925Z,"{""rows"": 24}",2026-09-29T18:02:16.814Z,http_post,https://api.divar.ir/v8/postlist/w/search,200,ok,96
2941,measure,succeeded,2026-09-29T18:02:17.810Z,2026-09-29T18:02:19.985Z,"{""rows"": 24}",2026-09-29T18:02:19.928Z,http_post,https://api.divar.ir/v8/postlist/w/search,200,ok,42
2942,measure,succeeded,2026-09-29T18:02:20.001Z,2026-09-29T18:02:23.058Z,"{""rows"": 24}",2026-09-29T18:02:22.986Z,http_post,https://api.divar.ir/v8/postlist/w/search,200,ok,55
2943,measure,succeeded,2026-09-29T18:02:23.079Z,2026-09-29T18:02:26.130Z,"{""rows"": 24}",2026-09-29T18:02:26.058Z,http_post,https://api.divar.ir/v8/postlist/w/search,200,ok,62
2944,measure,succeeded,2026-09-29T18:02:26.139Z,2026-09-29T18:02:29.199Z,"{""rows"": 24}",2026-09-29T18:02:29.133Z,http_post,https://api.divar.ir/v8/postlist/w/search,200,ok,56
2945,measure,succeeded,2026-09-29T18:02:29.208Z,2026-09-29T18:02:32.265Z,"{""rows"": 24}",2026-09-29T18:02:32.203Z,http_post,https://api.divar.ir/v8/postlist/w/search,200,ok,55
2946,measure,succeeded,2026-09-29T18:02:32.279Z,2026-09-29T18:02:35.339Z,"{""rows"": 24}",2026-09-29T18:02:35.270Z,http_post,https://api.divar.ir/v8/postlist/w/search,200,ok,52
2947,measure,succeeded,2026-09-29T18:02:35.366Z,2026-09-29T18:02:38.410Z,"{""rows"": 24}",2026-09-29T18:02:38.340Z,http_post,https://api.divar.ir/v8/postlist/w/search,200,ok,53
2948,measure,succeeded,2026-09-29T18:02:38.427Z,2026-09-29T18:02:41.499Z,"{""rows"": 16}",2026-09-29T18:02:41.415Z,http_post,https://api.divar.ir/v8/postlist/w/search,200,ok,61
2949,measure,succeeded,2026-09-29T18:02:41.524Z,2026-09-29T18:02:44.578Z,"{""rows"": 24}",2026-09-29T18:02:44.497Z,http_post,https://api.divar.ir/v8/postlist/w/search,200,ok,64
2950,measure,succeeded,2026-09-29T18:02:44.597Z,2026-09-29T18:02:47.755Z,"{""rows"": 4}",2026-09-29T18:02:47.579Z,http_post,https://api.divar.ir/v8/postlist/w/search,200,ok,163
2951,measure,succeeded,2026-09-29T18:02:47.772Z,2026-09-29T18:02:50.862Z,"{""rows"": 6}",2026-09-29T18:02:50.757Z,http_post,https://api.divar.ir/v8/postlist/w/search,200,ok,97
2952,measure,failed,2026-09-29T18:02:50.873Z,2026-09-29T18:02:53.870Z,"{""notSent"": 1}",,,,,,
